h2,ch4,c2h2,c2h4,c2h6,ch4/h2,c2h6/ch4,c2h4/c2h6,c2h2/c2h4
51.22768003457517,10.805262612087668,4.379113822210467,4.430149579684723,29.157793951441963,0.21092625324423936,2.6984808234853657,0.15193706310780875,0.9884799019635163
10.00107365256603,39.311788705175005,36.29482499463174,14.172213871591152,0.22009877603607472,3.9307568438003226,0.005598798306704901,64.39024390243902,2.5609848484848485
11.661868431014362,31.457400553957836,0.0002772925370778172,38.75430782186412,18.126145900626614,2.6974580222752214,0.5762124518055914,2.138033536435586,7.155141006579308e-06
75.1578378797211,10.810892692700763,4.7134324021834315,0.7067080475966463,8.611128977798069,0.14384251859402852,0.7965233975185122,0.0820691513759392,6.669560956908224
55.85803589433353,13.309134906231096,15.386166565839886,14.357733413994758,1.0889292196007259,0.23826714801444043,0.08181818181818182,13.185185185185185,1.071629213483146
47.75459593509084,11.267453771092779,26.227828993476738,14.518302873470269,0.231818426869373,0.23594490855723638,0.02057416267942584,62.627906976744185,1.8065354623096919
7.5117018229961365,46.009173665851335,0.0004694813639372585,30.046807291984546,16.43184773780405,6.125,0.35714285714285715,1.8285714285714285,1.5625e-05
33.90283441643788,28.412756708584357,24.762350135251047,12.763480639281354,0.15857810044537557,0.8380643446970427,0.005581228955424248,80.48703196364693,1.94009383765127
38.45865444699021,24.749010622786923,28.706519475109353,7.765048948135806,0.320766506977713,0.6435225303292894,0.012960781013297425,24.20779220779221,3.696888412017167
4.886120453447564,43.810711911252284,0.0001454960832848053,34.52296590783791,16.780056231378957,8.966359370109302,0.38301263547989023,2.0573808235087703,4.2144722928273275e-06
8.024726899055977,21.50770404828644,0.0006986307192623175,44.69656066219569,25.77030975974262,2.680178941767674,1.1981897138758422,1.7344207764246173,1.563052523307948e-05
16.635312038014966,39.60327324927464,0.011091949509956785,30.812746278747948,12.937576484452478,2.3806751059897984,0.3266794742702091,2.381647468192877,0.0003599792569481898
20.774574737412898,41.901260911053136,0.00035211143622733724,24.647800535913607,12.676011704184143,2.016949152542373,0.3025210084033613,1.9444444444444444,1.4285714285714285e-05
64.90384615384616,12.980769230769232,6.25,4.326923076923077,11.538461538461538,0.2,0.8888888888888888,0.375,1.4444444444444444
9.367192602082596,54.64673475925448,21.779969776498145,14.079770222540041,0.1263326396247497,5.833843402248923,0.0023118058230067466,111.4499804987981,1.5468980979271238
92.15537170528381,3.87573450669231,0.0004322347680899204,3.0937744936516296,0.8746870596041654,0.04205652296739736,0.22568291457885606,3.537007275552584,0.00013971114215882848
55.08112724167379,7.344150298889837,27.070879590093938,9.393680614859095,1.1101622544833476,0.13333333333333333,0.1511627906976744,8.461538461538462,2.881818181818182
14.221781978408094,28.928527729389447,0.0005795160776384407,33.345812540476636,23.503298235648177,2.0341000708145813,0.8124609193910136,1.4187716211633656,1.7378976053889773e-05
60.06775247897684,3.955274318143794,29.794517882178777,4.403767795885007,1.778687524815591,0.06584688380888071,0.44970016786353445,2.475852410524764,6.765687761743373
3.1927437443831903,23.642635769776742,0.0001604428018299653,2.0606620621984826,71.10379798083976,7.405115368676194,3.0074395542536916,0.028981040685812122,7.78598319312929e-05
40.95199093341968,18.095065761278466,38.09487528690203,0.0009523718821725508,2.8571156465176517,0.4418604651162791,0.15789473684210525,0.0003333333333333333,40000.0
52.57623554153522,10.199789695057834,12.723449001051526,4.206098843322819,20.294426919032595,0.194,1.9896907216494846,0.20725388601036268,3.025
2.2824529864613448,17.660479982744654,2.8530662330766807e-05,70.75604258030168,9.30099591982998,7.7375,0.5266558966074314,7.607361963190184,4.032258064516129e-07
16.666111129629012,24.99916669444352,58.33138895370155,0.0016666111129629013,0.0016666111129629013,1.5,6.666666666666667e-05,1.0,35000.0
2.9217719132893496,5.937794533459001,0.6597549481621112,67.29500471253534,23.185673892554195,2.032258064516129,3.9047619047619047,2.902439024390244,0.00980392156862745
23.374389702618732,34.781402574345314,20.633599644917886,20.783399911229473,0.427208166888593,1.4880132921908378,0.012282660711437231,48.64935064935065,0.9927923117992524
6.645548590036109,4.430365726690739,0.0003164546947636242,28.480922528726175,60.44284669985222,0.6666666666666666,13.642857142857142,0.4712041884816754,1.1111111111111112e-05
38.585084935418216,9.967813608316373,30.224983199410936,21.22179671448002,0.0003215423744618185,0.25833333333333336,3.2258064516129034e-05,66000.0,1.4242424242424243
67.20904395270017,8.185841086453301,12.178432253157418,6.712415249682562,5.714267458006533,0.12179671968275974,0.6980672355664268,1.174676421608071,1.8143144904113837
47.386089594049295,6.214350116355296,35.74798605111195,9.363776615720935,1.2877976227625112,0.1311429191476413,0.2072296537289087,7.271155382034552,3.817688900341163
43.454398399819695,4.757750416439108,0.00028053770742144366,0.4568029881111214,51.33076765792267,0.10948835081465193,10.788873556831232,0.008899204297027808,0.0006141328203247224
12.319129373158502,46.55355043309483,0.330311600687574,32.420788780995466,8.376219812063644,3.778964326369352,0.17992655198450785,3.8705752127352513,0.010188265403375911
43.08176100628931,10.377358490566039,34.90566037735849,9.119496855345911,2.515723270440252,0.24087591240875914,0.24242424242424243,3.625,3.8275862068965516
5.104849540567754,10.399364138551993,0.00037681411374640927,2.469666745429448,82.02574276133706,2.037153897663239,7.8875729004675765,0.03010843501430052,0.0001525769071652157
23.48977523640781,19.462956624452186,0.0006711364353259374,52.34864195542311,4.697955047281561,0.8285714285714286,0.2413793103448276,11.142857142857142,1.2820512820512822e-05
66.69856459330144,3.5816814764183182,24.976076555023923,4.5386192754613806,0.2050580997949419,0.053699528591924575,0.05725190839694656,22.133333333333333,5.503012048192771
49.09489851892485,15.907844212835984,16.977509599561163,9.215578716401536,8.804168952276466,0.3240223463687151,0.553448275862069,1.0467289719626167,1.8422619047619047
12.202290161531534,33.85391477741981,0.0007440420830202156,2.827359915476819,51.115691103488814,2.774390243902439,1.5098901098901099,0.05531295487627365,0.0002631578947368421
48.71965232031052,5.027439803786585,25.509482205278484,20.37412150434996,0.36930416627445234,0.10319120856473596,0.07345770027843963,55.16894572266676,1.2520531106007244
11.59386684443929,1.4492333555549113,0.0014492333555549111,86.95400133329467,0.0014492333555549111,0.125,0.001,60000.0,1.6666666666666667e-05
40.424794131260114,21.6499047940378,14.735233526860544,23.174807125319237,0.015260422522290996,0.5355600506891914,0.0007048725002473724,1518.6215906845075,0.6358298236174669
13.26160121289888,44.08586349152871,0.0003584216544026724,18.637926028938967,24.014250844979053,3.324324324324324,0.5447154471544715,0.7761194029850746,1.923076923076923e-05
4.533671793126449,20.764954403665996,0.8113815037215538,55.67399764081551,18.21599465867048,4.580162691782846,0.8772470338511552,3.056324877341557,0.014573796352046342
82.09250539446495,15.211391531286326,4.442692186820026e-06,0.05309426378474095,2.6430043677717947,0.18529573994841123,0.17375164936986495,0.020088602361827527,8.367555871632288e-05
37.5510427425257,6.019110676397562,0.0006839898495906322,1.7099746239765803,54.71918796725057,0.1602914389799636,9.09090909090909,0.03125,0.0004
11.801168936838902,29.81347941938249,0.0006211141545704685,11.180054782268432,47.20467574735561,2.526315789473684,1.5833333333333333,0.23684210526315788,5.555555555555556e-05
0.001999920003199872,0.001999920003199872,69.99720011199551,9.99960001599936,19.99920003199872,1.0,10000.0,0.5,7.0
83.2831312648796,2.9531093104513557,0.0007561811655432859,6.161163939745206,7.601839303758269,0.03545867291011281,2.574181482837287,0.8104833177280125,0.0001227334920704216
61.696658097686374,5.141388174807198,24.67866323907455,7.197943444730077,1.2853470437017995,0.08333333333333333,0.25,5.6,3.4285714285714284
9.631700760054505,23.51268126719188,0.0002832853164721913,38.52680304021802,28.32853164721913,2.4411764705882355,1.2048192771084338,1.36,7.3529411764705884e-06
48.93905191873589,8.487584650112867,34.71783295711061,7.494356659142213,0.3611738148984198,0.17343173431734318,0.0425531914893617,20.75,4.632530120481928
2.980446601914567,41.848291475785174,0.09142837167750545,42.88933771797133,12.190495832651417,14.040946564485619,0.2913021153971183,3.5182603158023436,0.0021317272903282783
16.037002487562184,24.471393034825866,36.085199004975124,22.706778606965173,0.6996268656716418,1.5259331071255453,0.028589580686149935,32.455555555555556,1.5891817870592264
6.66663888900463,33.333194445023146,0.00041666493056278934,4.166649305627893,55.833100695413776,5.0,1.675,0.07462686567164178,0.0001
15.676651623019719,36.84275829367768,1.8877198001174575,39.61255165212405,5.980318631061103,2.3501675727473263,0.16232005713012376,6.623819581515423,0.0476545872807019
4.7244373837492395,27.84658092184136,1.464199664488173,22.566485657733224,43.398296372188,5.894158110260052,1.5584784535665819,0.5199855188830652,0.06488381428529665
8.47457627118644,28.22910578609001,1.6656925774400935,52.893045002922264,8.737580362361193,3.331034482758621,0.30952380952380953,6.053511705685619,0.03149171270718232
41.649312786339024,20.824656393169512,20.824656393169512,16.659725114535608,0.04164931278633903,0.5,0.002,400.0,1.25
90.07781838294304,9.922178698769104,9.727626175263827e-07,9.727626175263827e-07,9.727626175263827e-07,0.1101511879049676,9.80392156862745e-08,1.0,1.0
3.1140357143485136,6.59864588204826,0.0007661858935959631,52.66880855124452,37.6177436664651,2.119001349805893,5.700827766618738,1.4001054666709556,1.4547241805375126e-05
2.016644877485898,29.41150242163968,0.11379612616023939,51.98100742851316,16.477049146201008,14.58437365447618,0.5602246668663186,3.1547522233674976,0.002189186623917157
38.15156836121242,9.004717998298583,0.00023696626311312059,3.080561420470568,49.762915253755324,0.2360248447204969,5.526315789473684,0.06190476190476191,7.692307692307693e-05
0.22197399559772588,24.44379478767021,0.00012873792009404178,1.8178164159554593,73.51628606285652,110.12008285857354,3.007564361485277,0.024726717212036852,7.082008885169852e-05
13.880431732085377,28.267448563881903,0.00010131701994222905,51.165095070825664,6.686923316187117,2.0364963503649633,0.23655913978494625,7.651515151515151,1.9801980198019803e-06
49.320646164936875,5.30307253255662,25.285617639104853,19.75552415989292,0.3351395035087546,0.10752236527522809,0.06319723168998091,58.94716663676404,1.2799264364971374
28.4403017424272,38.07330717131383,0.00022935727211634838,13.532079054864553,19.954082674122308,1.3387096774193548,0.5240963855421686,0.6781609195402298,1.694915254237288e-05
7.460279166939126,17.29096821063905,1.3619358864718172,61.33613787084472,12.550678865105288,2.3177374229191683,0.7258517112640873,4.887077307138969,0.0222044610852356
32.79508832376899,33.544656177388234,18.98336547734252,14.349662311526117,0.3272277099741308,1.0228561010788917,0.009754987746593996,43.85222239479823,1.322913742861702
26.269031924680093,15.317879062898577,7.123931556722331,7.3537325746390065,43.93542488106,0.5831154763075692,2.8682446636803633,0.16737592943613722,0.9687504249598093
8.710076336518991,25.37997877620154,0.0001508368305015502,56.27792551410541,9.631868536343553,2.9138641035544275,0.37950656386581477,5.842887628890917,2.6802130519850936e-06
59.64451866873435,14.314684480496243,13.121794107121557,11.92890373374687,0.9900990099009901,0.24,0.06916666666666667,12.048192771084338,1.1
18.190128392759036,30.101430741316985,0.00046167838560302123,3.739594923384472,47.968384264153904,1.6548223350253808,1.593558282208589,0.07795957651588065,0.0001234567901234568
15.253346468350312,31.67450992757443,0.7743351691835398,49.31149579261264,2.9863126422790898,2.076561362668641,0.09428125799286126,16.512502774987137,0.01570293410770036
52.373191453328715,9.017977440374777,30.41387530086121,5.814520819657823,2.38043498577747,0.17218689925380928,0.2639655068463491,2.442629542246772,5.230676137238601
88.46100447737892,11.029311011328055,0.0008162254926147325,0.16983843996237777,0.3390298458380164,0.12467992056486821,0.03073898682245912,0.5009542435491776,0.004805893723444121
58.75575359956756,16.474652479878745,11.635943359914359,13.133639039903336,1.1520735999915207e-05,0.2803921568627451,6.993006993006994e-07,1140000.0,0.8859649122807017
11.436170212765957,52.49071259709558,22.454407294832826,13.508949679162447,0.10976021614319488,4.589885566629753,0.002091040694868908,123.07692307692307,1.6621875
20.27286400921515,34.72202062840298,0.691733879405594,38.34596370686376,5.967417776112508,1.712733860031808,0.17186262976962513,6.425888909665774,0.018039287907680793
45.51752241238794,7.905460472697635,1.5484922575387121,2.6079869600651997,42.42053789731051,0.17367949865711726,5.3659793814432994,0.06147934678194045,0.5937499999999999
4.807669193898106,26.922947485829397,0.0004807669193898107,33.65368435728674,34.615218196066365,5.6,1.2857142857142858,0.9722222222222222,1.4285714285714285e-05
17.508350201942577,45.37401822452124,0.0004844333159271055,27.728166365445105,9.388980774775149,2.5915644650223486,0.20692416369906408,2.9532669232789166,1.7470802415943638e-05
28.744049798608568,13.456609300622482,31.85646283412669,24.35005492493592,1.5928231417063348,0.4681528662420382,0.11836734693877551,15.28735632183908,1.3082706766917294
0.8130081300813009,6.504065040650407,4.878048780487805,81.30081300813008,6.504065040650407,8.0,1.0,12.5,0.06
20.913210177762288,13.942140118508192,24.398745207389336,38.34088532589753,2.4050191704426633,0.6666666666666666,0.17250000000000001,15.942028985507246,0.6363636363636364
12.58838170183805,3.5987538463904243,0.0013352881675932067,83.33379391493581,0.4777352486681233,0.28587898997890765,0.1327501877204786,174.4350958972817,1.6023369450288337e-05
8.28056379020641,23.224192480513004,0.035523203940946387,58.489514293600294,9.970206231739336,2.8046631931005384,0.42930260073004284,5.866429734161738,0.00060734311730869
0.010147305044901824,5.056740347376076,0.11331157300140371,44.10018772514333,50.71961304943429,498.3333333333333,10.03010033444816,0.8694898299433145,0.0025694124865776958
78.87990145533911,17.7479778274513,4.929993840958694e-06,0.06901991377342172,3.303095873442325,0.225,0.18611111111111112,0.020895522388059702,7.142857142857143e-05
36.01822103509794,26.62209428870032,20.19534945079446,16.816540689765915,0.3477945356413726,0.7391285167237559,0.013064131314003838,48.351940489100286,1.2009217486141364
11.109419087701976,27.84980407357096,0.0006657425601128662,9.75937005894801,51.28074103721894,2.506864117170666,1.8413322011799564,0.19031257859290251,6.821573073791492e-05
37.5,17.602040816326532,22.193877551020407,19.047619047619047,3.6564625850340136,0.46938775510204084,0.20772946859903382,5.209302325581396,1.1651785714285714
11.313104891446507,21.841485744179963,2.4653413549568404,53.13235678786293,11.247711221553754,1.930635838150289,0.5149700598802395,4.723837209302325,0.046400000000000004
87.01528184643897,6.337286516749964,0.0001252410871827496,2.0639556157111465,4.583350780012753,0.07282958099169005,0.7232355311533705,0.4503158747333329,6.068012617587085e-05
47.84968197467468,22.115889595611833,1.6163855984127908,26.959211063780124,1.4588317675205695,0.46219512195121953,0.06596306068601583,18.48,0.05995670995670996
30.022234512025825,4.514621731131703,56.43277163914628,9.029243462263405,0.0011286554327829257,0.15037593984962405,0.00025,8000.0,6.25
7.1748557181357935,30.49313680207712,0.00044842848238348706,6.726427235752305,55.6051318155524,4.25,1.8235294117647058,0.12096774193548387,6.666666666666667e-05
83.9851708445087,8.152687866435675,3.98128421012395,0.1961751185086538,3.6846819604230268,0.09707294495512399,0.4519591600694944,0.05324071944763764,20.294542143724126
33.68983957219251,11.76470588235294,40.64171122994652,5.88235294117647,8.02139037433155,0.3492063492063492,0.6818181818181818,0.7333333333333333,6.909090909090909
4.4303517066347675,9.493610799931645,0.0006329073866621097,36.70862842640236,49.36677615964456,2.142857142857143,5.2,0.7435897435897436,1.7241379310344828e-05
45.82655826558265,11.192411924119238,24.742547425474253,16.802168021680213,1.4363143631436313,0.244234180958013,0.12832929782082325,11.69811320754717,1.4725806451612904
29.68222792969733,61.9781437276527,3.7870776048748547,4.245354283124338,0.30719645465075285,2.0880556498133696,0.004956528804745267,13.819672131147541,0.8920521945432978
30.282093033490305,28.99705144567179,29.467939972714873,11.046076662412537,0.2068388857105136,0.9575643075134428,0.0071331006222492025,53.404255319148945,2.6677290836653382
16.74226135805555,38.32618803635608,0.9301095378270641,35.381331574713535,8.620109493047774,2.289188253408516,0.22491434537843344,4.104510691337391,0.026288143957018235
11.256529768940094,36.25649704646984,0.00013088988103418715,44.24077978955525,8.24606250515379,3.2209302325581395,0.22743682310469315,5.365079365079365,2.9585798816568047e-06
75.54591034982218,8.340169313185426,6.272994967355884,5.113681582323629,4.727243787312878,0.1103986870310453,0.5668042949487035,1.0817469570847784,1.2267081683458025
48.464607367505494,4.190956160638918,28.35229195271825,18.661202407855438,0.33094211128189216,0.08647457161592248,0.07896577740184224,56.388116748188835,1.5193175301921247
11.557917479377581,23.774868959672553,54.250657031956074,9.487665494056904,0.9288910349368956,2.0570201337821703,0.039070290419371004,10.213970355200434,5.718019576674454
77.36226693352998,3.939745075318656,12.788370378173392,5.86748130201201,0.042136310965974935,0.05092592592592593,0.0106951871657754,139.25,2.179533213644524
35.20236945348853,33.959975519813156,0.02004216745118612,22.072077732214495,8.745535127032623,0.9647070935007117,0.25752477712860083,2.523810997452776,0.0009080326598313082
19.710566575107606,48.90260979563828,0.0003466088687842273,18.446034734551425,12.940442285833889,2.4810352157708744,0.2646165989895302,1.42545628094525,1.8790426981848368e-05
53.792851932895694,13.676148796498905,20.97009482129832,10.940919037199125,0.6199854121079504,0.2542372881355932,0.04533333333333334,17.647058823529413,1.9166666666666667
30.62200956937799,8.61244019138756,58.3732057416268,1.9138755980861244,0.4784688995215311,0.28125,0.05555555555555555,4.0,30.5
21.062992125984252,28.1496062992126,0.39370078740157477,43.7007874015748,6.692913385826772,1.3364485981308412,0.23776223776223776,6.529411764705882,0.009009009009009009
43.07447800045301,5.198643896606399,0.0003713317069004571,1.9680580465724222,49.75844872466124,0.1206896551724138,9.571428571428571,0.03955223880597015,0.00018867924528301889
36.68791068878404,40.543219559890545,13.475099719876315,9.06358975831865,0.23018027313044076,1.105083903627282,0.005677404893570869,39.3760491942001,1.4867287773598468
27.346177750155377,5.531385954008701,47.047855811062774,18.89372280919826,1.1808576755748912,0.20227272727272727,0.21348314606741572,16.0,2.4901315789473686
61.33653598696063,12.353092562408854,15.098224242944152,10.380029167024105,0.832118040662263,0.2013986013986014,0.06736111111111111,12.474226804123711,1.4545454545454546
45.073652641792364,30.801799417835408,20.216988621328394,3.876686954220693,0.030872364823145454,0.6833659491193738,0.0010022909507445591,125.57142857142854,5.215017064846418
6.414091060152876,34.23064140910601,0.19940179461615157,6.314390162844799,52.841475573280164,5.336787564766839,1.5436893203883495,0.11949685534591195,0.031578947368421054
11.462114701814965,47.03432400128483,0.28909260700980377,32.48545268872268,8.729016001167727,4.103459546940076,0.1855882100257097,3.72154807419037,0.00889914047927558
6.129765984022955,17.58176951094102,1.241727536344473,66.55637252515155,8.490364443540015,2.868261130484811,0.4829072772371698,7.839047777953946,0.018656779046592818
33.15307820299501,29.04742096505824,26.381031613976706,11.32695507487521,0.09151414309484193,0.8761606022584693,0.003150508377488186,123.77272727272728,2.329048843187661
26.601398082468304,47.24469428635584,20.00007525095906,5.132365504046075,1.0214668761707144,1.7760229796903995,0.021620774387478926,5.024505075765493,3.896853260975294
69.45775766047339,6.591638503909633,15.594570971844334,1.8054624734869074,6.550570390285721,0.09490140087923919,0.9937696653723419,0.2756191241245722,8.637438440759384
16.321686289403726,33.41245727307254,45.14812001519179,4.215723509304976,0.9020129130269654,2.0471204188481673,0.026996305768684285,4.673684210526316,10.709459459459458
28.558694459681846,50.47312122874382,16.90208447613823,3.572408118486012,0.4936917169500822,1.7673469387755103,0.009781279717429698,7.236111111111112,4.731285988483685
29.37675485447971,44.438855863816244,19.322249315963994,5.82712887710364,1.0350110886364279,1.5127217449288715,0.023290678135554167,5.630015891695007,3.3159124713864356
70.83291170885887,4.761876417402277,12.499925595680978,0.0005952345521752846,11.904691043505693,0.06722689075630252,2.5,5e-05,21000.0
37.1900826446281,36.15702479338843,0.8264462809917356,10.330578512396695,15.495867768595042,0.9722222222222222,0.42857142857142855,0.6666666666666666,0.08
23.662616026187166,32.11066768306354,23.792655037890675,20.075332944711,0.3587283081476167,1.3570210346787948,0.011171624074849881,55.9625,1.1851686397140941
17.662291786255103,20.25968763717497,0.0002597395850919868,35.32458357251021,26.753177264474637,1.1470588235294117,1.3205128205128205,1.3203883495145632,7.3529411764705884e-06
20.73170731707317,12.804878048780488,34.146341463414636,29.878048780487802,2.4390243902439024,0.6176470588235294,0.19047619047619047,12.25,1.1428571428571428
3.553999575641842,17.812433694037768,29.36558455336304,48.705707617228946,0.5622745597284109,5.011940298507462,0.03156640857653365,86.62264150943395,0.6029187540840776
6.0182283473825615,8.130663012587243,0.8965595053157976,82.69277680787656,2.2617723268378356,1.3510060674456494,0.27817809240603625,36.56105251030665,0.010842053440759527
58.94817340322144,1.4869809507118918,14.604277194491797,0.0005310646252542472,24.960037386949615,0.025225225225225224,16.78571428571429,2.1276595744680852e-05,27500.0
7.60300252092772,31.05111593042681,0.00014993666944223573,53.019088005618066,8.326643606357964,4.084059665238405,0.2681592386249389,6.367402102467116,2.8279752648017628e-06
18.319296942358083,37.98312944011859,0.0001680669444253035,32.26885332965827,11.428552220920638,2.073394495412844,0.3008849557522124,2.823529411764706,5.208333333333333e-06
35.587666209876986,45.21854729576778,0.4334813408956,8.286631606009172,10.47367354745047,1.2706241266031049,0.2316233973405588,0.791186737725497,0.0523109221581969
11.337209302325581,23.401162790697676,1.4534883720930232,51.30813953488372,12.5,2.0641025641025643,0.5341614906832298,4.104651162790698,0.028328611898016998
21.065694148928024,41.41698770189961,13.420996219225673,23.612873418850956,0.48344851109574527,1.966087013752984,0.011672710593425695,48.84258173705391,0.5683762404160113
17.42639640465927,2.61395946069889,70.89791800421902,8.777400715399432,0.28432541502338804,0.15,0.10877192982456141,30.870967741935484,8.077324973876697
11.768624634058408,40.37263344390811,0.0006591559618613908,34.145958791887374,13.712123974184259,3.4305311537483894,0.3396390773773838,2.490202018022429,1.9304069505817992e-05
9.844534081517924,9.844534081517924,0.00025906668635573485,3.626933608980288,76.68373916129751,1.0,7.7894736842105265,0.0472972972972973,7.142857142857143e-05
46.8095430627343,6.051637049099938,0.0003173923325397568,0.0003173923325397568,47.138185103500675,0.12928212183121537,7.789327866335201,6.733231918939238e-06,1.0
36.998327759197316,9.531772575250836,3.1354515050167224,5.016722408026755,45.31772575250836,0.2576271186440678,4.754385964912281,0.11070110701107011,0.625
14.219577592536318,32.66362331816559,0.00024416378926896034,37.14256043819386,15.973994487314949,2.2970881593072305,0.4890453925370597,2.3251892610636,6.573692992308779e-06
8.738293734167655,55.30209221212387,21.57496369544154,14.25328026520995,0.13137009305698588,6.3287060259701295,0.002375499511900666,108.49714675186495,1.5136840989580962
61.49248096646323,8.135657207575662,21.411942364563018,8.343295790599637,0.6166236707984648,0.13230328455950066,0.07579273008507348,13.53061224489796,2.5663650075414783
20.77562326869806,4.1551246537396125,69.25207756232687,3.8781163434903045,1.9390581717451523,0.2,0.4666666666666667,2.0,17.857142857142858
81.44718278856736,6.350334642033448,0.00024362535254316596,3.757577159284664,8.444661784762003,0.07796874519918738,1.3297979178712902,0.44496479019029933,6.483575511980846e-05
2.87256799429561,6.203524498319243,70.84649078129776,19.09952123866762,0.9778954874197822,2.1595744680851063,0.15763546798029557,19.53125,3.7093333333333334
6.8965279430070945,16.551667063217025,0.0003448263971503547,64.13770986996597,12.413750297412768,2.4,0.75,5.166666666666667,5.376344086021506e-06
86.41170613225874,5.944785679860553,0.000212313774280734,4.458589259895414,3.1847066142110103,0.0687960687960688,0.5357142857142857,1.4,4.761904761904762e-05
24.72642291811178,29.978052564436403,0.00021881790193019272,7.439808665626553,37.85549703392334,1.2123893805309736,1.2627737226277371,0.19653179190751446,2.9411764705882354e-05
39.726027397260275,15.52511415525114,27.397260273972602,6.8493150684931505,10.50228310502283,0.39080459770114945,0.6764705882352942,0.6521739130434783,4.0
20.634775903406418,50.555443289348375,0.0003237017652301119,16.645275982066334,12.164181123413623,2.4500117435732656,0.24061071037975684,1.3683844241703618,1.94470650759332e-05
80.63825193741197,7.24708435690638,0.0004386598054281096,4.237730371985093,7.876494673891125,0.08987154585805336,1.0868501435870448,0.5380223751096096,0.00010351291066746816
15.298732649366325,31.774290887145444,0.5129752564876282,43.45202172601086,8.96197948098974,2.076923076923077,0.28205128205128205,4.848484848484849,0.011805555555555555
85.75186576271008,6.992075208344052,0.0001319259473272463,2.6385189465449255,4.617408156453619,0.08153846153846153,0.660377358490566,0.5714285714285714,5e-05
10.490693739424705,5.499153976311336,12.690355329949238,58.37563451776649,12.944162436548224,0.5241935483870968,2.353846153846154,4.509803921568627,0.21739130434782608
14.007911339553708,11.954915841423277,0.0006482596384204523,2.398961933485919,71.63756262589868,0.8534402846815963,5.992310073624906,0.033487486809310255,0.00027022506250379285
12.395367573722963,39.27120567720773,0.017793367011478503,37.51602887867297,10.799604503384872,3.1682163069096125,0.27500058419782,3.473833589638814,0.0004742870592466581
0.9746587727763983,1.7946819653222892,0.770460110348865,65.07527743350401,31.38492171804843,1.8413438789556935,17.4877344980799,2.073456738816123,0.011839520947661662
69.5964207612828,10.876001122096628,11.79744403854977,5.090883588713036,2.639250489357768,0.1562724203792253,0.24266736089201363,1.92891262471712,2.317366687524697
53.431372549019606,9.313725490196079,28.921568627450984,5.88235294117647,2.450980392156863,0.1743119266055046,0.2631578947368421,2.4,4.916666666666667
2.221750720904977,7.1166412144760045,0.550060096141812,66.853320000571,23.258227967906205,3.2031681806216366,3.268146765723765,2.8743943903560165,0.008227865065446469
27.647610121836923,9.372071227741332,4.170571696344892,2.5773195876288657,56.23242736644798,0.3389830508474576,6.0,0.04583333333333333,1.6181818181818182
38.01356844668341,22.945126900250344,0.0003424645806007514,3.0821812254067624,35.958780963078894,0.6036036036036037,1.5671641791044777,0.08571428571428572,0.00011111111111111112
51.378817443821504,7.858511799235936,30.1616115189367,5.8606412209497805,4.740418017056084,0.15295236811996635,0.603220830885179,1.2363131689785836,5.146469538370527
32.388663967611336,8.023555391976444,15.2741994847258,15.163783584836219,29.149797570850204,0.24772727272727274,3.63302752293578,0.5202020202020202,1.0072815533980581
11.046511627906977,28.68217054263566,8.13953488372093,13.953488372093023,38.17829457364341,2.5964912280701755,1.3310810810810811,0.36548223350253806,0.5833333333333334
16.845578087008768,37.524949729890224,0.0003183916974042949,30.651650826380607,14.977502965023007,2.2275845646893706,0.39913452443862407,2.0465127530244174,1.0387424129543727e-05
24.766751484308735,29.34690415606446,16.62425784563189,26.547921967769295,2.7141645462256148,1.1849315068493151,0.09248554913294797,9.78125,0.6261980830670927
20.072992700729927,31.02189781021898,1.2773722627737227,43.79562043795621,3.832116788321168,1.5454545454545454,0.12352941176470589,11.428571428571429,0.029166666666666667
83.52621842859882,7.636363990010363,4.70411090413364,2.15703612895287,1.976270548304308,0.09142475421101696,0.2587973217213846,1.091468033465187,2.1808215639008535
32.72727272727273,36.36363636363637,0.12121212121212122,2.909090909090909,27.878787878787882,1.1111111111111112,0.7666666666666667,0.10434782608695652,0.04166666666666667
13.532012844249799,30.336402573410087,0.0005618825045191662,32.932551774597876,23.198470925237704,2.2418248432494674,0.764707379825293,1.419600105572925,1.706161454978923e-05
89.73866256725596,9.559953881629516,0.06725595695618755,0.05764796310530361,0.5764796310530361,0.10653104925053533,0.06030150753768844,0.1,1.1666666666666667
52.0,13.333333333333334,18.666666666666668,8.666666666666668,7.333333333333333,0.2564102564102564,0.55,1.1818181818181819,2.1538461538461537
1.048951048951049,1.7482517482517483,1.048951048951049,64.6853146853147,31.46853146853147,1.6666666666666667,18.0,2.0555555555555554,0.016216216216216217
69.26819774231218,3.639548462436746,22.187621642662513,4.476449980537174,0.42818217205138187,0.05254284911491992,0.11764705882352941,10.454545454545455,4.956521739130435
11.875723856683921,40.54588994040602,0.0006568588935821903,34.07470506694118,13.503024277075287,3.4141826157052226,0.3330306548190682,2.5234869143197343,1.9277023595413772e-05
30.261768222025847,36.75621114706706,0.00023109648058307903,15.285102668284711,17.696686866141796,1.2146088383663673,0.48146112762642274,0.863726797219255,1.5119066296007587e-05
1.3333244445037034,81.99945333697775,0.0006666622222518516,11.99992000053333,4.666635555762961,61.5,0.056910569105691054,2.5714285714285716,5.555555555555556e-05
9.141274238227147,55.0415512465374,2.613111726685134,32.67774699907664,0.5263157894736842,6.021212121212121,0.009562154001006542,62.087719298245624,0.07996609211641707
47.61904761904761,14.814814814814813,16.93121693121693,16.402116402116402,4.232804232804233,0.3111111111111111,0.2857142857142857,3.875,1.032258064516129
28.588290840415485,32.82184450739692,20.239219389361036,17.89423984891407,0.4564054139124961,1.1480869804569227,0.013905538240230159,39.206896551724135,1.131046613896218
5.021606517022596,18.292433059315716,0.0007070202379477334,12.881083997625023,63.80416940579872,3.642745204608672,3.488008905043138,0.20188467489797543,5.488825614972247e-05
67.13220123789874,10.950642755118235,18.727186160926838,3.1106173623234405,0.07935248373274084,0.16312056737588654,0.007246376811594203,39.2,6.020408163265306
47.55222949797318,3.4507847417108404,28.339049994803034,20.585178255898555,0.07275750961438521,0.07256830601092897,0.021084337349397592,282.9285714285714,1.3766725574349912
30.927835051546392,14.432989690721648,44.329896907216494,9.278350515463918,1.0309278350515463,0.4666666666666667,0.07142857142857142,9.0,4.777777777777778
7.189495493493506,8.496676492310508,0.0006535904994085006,83.00599342487958,1.3071809988170011,1.1818181818181819,0.15384615384615385,63.5,7.874015748031496e-06
80.85874329106804,3.671846313700674,0.0007812438965320584,2.734353637862204,12.734275513472552,0.045410628019323676,3.4680851063829787,0.21472392638036808,0.00028571428571428574
37.90613718411552,7.761732851985561,33.754512635379065,18.4115523465704,2.166064981949458,0.20476190476190476,0.27906976744186046,8.5,1.8333333333333333
5.867850098619329,33.03747534516766,0.9368836291913214,46.0552268244576,14.102564102564102,5.630252100840337,0.42686567164179107,3.265734265734266,0.020342612419700215
20.916536925472144,33.98091112164083,17.193528734854127,25.722602044269955,2.186421173762946,1.6245954692556634,0.06434262948207171,11.764705882352942,0.6684210526315789
2.5383108530731135,6.311808541367291,0.6355422274830841,67.39033067735922,23.124007700717286,2.4866176393350843,3.6636104452731177,2.914301515098909,0.009430762857149829
73.17073170731707,12.195121951219512,4.878048780487805,4.878048780487805,4.878048780487805,0.16666666666666666,0.4,1.0,1.0
84.17266187050359,12.23021582733813,0.7194244604316548,2.158273381294964,0.7194244604316548,0.1452991452991453,0.058823529411764705,3.0,0.3333333333333333
9.165902841429881,18.331805682859763,1.008249312557287,61.4115490375802,10.082493125572869,2.0,0.55,6.090909090909091,0.016417910447761194
87.19790725022598,12.799692807372622,0.000799980800460789,0.000799980800460789,0.000799980800460789,0.14678899082568808,6.25e-05,1.0,1.0
3.140092825974848,48.06757479761498,0.0001207728009990326,38.526523518691405,10.265688084917771,15.307692307692308,0.2135678391959799,3.7529411764705882,3.134796238244514e-06
43.17180616740088,16.85022026431718,25.991189427312776,4.955947136563877,9.030837004405285,0.3903061224489796,0.5359477124183006,0.5487804878048781,5.2444444444444445
8.910846976005068,14.851411626675116,0.0004950470542225039,3.9603764337800307,72.27686991648557,1.6666666666666667,4.866666666666666,0.0547945205479452,0.000125
21.533859782124537,52.212235362137584,0.0002949843805770485,15.33918779000652,10.914422081350793,2.4246575342465753,0.20903954802259886,1.4054054054054055,1.923076923076923e-05
11.30019117506276,23.456850775295464,0.5170127537224717,56.101255960586286,8.62468933533302,2.075792383677543,0.3676831735834063,6.504727739091379,0.009215707293357158
23.944508670520236,22.640462427745668,30.876300578034684,22.40462427745665,0.13410404624277458,0.9455388180764774,0.005923202614379085,167.0689655172414,1.3781217750257997
20.40802443520792,34.69364153985347,0.0006802674811735974,36.73444398337426,8.16320977408317,1.7,0.23529411764705882,4.5,1.8518518518518518e-05
0.0007999872002047968,4.799923201228781,0.0007999872002047968,53.59914241372138,41.59933441064943,6000.0,8.666666666666666,1.2884615384615385,1.4925373134328359e-05
75.99012757777753,9.935824972694292,0.18751489007617286,0.019745071504886712,13.866787487947118,0.1307515237755689,1.3956352417696494,0.0014239110191923646,9.496794682651048
14.285714285714285,16.0,45.714285714285715,8.571428571428571,15.428571428571427,1.12,0.9642857142857143,0.5555555555555556,5.333333333333333
71.68394548435946,11.066209084147992,0.00044802465927724666,0.00044802465927724666,17.248949382173993,0.15437499999999998,1.5587044534412955,2.5974025974025975e-05,1.0
28.8738749029104,27.147964545163795,0.1878969251153653,29.952140540046607,13.838123086763831,0.9402258836560714,0.5097296728726202,2.1644655385885265,0.006273238630946706
16.143497757847534,42.152466367713004,0.8968609865470852,5.829596412556054,34.97757847533632,2.611111111111111,0.8297872340425532,0.16666666666666666,0.15384615384615385
9.019607843137255,2.3529411764705883,12.156862745098039,9.019607843137255,67.45098039215686,0.2608695652173913,28.666666666666668,0.13372093023255813,1.3478260869565217
18.156382317545816,15.363092730231076,0.00023277413227622843,0.6052127439181939,65.87507943417263,0.8461538461538461,4.287878787878788,0.009187279151943463,0.0003846153846153846
29.92125984251969,54.09448818897638,12.377952755905513,3.4803149606299213,0.12598425196850394,1.8078947368421054,0.002328966521106259,27.625,3.556561085972851
5.957659399141414,40.46839648089453,0.46634738642869,50.77619822603469,2.3313985075006833,6.792667013949576,0.05761035055098752,21.77928743742228,0.00918436989616087
34.84848484848485,15.151515151515152,31.818181818181817,7.575757575757576,10.606060606060606,0.43478260869565216,0.7,0.7142857142857143,4.2
43.97905759162304,3.1413612565445024,45.0261780104712,7.329842931937172,0.5235602094240838,0.07142857142857142,0.16666666666666666,14.0,6.142857142857143
50.45471144403819,12.279835092961221,22.053662871211085,9.507401022645247,5.704389569144251,0.24338331825723333,0.46453307605197375,1.6666815804572597,2.3196310767456287
85.40915135331987,0.8303667492683875,11.981005953729593,1.7793573198608308,0.00011862382132405538,0.009722222222222222,0.00014285714285714287,15000.0,6.733333333333333
13.627967535971388,31.8599781584196,0.00018416172345907283,6.077336874149403,48.43453326973615,2.3378378378378377,1.5202312138728324,0.12547528517110265,3.0303030303030302e-05
71.71286758653225,10.7438273839484,0.00044555603130756516,0.4242774829235825,17.118581990564437,0.14981728866140195,1.5933411231215528,0.024784616106488216,0.001050152433820805
14.374939460693687,36.06331223110949,2.4509447774878823,34.1038261635152,13.006977367193734,2.5087627206862124,0.3606706251450041,2.6219639813883315,0.07186714961941545
74.29912052479804,8.614705602463165,13.189331445393627,1.635753736343246,2.2610886910019063,0.1159462661417092,0.2624684806820796,0.723436344117236,8.063152265743005
3.4660281352888354,60.79616881173301,19.856330439988028,15.70787189464232,0.17360071834780003,17.540587219343696,0.002855454903505317,90.48275862068965,1.2641006097560976
2.2665644145300834,4.40668165087551,0.0006838182370653039,93.07373368897589,0.25233642738144796,1.944211963545332,0.05726223207689948,368.8477904471543,7.347059261106002e-06
0.7692278106622668,1.9230695266556668,0.0003846139053311334,66.15359171695494,31.1537263318218,2.5,16.2,2.123456790123457,5.8139534883720935e-06
77.86259541984732,4.580152671755725,7.633587786259542,5.343511450381679,4.580152671755725,0.058823529411764705,1.0,1.1666666666666667,1.4285714285714286
7.549204637368563,42.89116563314461,25.739192954075673,23.703603846499508,0.11683292891165635,5.681547619047619,0.002723939235201676,202.8846153846154,1.0858767772511848
6.182669789227166,8.758782201405152,2.2014051522248246,37.23653395784544,45.62060889929743,1.4166666666666667,5.208556149732621,0.8162217659137576,0.05911949685534591
87.38838135548274,11.211901920509426,0.02377545493322775,0.011911055164508206,1.3640302139101053,0.12829968637250647,0.12165912827108723,0.008732251707507403,1.9960830174032202
12.373853300563468,33.34684003213553,3.544322453824516,42.1135872531072,8.621396960369285,2.6949438644643555,0.2585371493089317,4.88477533823049,0.08416101987519506
5.29499955370718,42.81385353426092,0.00015128570153449087,33.58542574065698,18.305569885673396,8.085714285714285,0.4275618374558304,1.834710743801653,4.504504504504505e-06
15.7359607311638,28.426251643392675,0.0005076116364891548,39.08609600966492,16.75118400414211,1.8064516129032258,0.5892857142857143,2.3333333333333335,1.2987012987012988e-05
20.47936901687775,44.23556792526032,0.0003509226915506713,22.426425454734346,12.858286680436024,2.1600063892986285,0.2906775539122991,1.7441223712064466,1.5647731835774545e-05
2.079722703639515,6.759098786828423,0.6065857885615251,67.50433275563257,23.050259965337954,3.25,3.41025641025641,2.9285714285714284,0.008985879332477536
23.999862857926527,70.85673796149736,0.0005714253061411078,4.571402449128862,0.5714253061411078,2.9523809523809526,0.008064516129032258,8.0,0.000125
92.80238457883078,6.755156873229802,2.8181714114433884e-06,2.8181714114433884e-06,0.44245291159661193,0.07279076829638627,0.0654985398414685,6.369426751592357e-06,1.0
7.52935549313473,29.906032226815395,0.03346458893370702,50.75059465746852,11.780553033647639,3.9719245895726036,0.3939189573628743,4.307997639203744,0.0006593930408021796
9.220503488019412,35.48680618744313,0.030330603579011222,41.856232939035486,13.40612678192296,3.848684210526316,0.3777777777777778,3.1221719457013575,0.0007246376811594203
17.261394034219958,39.721395043658205,0.16655731085650835,35.279866754151314,7.570786857114016,2.301169590643275,0.1905972045743329,4.66,0.004721030042918455
93.6210594239911,5.851874594065591,0.0076172344714868275,0.0076172344714868275,0.5118315130003459,0.06250596425707616,0.08746453888799946,0.014882308490219279,1.0
20.101730021043203,10.178091149895293,0.00025445227874738234,2.544522787473823,67.17540158930893,0.5063291139240507,6.6,0.03787878787878788,0.0001
51.222295832887276,10.476929567518004,25.01220886470536,12.95961524569765,0.3289504891917159,0.2045384611751684,0.03139760433358002,39.396856583315945,1.930011685571371
36.070169178936766,27.91262905707903,15.534305437991671,19.93238619675205,0.5505101292404786,0.7738424768292647,0.019722618321431875,36.20711979314918,0.7793500128209919
87.69438025127228,5.46835894988188,0.7446171100590467,1.0359697389170486,5.056673949869749,0.062357005479864204,0.9247150737935695,0.20487176930672651,0.7187633789742087
54.70473718364698,8.63075924724205,24.983776768332252,10.902011680726801,0.7787151200519143,0.15776986951364175,0.09022556390977443,14.0,2.2916666666666665
33.40604059816463,3.930122423313486,60.69855742673052,0.00021834013462852702,1.965061211656743,0.11764705882352941,0.5,0.00011111111111111112,278000.0
11.688210491684055,22.077730928736546,0.0004328966848771872,66.23319278620964,0.0004328966848771872,1.8888888888888888,1.9607843137254903e-05,153000.0,6.535947712418301e-06
86.99619018196603,12.83371182568865,0.025949227204724156,0.03433561908937509,0.10981314605123364,0.14752038909801626,0.008556616163955444,0.3126731208789493,0.7557524195844181
19.08245209509422,5.443391783536492,0.000611617054329943,2.6911150390517493,72.7824294652632,0.2852564102564103,13.370786516853933,0.03697478991596639,0.00022727272727272727
21.96078431372549,23.92156862745098,12.156862745098039,12.549019607843137,29.411764705882355,1.0892857142857142,1.2295081967213115,0.4266666666666667,0.96875
5.186064790205231,13.057747785995183,1.3435623711801217,65.8611811606237,14.551443891995772,2.517852806362344,1.114391557447803,4.526092506658503,0.020399913082387817
29.032023935290844,16.935347295586325,0.0008064451093136346,1.6128902186272693,52.41893210538624,0.5833333333333334,3.0952380952380953,0.03076923076923077,0.0005
5.475031441173203,28.01927855188639,0.0001610303365050942,58.131951478339005,8.373577498264899,5.117647058823529,0.2988505747126437,6.9423076923076925,2.7700831024930747e-06
15.551747352959177,28.763082195972828,6.350449843931698,41.93279882489748,7.401921782238816,1.8495080676898858,0.2573410503021534,5.665123201587564,0.15144350059841785
52.45202558635395,6.950959488272922,29.50959488272921,9.936034115138593,1.1513859275053304,0.13252032520325202,0.1656441717791411,8.62962962962963,2.9699570815450644
55.84535133476527,12.42712488493403,19.453820190242403,11.1997545259282,1.0739490641301013,0.22252747252747251,0.08641975308641975,10.428571428571429,1.736986301369863
59.2504354373086,8.516198995632264,0.00041469434320438696,0.8555600252547741,31.37739084746116,0.14373226007162496,3.6844360804102636,0.02726676763578002,0.0004847051416186685
36.861931770083814,25.907898078388218,18.373825446541943,18.433082197578937,0.42326250740709387,0.7028361465150993,0.016337199803953602,43.55,0.9967853042479908
86.12372030988352,6.871348753487588,0.00012139658851965112,2.252999945614591,4.751809594425779,0.07978462528979992,0.6915395746743278,0.47413514806180895,5.388219771418397e-05
31.90205207794447,14.571477841007068,28.194516295913086,24.228315226763236,1.103638558372133,0.45675675675675675,0.0757396449704142,21.953125,1.1637010676156583
11.881070484450648,53.95986178354669,0.0004950446035187771,0.0004950446035187771,34.15807764279562,4.541666666666667,0.6330275229357798,1.4492753623188407e-05,1.0
19.351464435146447,6.1715481171548126,43.56694560669456,22.80334728033473,8.106694560669457,0.31891891891891894,1.3135593220338981,2.8129032258064517,1.9105504587155961
26.744186046511626,12.209302325581394,54.06976744186046,6.395348837209303,0.5813953488372093,0.45652173913043476,0.047619047619047616,11.0,8.454545454545455
11.84593365981543,41.34262244961995,0.0006577708290788229,33.61295838338276,13.19782773635278,3.4900265050331294,0.31923054113066074,2.54685536550818,1.9568965682116367e-05
13.482759311607516,12.62877781805361,0.0006520516913906271,2.3687277106764637,71.51908310797103,0.9366612223939427,5.6631832579816335,0.03312021921618374,0.00027527507212064215
9.996831909601084,34.44261916123901,0.021442633226689385,40.802181783868804,14.73692451206443,3.445353435237806,0.4278688691784814,2.7687039959026705,0.000525526633361718
71.3180273166719,6.899562137305032,0.0003803912274095301,3.0674682396614945,18.714561915134155,0.09674359200471229,2.7124274762230143,0.16390809753237578,0.00012400820405935405
6.708707902857911,36.76371930766135,0.8452971957600965,42.935730578290624,12.74654501543003,5.48,0.3467153284671533,3.3684210526315788,0.0196875
2.035618229979059,22.391800529769647,0.00025445227874738234,64.12197424434035,11.450352543632206,11.0,0.5113636363636364,5.6,3.968253968253968e-06
42.22281308162722,10.635469290082424,28.662589736772137,16.59133209252858,1.8877957989896306,0.2518891687657431,0.1775,8.788732394366198,1.7275641025641026
64.0887567487403,7.768334151362459,0.0003531060977892027,1.30649256182005,26.836063431979408,0.12121212121212122,3.4545454545454546,0.048684210526315795,0.0002702702702702703
18.269230769230766,11.538461538461538,60.57692307692307,7.6923076923076925,1.9230769230769231,0.631578947368421,0.16666666666666666,4.0,7.875
13.308795040681906,25.6489732661759,2.8864781092599765,52.07283998450213,6.082913599380086,1.9272197962154294,0.23716012084592145,8.560509554140127,0.055431547619047616
35.35149345411435,51.171775055126844,0.00019531211853101853,5.468739318868518,8.007796859771759,1.4475138121546962,0.15648854961832062,0.6829268292682927,3.571428571428572e-05
40.486009770953615,21.66740689042573,14.612017003997208,23.22187678446799,0.012689550155446988,0.5351825732643786,0.0005856515373352855,1830.0,0.6292349726775956
82.71144278606965,0.6218905472636816,11.318407960199005,4.104477611940299,1.2437810945273633,0.007518796992481203,2.0,3.3,2.757575757575758
24.2846094354215,17.16937354988399,28.306264501160094,27.532869296210364,2.706883217324053,0.7070063694267515,0.15765765765765766,10.17142857142857,1.0280898876404494
11.308101497696482,21.842717961782462,2.4654804405964037,53.13535432319836,11.248345776726298,1.93159903687033,0.5149700598802395,4.723837209302325,0.046400000000000004
70.94594594594594,15.54054054054054,2.027027027027027,2.7027027027027026,8.783783783783784,0.21904761904761905,0.5652173913043478,0.3076923076923077,0.75
87.26617340501033,6.500439447516075,8.904711571939829e-05,1.0685653886327795,5.164732711725101,0.07448979591836735,0.7945205479452054,0.20689655172413793,8.333333333333333e-05
8.943808861639594,44.61159218759877,38.158144238670126,7.723911257189813,0.562543454901713,4.987985865724381,0.012609804477189006,13.730337078651687,4.94026186579378
3.550274850444672,22.485074052816255,0.000591712475074112,18.934799202371583,55.02926018189241,6.333333333333333,2.4473684210526314,0.34408602150537637,3.125e-05
6.103286384976527,39.52198036705079,11.438326931284678,7.127614169867691,35.80879214682032,6.475524475524475,0.9060475161987043,0.19904648390941596,1.6047904191616769
12.371070252215194,24.226679243921424,0.0005154612605089664,5.154612605089665,58.24712243751321,1.9583333333333333,2.404255319148936,0.08849557522123894,0.0001
4.444432098799726,29.1665856483732,0.0002777770061749829,4.166655092624743,62.222049383196165,6.5625,2.1333333333333333,0.06696428571428571,6.666666666666667e-05
84.75806627962915,3.6320707734236333,0.0008124800870463123,2.1773030343262563,9.431747432533905,0.04285221375203282,2.5967961586947346,0.23084831839494122,0.0003731589375650348
11.845697394773017,31.955834832410936,0.0002754813347621632,38.291905531940685,17.906286759540606,2.697674418604651,0.5603448275862069,2.1384615384615384,7.194244604316547e-06
20.14723884715993,26.024979556888805,0.2877535137318469,41.445211974667984,12.094816107551438,1.2917392678132387,0.46473873614820743,3.426692196567712,0.006942985691754375
94.01468338418671,5.982752578993701,0.000854678939856243,0.000854678939856243,0.000854678939856243,0.06363636363636363,0.00014285714285714287,1.0,1.0
41.68028767571102,24.6878064727035,32.92579274272639,0.28767571101667216,0.4184373978424322,0.592313725490196,0.01694915254237288,0.6875,114.45454545454545
71.24804699005053,1.4586214344419792,24.684362736710415,2.608688334675078,0.0002805041220080729,0.02047244094488189,0.0001923076923076923,9300.0,9.462365591397848
86.17312965139052,13.05653479566523,0.24807416111763936,0.026113069591330463,0.4961483222352787,0.15151515151515152,0.038,0.05263157894736842,9.5
84.89568633155186,7.610810815721325,5.038846341090895,0.24516784035948178,2.209488671276419,0.08964896974856934,0.2903092357403462,0.11096134754918144,20.552639912733234
87.43814959679429,9.687755025644975,0.5335620694711631,1.600272396918595,0.7402609111709847,0.11079551740651376,0.07641201797644556,2.1617680641642925,0.3334195293867243
28.147889501113944,32.98736202955843,20.272531412000326,18.13827784028993,0.45393921703737117,1.1719302091282178,0.013761003884779188,39.957503470771236,1.1176657227606057
33.86441917993778,47.7723731533026,0.00036218630138970884,4.237579726259593,14.125265754198645,1.4106951871657754,0.29567854435178165,0.3,8.547008547008548e-05
49.850299716057336,0.31184063399556494,3.378606141136227e-05,0.3442588676527244,49.49356699623297,0.00625554180760758,158.71429698586644,0.006955628550250306,9.814144118269859e-05
16.977140271578637,35.508721042265236,0.2698290144783914,36.495639366832016,10.748670304845708,2.091560797298132,0.30270508171927135,3.3953631781206535,0.0073934590312621715
17.083333333333332,6.666666666666667,44.166666666666664,24.166666666666668,7.916666666666666,0.3902439024390244,1.1875,3.0526315789473686,1.8275862068965518
17.176785209326077,26.26769014724068,4.568293938650553e-05,49.88576981006404,6.669709150429807,1.5292553191489362,0.2539130434782609,7.47945205479452,9.157509157509158e-07
36.002900535793415,37.45316843250211,15.155299520605888,11.25166176529831,0.13696974580026589,1.040281973816717,0.0036570936861353128,82.1470588235294,1.346938775510204
35.48908296554564,36.79247799096327,15.81670601358256,11.734025236706017,0.16770779320250193,1.036726647084204,0.004558208698084788,69.9670838941727,1.3479352306236079
8.312583796207623,54.60639724190768,18.53572112622103,18.315456809040416,0.22984102662325223,6.569124423963134,0.004209049456331111,79.6875,1.0120261437908498
99.46247204420177,0.3029626129525744,3.844703210058051e-05,0.0538258449408127,0.1807010508727284,0.0030459992269037495,0.5964467005076143,0.2978723404255319,0.0007142857142857144
56.31360734800425,2.7457759912226045,12.785125244898406,0.7158769196947208,27.43961449618003,0.0487586592393981,9.99339151624021,0.02608917555289928,17.859390201252065
1.0869552089912935,5.676321646954533,0.0001207728009990326,75.84531902739248,17.391283343860696,5.222222222222222,3.0638297872340425,4.361111111111111,1.5923566878980892e-06
83.33333333333334,4.481792717086835,9.103641456582633,2.5210084033613445,0.5602240896358543,0.05378151260504202,0.125,4.5,3.611111111111111
37.769107942385986,9.580930929765701,0.00023831670372804158,3.068123080573105,49.58159973057148,0.25367109396337106,5.175029451108254,0.06188027609527357,7.767507934640146e-05
5.925023457249772,39.24609847493658,0.6596925277872515,41.9674482290798,12.201737310946601,6.623787864825351,0.31090319254890775,3.4394649843370537,0.01571914794977079
59.523809523809526,8.73015873015873,4.365079365079365,23.809523809523807,3.571428571428571,0.14666666666666667,0.4090909090909091,6.666666666666667,0.18333333333333332
80.82964115931165,7.582249524678791,0.0001430613117863923,6.723881653960438,4.864084600737338,0.09380530973451327,0.6415094339622641,1.3823529411764706,2.1276595744680852e-05
11.22686895946674,15.905764105107064,7.09820768706283,57.30490299386351,8.464256254499855,1.4167586851269853,0.53215024431188,6.770223073456511,0.1238673711361651
81.95427102051865,3.007496184239216,0.000751874046059804,6.766866414538236,8.270614506657845,0.03669724770642202,2.75,0.8181818181818182,0.00011111111111111112
25.44498381877023,16.2621359223301,45.59061488673139,12.055016181229773,0.6472491909385114,0.6391096979332274,0.03980099502487562,18.625,3.7818791946308723
81.84922674539365,15.403477857231543,4.479593744047566e-06,0.054300254528773684,2.6929906632522993,0.18819332166871605,0.17483004086560935,0.020163550980602282,8.249673565846419e-05
79.91938278953845,16.618430995608065,0.009692248092712817,0.2809063164546337,3.171587650306136,0.2079399316605263,0.19084759873807136,0.08856962109419217,0.03450348933067909
23.63860603941467,32.33314670100549,23.52949767856345,20.134316726239597,0.364432854776797,1.3678110565019639,0.011271184278685252,55.24835772167467,1.1686265791130206
39.70873786407767,4.563106796116505,47.47572815533981,5.873786407766991,2.378640776699029,0.11491442542787286,0.5212765957446809,2.4693877551020407,8.082644628099173
18.536585365853657,14.146341463414632,50.48780487804878,15.975609756097562,0.853658536585366,0.7631578947368421,0.0603448275862069,18.714285714285715,3.1603053435114505
18.119633286209304,46.65837159458884,0.00030697108804321433,27.024262415421973,8.197425732691835,2.575017433167377,0.17569035207483588,3.2966767003020916,1.135909218628793e-05
7.988241308793456,33.55061349693251,0.019171779141104295,43.13650306748466,15.305470347648262,4.2,0.4561904761904762,2.8183716075156577,0.00044444444444444447
48.105878386824294,9.090874655777819,30.68170196325014,12.121166207703759,0.00037878644399074254,0.1889763779527559,4.1666666666666665e-05,32000.0,2.53125
1.9379769845853312,5.426335556838927,0.0003875953969170663,1.9379769845853312,90.6973228785935,2.8,16.714285714285715,0.021367521367521368,0.0002
93.96815399960995,4.60358946734985,0.16189255697585891,0.48443635949696345,0.7819276165673732,0.04899095354548477,0.16985172594408285,0.6195411816040175,0.3341874609576528
9.330012225170359,52.05592353229984,18.974406891705993,19.43573036054612,0.2039269902776955,5.5794057152319905,0.003917459847795461,95.30729764647491,0.9762641557439695
93.79133603707271,0.9300537512056092,0.89075570538002,2.6198697217059417,1.767984784635727,0.009916201117318436,1.9009490390678232,1.4818395183450266,0.33999999999999997
85.42894436711029,5.203793565509256,0.00043364946379243803,6.50474195688657,2.8620864610300907,0.06091370558375635,0.5499999999999999,2.272727272727273,6.666666666666667e-05
38.177046051061794,31.01884991648771,0.023860653781913623,22.906227630637076,7.874015748031496,0.8125,0.25384615384615383,2.909090909090909,0.0010416666666666667
35.28146554921011,42.52762738262998,10.168360157235036,11.670251427723798,0.35229548320106796,1.2053815429892791,0.008283920474363445,33.126315789473686,0.8713060057197332
12.60493609297401,5.8823035100545376,0.0008403290728649339,4.201645364324669,77.31027470357391,0.4666666666666667,13.142857142857142,0.05434782608695652,0.0002
13.513513513513514,19.144144144144143,51.126126126126124,15.090090090090092,1.1261261261261262,1.4166666666666667,0.058823529411764705,13.4,3.388059701492537
3.4185469088175457,40.68683243003516,0.000172488834843099,52.70654579095362,3.187902381358837,11.901791467330922,0.07835218892600537,16.533299795863748,3.2726264310173105e-06
49.254658385093165,4.633540372670807,27.751552795031053,18.06832298136646,0.2919254658385093,0.09407313997477933,0.06300268096514745,61.8936170212766,1.5359229975936748
57.891529555149305,16.148689823278488,13.223644119439365,11.669713589274833,1.0664229128580134,0.2789473684210526,0.0660377358490566,10.942857142857143,1.133159268929504
8.604206500956023,29.923518164435947,0.9560229445506693,54.11089866156787,6.405353728489484,3.477777777777778,0.21405750798722045,8.447761194029852,0.0176678445229682
34.46143242636177,20.92301254457679,0.00030769136094965864,2.769222248546928,41.84602508915358,0.6071428571428571,2.0,0.0661764705882353,0.00011111111111111112
69.79472140762462,4.6920821114369495,7.21407624633431,4.633431085043988,13.665689149560114,0.06722689075630252,2.9125,0.33905579399141633,1.5569620253164558
91.45484736237067,0.9068846595989271,0.8685655894750288,2.554604674926555,4.215097713628816,0.009916201117318436,4.647887323943662,0.6060606060606061,0.33999999999999997
5.714204082798817,2.8571020413994086,0.0014285510206997042,89.99871430408136,1.4285510206997043,0.5,0.5,63.0,1.5873015873015872e-05
34.96461676467657,39.130868135154,14.339346822153562,11.339247151068145,0.2259211269477392,1.119156214367161,0.005773475972151469,50.19117647058823,1.2645766188104306
8.183043991235465,46.65430642170909,25.61941682116973,19.501095567166697,0.04213719871902916,5.701338825952625,0.0009031791907514452,462.8,1.313742437337943
68.26923076923077,8.173076923076923,18.269230769230766,3.3653846153846154,1.9230769230769231,0.11971830985915492,0.23529411764705882,1.75,5.428571428571429
16.209363397627456,3.558815539255637,15.213257267046998,59.22303721814725,5.795526577922666,0.21955307262569831,1.628498727735369,10.21875,0.25688073394495414
2.002079909682795,34.64204934632958,8.667012596029417e-06,48.39659833622826,14.959263740746772,17.303030303030305,0.4318238679009257,3.235225955967555,1.7908309455587393e-07
18.494623655913976,35.913978494623656,0.8602150537634409,44.086021505376344,0.6451612903225806,1.941860465116279,0.017964071856287425,68.33333333333333,0.01951219512195122
43.22659832348533,11.39162491430881,27.155170741676677,18.226599862894098,6.157635088815573e-06,0.26353276353276356,5.405405405405406e-07,2960000.0,1.489864864864865
26.317230802935697,42.118523387008445,19.985759666995293,11.304633585277687,0.2738525577828897,1.600416233090531,0.006501950585175552,41.28,1.7679263565891474
18.378379630329288,46.894099535881296,0.00033042655096518145,24.450650343991835,10.276540063246623,2.551590536224062,0.21914356315517836,2.3792687221098854,1.3514018904056512e-05
75.33045847443489,8.096939937400832,0.0004330905661209044,3.596505347863585,12.975663149734565,0.10748560544270036,1.602539138248793,0.27717314378164604,0.0001204198309834771
12.257985432352049,30.322385016870857,0.0006451571280185289,39.99974193714879,17.41924245650028,2.473684210526316,0.574468085106383,2.2962962962962963,1.6129032258064517e-05
3.5861057409327413,17.81505426548564,29.35925276846012,48.67768129128105,0.561905933840461,4.967799488492485,0.0315410733791073,86.62959111071046,0.603135810696859
8.777598833592712,42.7268420032256,24.65773386568842,23.72395047200029,0.1138748254929796,4.867714145206303,0.002665182357366426,208.33358355805228,1.0393603668491134
22.19084123461771,32.27758725035304,0.5245107928182369,40.548718983256,4.458341738955013,1.4545454545454546,0.138125,9.095022624434389,0.012935323383084577
76.65391801484118,6.54185528543633,6.923729627763872,5.223602977662816,4.656894094295798,0.0853427385690806,0.7118613743509602,1.1216924567945783,1.3254701127499815
73.44653314428716,12.546561766298126,1.5158893441324734,2.710686919520604,9.780328825761629,0.17082578617632171,0.7795226300190864,0.2771570330417304,0.5592270111372967
9.7178678308324,26.018807418035138,8.359456198565507,55.90386332790682,5.224660124103442e-06,2.6774193548387095,2.0080321285140563e-07,10700000.0,0.14953271028037382
5.319120642975303,23.404130829091336,0.0005319120642975304,14.89353780033085,56.38267881553821,4.4,2.409090909090909,0.2641509433962264,3.571428571428572e-05
85.26632089664797,10.018375927366627,0.0007942715384555441,0.8337323634888408,3.8807765409580997,0.11749511204441417,0.3873658334538239,0.21483647787744203,0.0009526696734331282
92.39942889994303,6.584177382157586,4.418910994736635e-05,0.13256732984209904,0.883782198947327,0.07125777140124342,0.1342281879194631,0.15,0.0003333333333333333
36.0655737704918,18.442622950819672,15.983606557377051,6.147540983606557,23.36065573770492,0.5113636363636364,1.2666666666666666,0.2631578947368421,2.6
6.259097525473072,34.93449781659388,0.6550218340611353,46.87045123726347,11.280931586608443,5.5813953488372094,0.3229166666666667,4.15483870967742,0.013975155279503106
35.80623306233062,28.285907859078584,15.589430894308942,19.735772357723576,0.5826558265582654,0.7899716177861873,0.02059880239520958,33.872093023255815,0.7899073120494337
12.42228309140937,11.801168936838902,0.0006211141545704685,47.82578990192607,27.950136955671084,0.95,2.3684210526315788,1.711111111111111,1.2987012987012988e-05
34.671738703596915,34.48462135381447,0.019361015669248638,21.923279847266905,8.900999079652452,0.9946031737438354,0.25811503012683884,2.4630133821025986,0.0008831258736891188
52.217328483620676,13.323482321174795,18.709708012097824,8.56648945071599,7.182991732390715,0.25515442302556807,0.5391226977480881,1.192607449635029,2.184057789335638
77.73630873926508,16.169152217767138,1.2437809398282413e-05,0.24875618796564827,5.8457704171927345,0.208,0.36153846153846153,0.0425531914893617,5e-05
15.065875490294678,22.850246404505675,54.69174293472794,6.657950316805791,0.7341848536658954,1.5166889185580774,0.032130281690140844,9.068493150684931,8.214501510574019
19.242618578702192,48.21329325142435,0.00038567854504662126,20.491923344064247,12.05177914726415,2.505547415713318,0.24996797220252334,1.7003235035813014,1.8821002722437864e-05
11.84202735508319,41.44709574279116,0.0006578904086157328,33.55241083940237,13.157808172314656,3.5,0.31746031746031744,2.55,1.9607843137254903e-05
20.713037838645437,27.33441878706488,0.00016977899867742162,5.942264953709756,46.010108641581255,1.319672131147541,1.6832298136645962,0.12915129151291513,2.857142857142857e-05
71.95380156436491,25.24899186197388,2.412752590360828e-06,0.03296273760388102,2.764241423304745,0.3509055993294235,0.10947927895164072,0.011924695623898487,7.319636552507555e-05
72.3549774509866,24.736018212280484,0.012422605532054747,0.03402174324192787,2.862559987958956,0.3418703050393003,0.11572436450333001,0.011885076080514152,0.3651372430776951
2.164111812443643,7.21370604147881,0.5410279531109108,66.81695220919748,23.264201983769162,3.3333333333333335,3.225,2.872093023255814,0.008097165991902834
16.82237750038162,44.54814782508466,0.0003115255092663263,31.464076435898956,7.165086713125504,2.6481481481481484,0.16083916083916083,4.391304347826087,9.900990099009901e-06
4.656438194447314,23.461111682634215,0.7394640230533842,53.82826876032307,17.314717339542003,5.038424371359852,0.7380177705883503,3.108815911039695,0.013737466206575172
21.714430491599018,37.24606957231488,31.467004643296793,9.22900456324847,0.3434907295408539,1.7152680834399416,0.009222200717687852,26.86827844112397,3.4095773198123642
19.860557977149906,49.12874868031819,0.00034843084170438436,17.769972926923604,13.240371984766606,2.473684210526316,0.2695035460992908,1.3421052631578947,1.9607843137254903e-05
8.403290728649338,20.167897748758413,0.0008403290728649339,4.201645364324669,67.2263258291947,2.4,3.3333333333333335,0.0625,0.0002
2.706810915142131,7.945778586525003,0.6021450580244395,66.36333045909177,22.381934981216656,2.935476040116301,2.8168334591116695,2.965039908961631,0.009073460506862576
36.924309171005206,13.233022484123804,36.798443846901996,12.35196521540134,0.6922592825676527,0.3583823985125504,0.05231301340250757,17.84297520661157,2.9791570171375636
79.99948387429758,9.032199792259405,8.387042664240877,0.0006451571280185289,2.5806285120741155,0.11290322580645161,0.2857142857142857,0.00025,13000.0
91.17771926229355,7.221510394823633,0.0008511651587008349,0.5334124161791455,1.0665067615449557,0.07920257770485908,0.14768472289528606,0.5001491180481942,0.0015956980619194526
42.609900406412585,6.851820660993544,1.2061693108507043,2.031406508718597,47.30070311302458,0.16080348922764387,6.903377285150041,0.04294664508188325,0.5937606804319787
93.80447960637515,3.53979168325944,0.0008849479208148601,0.88494792081486,1.76989584162972,0.03773584905660377,0.5,0.5,0.001
30.65326633165829,10.552763819095476,44.72361809045226,13.06532663316583,1.0050251256281406,0.3442622950819672,0.09523809523809523,13.0,3.423076923076923
73.10696801369481,10.45927201339877,0.00044653639236555165,0.673838898091365,15.75947453842269,0.14306805900416333,1.5067467906211958,0.04275770086423244,0.0006626752976569873
55.108489803659054,8.738236377734115,24.134510641438872,9.211415568307007,2.8073476088609413,0.1585642504243315,0.3212716488208466,3.2811809763894773,2.6200653376747636
41.105121293800536,11.455525606469003,17.52021563342318,26.549865229110516,3.3692722371967654,0.2786885245901639,0.29411764705882354,7.88,0.6598984771573604
91.42857142857143,5.714285714285714,0.5714285714285714,0.5714285714285714,1.7142857142857144,0.0625,0.3,0.3333333333333333,1.0
49.69872310201565,3.586809645606544,40.35164999312445,6.0939934615748435,0.2688237976785255,0.07217106238814155,0.07494788523494848,22.669099663796807,6.621544681260053
0.0009999900000999989,9.99990000099999,4.999950000499995,67.99932000679992,16.99983000169998,10000.0,1.7,4.0,0.07352941176470588
96.0689374621727,0.6325220514550487,6.201196582892634e-05,3.298416462440592,6.201196582892634e-05,0.006584043377226955,9.803921568627452e-05,53190.0,1.8800526414739615e-05
9.80382545269164,3.921530181076656,0.000980382545269164,85.29328143841727,0.980382545269164,0.4,0.25,87.0,1.1494252873563218e-05
50.32317636195752,12.003693444136658,22.068328716528164,14.127423822714682,1.477377654662973,0.23853211009174313,0.12307692307692308,9.5625,1.5620915032679739
25.747599140626704,53.34888268202419,16.788281808935373,3.644520894283993,0.47071547412973885,2.071994456284892,0.008823342691830088,7.74251346000894,4.6064441104634195
20.973322053695775,35.49581181290142,0.00014327054077592125,33.69849406402769,9.832228798834338,1.6924267754066453,0.27699687080436586,3.4273504770375993,4.251541344954611e-06
25.027237622242666,36.89062070113805,17.011603107644614,20.60133147072321,0.4692070982514617,1.474018877271215,0.01271887242160138,43.90669183713491,0.8257526039916399
96.07700672737766,2.4294884910392414,0.0007976488447124113,0.32963871900587927,1.1630684137324876,0.025286887818362323,0.47872974826687564,0.28342160711596637,0.002419766849956072
66.7910447761194,10.820895522388058,12.313432835820896,6.343283582089552,3.731343283582089,0.16201117318435754,0.3448275862068966,1.7,1.9411764705882353
86.19995773434113,5.785129597737967,0.00026000333579823603,4.8994586250332155,3.1151940395519024,0.0671129052704075,0.5384830170044884,1.572761941255501,5.306776844073734e-05
2.6911705481501023,29.27600860351354,0.2489220098229343,51.53928043947392,16.244618399039513,10.878540798403774,0.5548781809378867,3.172698746959871,0.004829753300790847
12.43239883135451,39.729622352372026,0.0002702695398120546,40.54043097180819,7.297277574925473,3.1956521739130435,0.1836734693877551,5.555555555555555,6.666666666666667e-06
32.643864962694835,26.327842210238607,14.95900125581739,21.13466794710793,4.934623624141243,0.8065173116089613,0.18742985409652077,4.282934131736527,0.7077944774554351
43.58806712562336,0.0012820019742830402,56.408086868453765,0.0012820019742830402,0.0012820019742830402,2.9411764705882354e-05,1.0,1.0,44000.0
9.230645257411366,28.751038430685856,0.0005695282670127802,19.44043929770069,42.57730748593509,3.114737662310378,1.4808963366169243,0.4565915612236074,2.9296059532982926e-05
10.576414595452142,37.017451084082495,0.052882072977260705,39.13273400317293,13.220518244315176,3.5,0.35714285714285715,2.96,0.0013513513513513514
12.568527037186843,5.027410814874737,0.00022851867340339715,0.5941485508488326,81.80968507841618,0.4,16.272727272727273,0.007262569832402235,0.0003846153846153846
8.624614972545867,24.588188027320204,6.709521896343912,59.582161510646834,0.4955135931431632,2.8509316770186333,0.020152505446623094,120.24324324324326,0.11260957518543492
33.82077912106194,55.21013672735516,0.00018281502227601048,6.032895735108346,4.936005601452282,1.6324324324324324,0.08940397350993377,1.2222222222222223,3.0303030303030302e-05
47.55351681957187,22.91393621668851,15.399737876802098,9.611183923110529,4.521625163826998,0.4818557648139642,0.19733079122974262,2.1256038647342996,1.6022727272727273
44.191876951177484,6.436686883934817,0.7084504356593986,2.2607485490380475,46.40223718019026,0.14565316813870505,7.2090250802792,0.04872068000210971,0.3133698508668049
32.36699339616717,3.1400814488818893,0.00024154472683706843,0.00024154472683706843,64.49244206549727,0.09701492537313433,20.53846153846154,3.745318352059925e-06,1.0
40.714285714285715,17.142857142857142,21.428571428571427,19.28571428571429,1.4285714285714286,0.42105263157894735,0.08333333333333333,13.5,1.1111111111111112
31.95210335591618,42.077621973635836,6.675069586681372,18.990599233233542,0.3046058505330602,1.31689677843524,0.007239141288067897,62.3448275862069,0.35149336283185845
24.743077876183914,72.49872567091204,0.2670811248060122,2.3267834949036335,0.16433183319440692,2.9300609258759445,0.0022666858165251887,14.159055185315285,0.11478555069304962
16.70843776106934,39.264828738512946,1.0025062656641603,34.25229741019214,8.771929824561402,2.35,0.22340425531914893,3.9047619047619047,0.02926829268292683
35.97650513950074,17.62114537444934,24.52276064610866,19.23641703377386,2.643171806167401,0.4897959183673469,0.15,7.277777777777778,1.2748091603053435
17.47976667112949,39.04720138418092,0.2893859129000013,36.83920590740396,6.344440124385627,2.2338514076777325,0.1624813021031497,5.8065337815716775,0.007855378686157847
62.31516687790452,15.842839036755388,8.449514152936207,12.67427122940431,0.7182087029995775,0.2542372881355932,0.04533333333333334,17.647058823529413,0.6666666666666666
40.106951871657756,34.75935828877005,8.02139037433155,14.705882352941178,2.406417112299465,0.8666666666666667,0.06923076923076923,6.111111111111111,0.5454545454545454
0.10361458424603992,4.41500409460605,0.0007444108186213869,55.27891064547133,40.20172626485796,42.60987125250941,9.10570531836509,1.3750382329674478,1.3466452394397394e-05
35.92703890469347,37.98676707973372,14.630903890594205,11.295678059411745,0.1596120655668531,1.0573308638238808,0.004201780720950258,70.7695750900522,1.29526565945313
89.9422454720193,4.672973024688692,0.0003474956908479333,3.619659457585915,1.7647745500152467,0.05195526307092741,0.37765562537840974,2.0510605490965648,9.60023159415364e-05
65.82388840453358,5.884917175239757,4.0104620749782045,2.1795989537925022,22.101133391455978,0.08940397350993377,3.755555555555556,0.09861932938856015,1.8399999999999999
84.7436082133505,15.253849478403088,0.0008474360821335051,0.0008474360821335051,0.0008474360821335051,0.18,5.555555555555556e-05,1.0,1.0
18.10356458620038,28.333198413340888,2.0237998866672062,47.76167732534607,3.777759788445452,1.5650618572067372,0.13333333333333333,12.642857142857142,0.0423728813559322
84.59539960199868,14.071425657062708,0.1944098207524974,0.03539502479291194,1.1033698953932325,0.16633795363891457,0.07841209002439856,0.03207901986513546,5.492574786709264
51.63797890061077,10.632981676846194,23.84786229872293,10.272071071626874,3.6091060521932254,0.20591397849462365,0.33942558746736295,2.8461538461538463,2.3216216216216217
82.6078190602717,6.2218825648034235,0.0004723882295418804,2.587778026879545,8.582047959815798,0.0753183250155032,1.3793330025808583,0.30153385753568873,0.00018254588478421648
10.170681769501279,25.18500359657214,0.0007263054207867269,7.831433581849427,56.812154746656375,2.476235533402899,2.2557929971623634,0.13784785345270395,9.274233295804914e-05
42.38849981570218,9.399189089568745,3.1699225949133805,4.496866936970145,40.545521562845565,0.2217391304347826,4.313725490196078,0.1109090909090909,0.7049180327868853
44.46474872537437,0.2744737575640393,3.0497084173782144e-05,3.0497084173782144e-05,55.26071652289325,0.006172839506172839,201.33333333333334,5.518763796909493e-07,1.0
77.29044537102246,6.689896051861992,0.00026984217135039894,3.1706279142049154,12.848760820739288,0.08655527885430134,1.9206218932449788,0.2467652685298009,8.510685537759358e-05
91.86246295067096,3.2254378553054153,9.051728107119658e-05,3.02936317273989,1.8826455040026595,0.03511159783553198,0.5836868011287084,1.6090990928983784,2.9879970115741767e-05
40.159574468085104,12.180851063829786,24.46808510638298,21.48936170212766,1.702127659574468,0.3033112582781457,0.13973799126637554,12.625,1.1386138613861385
24.849074975657256,72.56734826355081,0.11035378123985722,2.310938007140539,0.1622849724115547,2.920323928944619,0.002236335987118705,14.24,0.04775280898876405
3.582836285223491,23.2375436465246,0.3398153619051354,61.79733388781664,11.042470818530138,6.485795553193992,0.47519957300571425,5.596332098439041,0.00549886767804606
54.74452554744526,10.948905109489052,18.97810218978102,10.218978102189782,5.109489051094891,0.2,0.4666666666666667,2.0,1.8571428571428572
22.966507177033492,9.569377990430622,14.832535885167463,19.617224880382775,33.014354066985646,0.4166666666666667,3.45,0.5942028985507246,0.7560975609756098
32.012257690757764,14.223743865938369,0.00025759091785288,3.556720065432501,50.20702078695351,0.44432179708602354,3.52980349338154,0.07084108974569407,7.242372554320118e-05
49.76958525345622,8.448540706605224,20.276497695852534,19.35483870967742,2.1505376344086025,0.1697530864197531,0.2545454545454545,9.0,1.0476190476190477
8.75,8.75,0.625,4.375,77.5,1.0,8.857142857142858,0.056451612903225805,0.14285714285714285
23.386608548250397,36.281632158857,30.590870565443755,9.426080639302578,0.3148080881462647,1.5513849339891275,0.008676789587852495,29.942307692307693,3.245343609505459
18.44410849175972,37.87297333008905,0.00016721207330867125,32.312329981088276,11.370420984989645,2.053391376818759,0.3002251997985105,2.8417883580339307,5.174868955799132e-06
47.93571912002066,3.654159835484485,28.831709434628767,19.39134860114769,0.18706300871841663,0.07623041653626308,0.051191797058766315,103.66212290713884,1.4868336404886426
13.424914142990946,5.29503590384015,13.237589759600374,62.56634405245083,5.476116141117703,0.3944186046511628,1.0341981132075473,11.425313568985176,0.21157684630738524
65.00983859923264,3.278172963855171,10.474214444500769,2.5896579277499425,18.648116064661487,0.05042579760986925,5.6885699047225025,0.13886968092489463,4.044632432825375
72.66851493185737,13.478090974931215,1.6749217612443121,2.7082027565606257,9.470269575406476,0.18547359867708693,0.7026417608414168,0.2859689193635638,0.618462468213213
56.672589136993544,38.804264220947275,2.115596130244645e-06,0.057121095516605415,4.4660234309464455,0.684709571449903,0.11509104786828045,0.012790146849834202,3.7037037037037037e-05
26.6984470046409,26.78984187167856,0.0002309101036587952,6.109828312207526,40.40165190136935,1.0034232278387492,1.508095945279946,0.15122719058921555,3.779322296134467e-05
16.54944145635085,10.757136946628052,47.16590815059992,23.99669011170873,1.5308233347124536,0.65,0.1423076923076923,15.675675675675675,1.9655172413793103
70.61032143183134,4.746912365165132,11.366627904883698,0.9938853993303618,12.282252898789467,0.06722689075630252,2.587419348400421,0.08092044737397636,11.436557889412658
3.0888739372438683,44.77338063490122,41.1829469692336,10.398189491712033,0.5566089669092912,14.495049504950495,0.012431693989071037,18.681318681318682,3.9605882352941175
11.307304950624552,21.84291413249624,2.4655025832188873,53.13583153488981,11.24844679877052,1.9317524580682475,0.5149700598802395,4.723837209302325,0.046400000000000004
23.703349215314915,28.53703231436598,30.75291980863169,16.794482984779386,0.21221567690803472,1.2039240554211634,0.0074365012651018405,79.13874803913475,1.8311322734080382
10.909024793789127,21.211992654589974,0.0006060569329882849,66.66626262871134,1.2121138659765698,1.9444444444444444,0.05714285714285714,55.0,9.090909090909091e-06
21.493528419246903,51.664541640122266,0.00029801882992859264,15.833638511981565,11.007993409819331,2.403725467143775,0.2130667003009006,1.4383764526837082,1.882187910902962e-05
38.72165894113181,27.819444287803428,0.000375938436321668,3.3834459268950114,30.07507490573344,0.7184466019417476,1.0810810810810811,0.1125,0.00011111111111111112
3.65688448543112,26.622119053938555,4.1555505516262726e-07,39.747841026305295,29.97315501876998,7.28,1.1258741258741258,1.3261146850044365,1.0454783063251438e-08
49.56756425197816,7.808378825982948,16.05839416058394,26.068821689259646,0.4968410721953015,0.15753000866229427,0.0636292223095051,52.46913580246913,0.616
31.510334608503626,19.010367160502188,0.00026041598850003,2.8645758735003293,46.61446194150536,0.6033057851239669,2.452054794520548,0.061452513966480445,9.090909090909092e-05
57.89732530142718,18.771795884133784,10.048516367943643,8.673449745554617,4.608912700940756,0.3242256146791475,0.24552326955761763,1.8818863164373278,1.1585374519629617
67.38247792092118,9.761483724175186,14.696391623128985,5.151804188435507,3.0078425433391507,0.14486679661188895,0.3081337456815054,1.7127905181885754,2.852668906966351
8.275804994448315,19.310211653712734,0.0006896504162040262,2.0689512486120787,70.34434245281066,2.3333333333333335,3.642857142857143,0.029411764705882353,0.0003333333333333333
10.295956648603585,8.50354314297624,2.8345143809920805,29.595664860358482,48.77032096706962,0.825910931174089,5.735294117647059,0.6068376068376068,0.09577464788732394
35.53659994933054,32.69171043582262,0.020948868764079632,23.96438212568025,7.786358620402513,0.9199448028915465,0.2381753207954041,3.0777393251431593,0.0008741668637319386
13.567771016226049,14.07028105386405,0.0005025100376380018,4.020080301104014,68.34136511876825,1.037037037037037,4.857142857142857,0.058823529411764705,0.000125
26.811497059793265,36.23175278350441,0.0003623175278350441,6.15939797319575,30.796989865978748,1.3513513513513513,0.85,0.2,5.882352941176471e-05
29.936305732484076,5.7324840764331215,51.59235668789809,10.191082802547772,2.547770700636943,0.19148936170212766,0.4444444444444444,4.0,5.0625
14.627692728071551,28.211200778036115,0.0005619609711908896,34.42618641535275,22.734358117568394,1.9286159001615395,0.8058628307402027,1.5142801145878526,1.6323648643820645e-05
52.27451650560882,11.460649770491765,22.444552424680463,10.109500968450586,3.710780330768362,0.21923970868792417,0.3237844629300749,2.724359856234684,2.2201444457767714
15.302727877578176,41.91616766467065,0.19960079840319359,6.65335994677312,35.928143712574844,2.739130434782609,0.8571428571428571,0.18518518518518517,0.03
39.21568627450981,9.411764705882353,25.68627450980392,22.941176470588236,2.7450980392156863,0.24,0.2916666666666667,8.357142857142858,1.1196581196581197
0.8610779835275784,28.272060459155483,0.00014351299725459638,2.4253696536026785,68.44134839071701,32.833333333333336,2.4208121827411166,0.03543719857412456,5.91715976331361e-05
6.826323128700354,8.743480438483138,0.0007258805084243883,51.559458989725215,32.87001156258285,1.2808477233845486,3.7593738321767556,1.568586579032946,1.4078512898458496e-05
7.9822439418094415,37.028742730060465,0.0002217289983835956,3.9911219709047208,50.997669628226994,4.638888888888889,1.377245508982036,0.0782608695652174,5.555555555555556e-05
6.722632582919472,13.445265165838943,0.0008403290728649339,5.8823035100545376,73.94895841211418,2.0,5.5,0.07954545454545454,0.00014285714285714287
2.154390828040115,48.473793630902584,0.0001795325690033429,49.3714564759193,0.0001795325690033429,22.5,3.7037037037037037e-06,275000.0,3.6363636363636366e-06
94.97536016599467,2.5205724929853104,0.0023578788521845745,0.0023578788521845745,2.4993515833156494,0.02653922542204568,0.9915809167446211,0.0009433962264150943,1.0
0.0017420692298311935,5.9230353814260575,0.0017420692298311935,94.07173841088445,0.0017420692298311935,3400.0,0.00029411764705882356,54000.0,1.8518518518518518e-05
32.9059829059829,15.384615384615385,32.47863247863248,7.6923076923076925,11.538461538461538,0.4675324675324675,0.75,0.6666666666666666,4.222222222222222
6.564714843569934,21.371476448697695,1.4348266029528807,62.15337844610539,8.47560365867409,3.2555072014484865,0.3965848442441405,7.3332096389968,0.02308525519971616
9.747257230118302,17.689466825029516,0.00036100952704141867,3.249085743372768,69.31382919195238,1.8148148148148149,3.9183673469387754,0.046875,0.00011111111111111112
2.3328936272281124,3.4064988620332115,0.0004387262518029354,63.453526040221384,30.806642744265485,1.4602032524220705,9.043491277105007,2.059735186562417,6.91413510298607e-06
11.930557368489753,1.8143845450985507,32.4370186659705,53.41339250750554,0.404646912935648,0.1520787746170678,0.22302158273381295,132.0,0.6072825024437928
80.07445487352055,9.31248390692185,6.50726608950543,0.0005581754021483176,4.105236954650022,0.11629781210038996,0.44083157573015,0.00013596667094114255,11658.102568583497
16.795925839629863,8.985454182338648,62.518723163465694,10.817827780181739,0.8820690343840495,0.534978200554895,0.09816632709761067,12.264150943396226,5.779230769230769
38.18606638170315,31.026178935133807,0.0002386629148856447,22.91163982902189,7.875876191226275,0.8125,0.25384615384615383,2.909090909090909,1.0416666666666666e-05
28.289287570476507,18.42093144124052,0.0006578904086157328,5.921013677541595,47.36810942033276,0.6511627906976745,2.5714285714285716,0.125,0.00011111111111111112
53.95170463331742,15.807505816131219,0.00034364143078546123,4.123697169425535,26.116748739695055,0.2929936305732484,1.6521739130434783,0.15789473684210525,8.333333333333333e-05
46.839080459770116,7.471264367816093,38.2183908045977,5.459770114942529,2.0114942528735633,0.15950920245398773,0.2692307692307692,2.7142857142857144,7.0
1.2195121951219512,32.926829268292686,1.2195121951219512,4.878048780487805,59.756097560975604,27.0,1.8148148148148149,0.08163265306122448,0.25
9.602918580672167,41.09352200387194,27.049601234261118,22.016216565876963,0.23774161531781565,4.279274228835079,0.005785379391316593,92.60564893716835,1.2286216913484318
61.427192030444424,5.472829120850152,0.10090774273446147,0.010638057185531161,32.98843304878543,0.08909456773048847,6.027674593951325,0.00032247840234784456,9.485542423263738
2.8485347241506664,8.435795089085001,0.21993883142433,72.69809804052979,15.79763331481022,2.9614506776287453,1.8726904989964293,4.601834755360197,0.0030253725661668934
89.8094766009608,2.5274493713954818,4.575085069972188,2.5951857602114177,0.49280319746011,0.028142346075853225,0.19498044274889603,5.266170701787066,1.7629123664733257
87.23522719020067,11.38734900384904,0.024207799753080444,0.012103899876540222,1.3411121063206566,0.13053613053613053,0.11777210884353742,0.009025270758122744,2.0
81.40941946534984,3.337905165666999,0.000766480895594236,4.7613299059262575,10.4905789821613,0.041001461349171105,3.1428631017037936,0.45386721877054254,0.00016098042159192212
9.946949602122016,23.20954907161804,1.1936339522546418,56.366047745358095,9.283819628647215,2.3333333333333335,0.4,6.071428571428571,0.021176470588235293
70.16129032258065,10.887096774193548,11.693548387096774,4.838709677419355,2.4193548387096775,0.15517241379310345,0.2222222222222222,2.0,2.4166666666666665
10.624933594165036,13.124917969262691,2.4999843750976556,0.000624996093774414,73.74953906538084,1.2352941176470589,5.619047619047619,8.47457627118644e-06,4000.0
9.263751735262002,35.90790562910456,0.29932576339989747,41.06260015081633,13.466416721417213,3.87617313754458,0.37502651534491693,3.0492595766407327,0.007289498529087833
5.9603786417861935,16.853900365251988,1.4266248440503404,67.06547747502927,8.693618673882222,2.8276559893519186,0.5158223607282042,7.714333925930122,0.02127211939378976
43.52769881439368,43.791166886223394,2.669347569853706,9.477917215558483,0.5338695139707412,1.0060528830837845,0.012191260291323624,17.753246753246753,0.2816386247256767
83.66533864541833,8.764940239043826,2.788844621513944,2.3904382470119523,2.3904382470119523,0.10476190476190476,0.2727272727272727,1.0,1.1666666666666667
11.298303966002015,23.885011015846366,9.910792952633348e-05,56.88795154811541,7.928634362106678,2.1140350877192984,0.33195020746887965,7.175,1.7421602787456447e-06
51.200516344995805,20.492203371165385,4.465333812931932,5.901749272149249,17.94019719875762,0.400234310784802,0.8754645302808823,0.328967915277874,0.7566119140310047
2.140096822925346,34.584762353082176,0.03345726433071808,48.313005972219294,14.928677587442479,16.16037273762572,0.43165476850853773,3.2362548986159787,0.000692510508453076
13.628997339388683,40.741677398112664,0.012921880298536657,35.829592932631535,9.786810449568584,2.989337834879943,0.24021618830112165,3.661008161674466,0.000360648258628921
8.605471241530891,2.7153321076143575,10.036245594788191,12.414486347603319,66.22846470846324,0.3155355507447268,24.390557796869423,0.18744940566343657,0.8084301930643905
11.305014260534854,38.858163512963095,36.029115200164966,13.524256359897006,0.28345066644008354,3.4372502871238897,0.007294494665079174,47.71291078532636,2.664036693876997
32.81404327915956,33.3527880039508,19.2601239112867,14.245308431354944,0.32773637424800217,1.0164181146531674,0.00982635617175932,43.465753424657535,1.3520327765521587
44.034090909090914,23.082386363636363,17.329545454545457,12.855113636363635,2.6988636363636362,0.5241935483870968,0.11692307692307692,4.7631578947368425,1.3480662983425415
47.69874476987448,17.154811715481173,17.573221757322173,6.2761506276150625,11.297071129707113,0.35964912280701755,0.6585365853658537,0.5555555555555556,2.8
32.56989167966494,8.905829756158381,0.00025445227874738234,4.3256887387055,54.19833537319244,0.2734375,6.085714285714285,0.07981220657276995,5.882352941176471e-05
65.42564772479862,3.5416213077872127,29.327237099934685,1.3135931489948474,0.3919007184846506,0.054132002218524676,0.11065573770491804,3.3518518518518516,22.325966850828728
0.00019762806792871955,5.5335859020041465,1.1857684075723172,80.63225171491756,12.648196347438049,28000.0,2.2857142857142856,6.375,0.014705882352941176
4.565851315494515,75.33226462523952,0.0006143613746830933,14.102902734447836,5.9983669634434325,16.499062150708795,0.07962546982071908,2.35112370090007,4.356276053598883e-05
8.70285436305813,7.196071351802546,0.0003380077997724911,2.1638778748216225,81.93685840251793,0.8268633544355776,11.386332124401955,0.02640909008484912,0.0001562046563281001
27.490789684446582,40.94185487746276,17.66778792247317,13.78343744994394,0.11613006567355437,1.4892935178441367,0.002836463223787167,118.68965517241381,1.2818128994770481
31.544811320754718,9.433962264150944,40.09433962264151,17.983490566037734,0.9433962264150944,0.29906542056074764,0.1,19.0625,2.2295081967213113
39.43381855111713,42.79366960054164,12.098002708192283,5.437542315504401,0.23696682464454977,1.085202274922202,0.005537427074063088,22.94642857142857,2.2249027237354086
70.74366818461884,7.228484861047778,0.2700252521074292,1.1286861271003723,20.62913557512558,0.10217854186163622,2.8538671618847884,0.05471320516509337,0.2392385674138939
63.106796116504846,14.189693801344285,2.165795369678865,2.4271844660194173,18.110530246452576,0.22485207100591717,1.2763157894736843,0.13402061855670103,0.8923076923076922
53.191489361702125,6.62847790507365,22.0949263502455,4.173486088379706,13.911620294599016,0.12461538461538461,2.0987654320987654,0.3,5.294117647058823
12.333156410962955,41.82296468499182,0.0006428559990929797,33.02620808867544,12.817027959370684,3.391099836195651,0.30645909623834194,2.5767446395035427,1.9465025998955438e-05
20.56346884033245,17.081671486983506,0.0007067916984566256,58.54504024787541,3.8091126331101686,0.8306804469428878,0.2229941394208857,15.369731978776635,1.2072614442899368e-05
33.163180706171666,35.714194606646416,0.0002551013900474744,30.612166805696926,0.5102027800949488,1.0769230769230769,0.014285714285714285,60.0,8.333333333333334e-06
3.3492662714532466,14.832464916435805,0.00047846661020760665,70.81305831072578,11.004732034774953,4.428571428571429,0.7419354838709677,6.434782608695652,6.756756756756757e-06
69.5255365935122,6.574164684448528,11.12179996681971,0.9545623157839276,11.823936439435636,0.09455755405218977,1.7985458239897267,0.08073134701572274,11.65120368038624
13.894080996884735,65.47507788161995,16.308411214953274,3.9485981308411224,0.3738317757009346,4.7124439461883405,0.0057095277744736534,10.562500000000002,4.1301775147929
89.41013127065021,9.577704895908857,0.0147517148008761,0.007376407883572827,0.9900357107564604,0.1071210248748716,0.10336878422505551,0.007450648298268662,1.99985074493074
47.582123220076134,21.535316509234455,14.239390948822784,15.895953757225435,0.7472155646411955,0.4525925925925926,0.03469721767594108,21.27358490566038,0.8957871396895787
13.142832108891223,33.14279401372569,0.00019047582766509017,2.8571374149763527,50.857045986579074,2.5217391304347827,1.5344827586206897,0.056179775280898875,6.666666666666667e-05
17.777646091510434,14.814705076258694,0.0007407352538129347,64.44396708172532,2.962941015251739,0.8333333333333334,0.2,21.75,1.1494252873563218e-05
18.197958277851754,38.61517976031957,2.840656901908566,19.241011984021306,21.1051930758988,2.1219512195121952,0.5465517241379311,0.9116719242902208,0.14763552479815456
0.0001236090887290761,23.114899592337228,0.0001236090887290761,1.6069181534779888,75.27793503600734,187000.0,3.2566844919786098,0.021346469622331693,7.692307692307693e-05
40.81970065153929,26.260033921764013,13.698671387582442,18.751512714842082,0.4700813242721673,0.6433176506103007,0.017901017404344223,39.88993339370646,0.7305368689929614
21.45922746781116,18.025751072961373,14.163090128755366,4.291845493562231,42.06008583690987,0.84,2.3333333333333335,0.10204081632653061,3.3
10.468547149769858,54.3845155198867,2.1598017231205007,21.786852354537945,11.200283252685,5.195039458850056,0.20594618055555555,1.9452054794520546,0.0991332611050921
18.556895994686172,37.77342939651973,0.00016643955843299556,32.35161819579197,11.317889973443698,2.0355467534730094,0.2996256933580534,2.8584496113411437,5.144705820453972e-06
0.001639263642771667,34.42453649820501,65.57054571086668,0.001639263642771667,0.001639263642771667,21000.0,4.761904761904762e-05,1.0,40000.0
52.41177698893297,4.2179995823762795,36.12445186886615,4.343286698684485,2.902484861140113,0.0804780876494024,0.6881188118811881,1.4964028776978417,8.317307692307692
20.442930153321978,17.035775127768314,4.031800113571834,52.81090289608177,5.6785917092561045,0.8333333333333334,0.3333333333333333,9.3,0.07634408602150537
42.502004811547714,27.666399358460303,1.6840417000801924,21.331194867682438,6.8163592622293505,0.6509433962264151,0.2463768115942029,3.1294117647058823,0.07894736842105263
58.30017346859408,8.32130812428659,0.00041214699079550007,0.920914089399358,32.45719217072917,0.14273213318600542,3.9004915676658496,0.028373190279529625,0.0004475411936245998
20.79207143429633,32.79559746907932,0.0006791295725682141,38.680281353483124,7.731370613568658,1.5773126584676544,0.23574416111363813,5.003030288782007,1.7557513771989638e-05
2.5607423236267413,6.545774032012535,0.6031808217730293,67.06720982281553,23.22309299977217,2.55620175900473,3.5477993719609198,2.8879533756969193,0.008993676990090526
43.47541757266058,5.280873287192443,0.0003724064993458104,1.9404835130407891,49.30285322060685,0.1214680291078632,9.336117444851347,0.03935844248928246,0.00019191428159172534
92.94636851784803,7.0510931619619095,0.0008461067300126322,0.0008461067300126322,0.0008461067300126322,0.07586195431194197,0.00011999653253442616,1.0,1.0
8.756999162475994,46.36320495020746,1.5614150820053998,31.41421075479845,11.904170050512684,5.294416967501286,0.2567589980739547,2.6389248995519443,0.04970410029374674
17.587851317330063,5.52761041401802,73.36646549514826,3.5175702634660126,0.0005025100376380018,0.3142857142857143,9.090909090909092e-05,7000.0,20.857142857142858
57.97344984036297,18.870778020500754,9.880692320618383,8.654007729793312,4.621072088724584,0.3255072463768116,0.244879786286732,1.8727272727272728,1.141747572815534
14.36773351877288,28.160757696794846,0.0005747093407509152,33.33314176355308,24.13779231153844,1.96,0.8571428571428571,1.380952380952381,1.7241379310344828e-05
79.27959262582021,15.367382075589884,0.8032353082808068,1.070809796803306,3.4789801935057976,0.1938378032303984,0.2263873037315795,0.30779416301426016,0.7501194989798463
56.25,12.259615384615383,15.625,15.0,0.8653846153846154,0.21794871794871795,0.07058823529411765,17.333333333333332,1.0416666666666667
41.38421892297847,17.007983790497537,21.402903489541053,18.80525713604575,1.3996366609371889,0.41097752315083336,0.08229292067641633,13.435813494234894,1.1381340512763403
71.86116077419578,9.090869736494648,0.0004328985588806975,2.597391353284185,16.450145237466504,0.12650602409638553,1.8095238095238095,0.15789473684210525,0.00016666666666666666
5.077010838562464,16.029663434112948,1.2549914432401599,69.36679977181974,8.271534512264688,3.157303370786517,0.5160142348754448,8.386206896551725,0.018092105263157895
84.17896907659045,5.736923804628776,0.00043495674939541856,5.913239057038016,4.170433104993363,0.0681515094275985,0.7269458767481788,1.4178956737030377,7.355642909070744e-05
34.72222222222222,2.314814814814815,16.666666666666664,31.944444444444443,14.351851851851851,0.06666666666666667,6.2,2.225806451612903,0.5217391304347826
21.789290347344377,34.92058453018105,0.00014429993607512832,33.477585169429766,9.812395653108725,1.6026490066225165,0.2809917355371901,3.411764705882353,4.310344827586207e-06
9.722154707258976,10.416594329206047,0.0006944396219470697,50.69409240213609,29.16646412177693,1.0714285714285714,2.8,1.7380952380952381,1.3698630136986302e-05
51.25544452522281,1.2622595468738322,3.9786388356382814e-05,0.1695597932312467,47.312696348283744,0.0246268383498786,37.482541895175565,0.0035838116682901213,0.00023464518090159436
41.83001067972461,17.124160622012262,0.0001307187833741394,16.601285488515703,24.444412490964066,0.409375,1.4274809160305344,0.679144385026738,7.874015748031496e-06
11.290236304956505,43.258277924624366,36.928738652272045,8.000451612109076,0.5222955060380275,3.8314767517871733,0.012073885764664612,15.317864158545094,4.615831760844423
76.28412985001735,9.924894654785518,7.656087109368756,3.7286445525307563,2.4062438332976073,0.1301043175598766,0.2424452769518698,1.5495705385022769,2.0533164267890087
13.207464103999344,26.41492820799869,0.000628926862095207,57.86127131275903,2.5157074483808275,2.0,0.09523809523809523,23.0,1.0869565217391305e-05
55.04587155963303,4.587155963302752,19.26605504587156,19.26605504587156,1.834862385321101,0.08333333333333333,0.4,10.5,1.0
13.214655842735231,13.956845616646785,0.30041883086507154,3.5377802437759196,68.990299465977,1.0561641394784846,4.943115468991791,0.05127938668421926,0.08491732390489877
1.6342860706559164,6.268160023917502,4.432546603524335,81.66551024672145,5.9994970551807985,3.835411765702557,0.9571384636461796,13.612059393578688,0.0542768494329255
13.919052319842054,37.94877123707591,35.496441003792796,12.22528186210838,0.4104535771808594,2.7263904441955957,0.010815991237677984,29.78481012658228,2.903527411814704
5.1999792000832,55.19977920088319,0.00039999840000639995,6.3999744001023995,33.199867200531195,10.615384615384615,0.6014492753623188,0.1927710843373494,6.25e-05
45.0,8.571428571428571,31.142857142857146,13.285714285714286,2.0,0.19047619047619047,0.23333333333333334,6.642857142857143,2.3440860215053765
6.459955304086027,31.10594742051791,0.012407310672082596,41.94083967990961,20.480850284814384,4.815195455120701,0.6584223270211321,2.0478075420045827,0.00029582885718966456
92.23238492928576,6.566339794663816,4.887940917886033e-05,0.25325359211306625,0.9479728045281829,0.07119342950633017,0.14436852709001746,0.26715280322742335,0.000193005788273431
8.638916309155565,24.411824112435884,5.085749277101334,52.35611160932974,9.507398691977473,2.825797037362674,0.3894587576982504,5.506880830979439,0.09713764297566868
6.990179087232813,25.99653379549394,6.701328711727325,51.87752744078568,8.434430964760255,3.71900826446281,0.3244444444444444,6.1506849315068495,0.1291759465478842
39.60077269800386,16.323245331616228,21.216999356084997,19.961365099806823,2.8976175144880876,0.41219512195121955,0.17751479289940827,6.888888888888889,1.0629032258064517
17.95802694029695,34.07700067894683,41.77644539980765,5.422519403882628,0.7660075770659456,1.8975915779745087,0.02247872646665157,7.07893703173618,7.704250052087395
12.68503558796559,38.39570324439981,29.016200165931615,19.483865333391552,0.41919566831142735,3.0268502581755596,0.010917775503241214,46.479166666666664,1.489242492155984
15.784114052953157,11.710794297352342,38.69653767820774,31.05906313645621,2.74949083503055,0.7419354838709677,0.23478260869565218,11.296296296296296,1.2459016393442623
17.703264577681445,45.93279457993024,0.00047846661020760665,27.27259678183358,9.090865593944526,2.5945945945945947,0.19791666666666666,3.0,1.7543859649122806e-05
0.5830111658574767,7.49424160246112,4.912576649303479,77.53323623279819,9.476934349579729,12.854370621596582,1.2645621601614083,8.181257078797483,0.0633609131773266
86.30393996247655,5.966228893058161,0.900562851782364,0.7129455909943715,6.1163227016885555,0.06913043478260869,1.0251572327044025,0.1165644171779141,1.263157894736842
16.498851390511447,55.09303169953035,0.00040617289618739247,16.723015490255058,11.684695246806953,3.339204069152024,0.21209025690460526,1.4311897004609437,2.4288256889080803e-05
69.98255393867919,10.630712616957858,12.314730573770682,4.6995297063485495,2.3724731642437225,0.15190518234405687,0.2231716019168094,1.980856844737642,2.6204176467136344
94.96294435372441,4.371310136917473,0.020097977640999874,0.020097977640999874,0.6255495540761211,0.046031746031746035,0.14310344827586208,0.0321285140562249,1.0
37.25081050393175,14.989965189416388,0.000498005488020478,6.772874637078501,40.98585166408534,0.4024064171122995,2.7342192691029896,0.1652490886998785,7.352941176470589e-05
20.021145526404204,65.30932927373577,0.0005463487790456809,3.0707291187586887,11.598249732322289,3.2620176097119313,0.17758947858290958,0.2647579755246264,0.0001779215156778586
5.6148199804491974e-05,5.614819980449197,0.3930373986314438,76.64229273313154,17.34979373958802,100000.0,3.09,4.41747572815534,0.005128205128205128
9.069830923943114,45.5265739720516,0.0004556926847332164,29.4125292138391,15.990610197481448,5.019561483981766,0.35123684482161904,1.8393625290466795,1.5493148563327397e-05
21.052631578947366,34.385964912280706,6.666666666666667,25.263157894736842,12.631578947368421,1.6333333333333333,0.3673469387755102,2.0,0.2638888888888889
60.6425702811245,20.481927710843372,7.630522088353414,4.819277108433735,6.425702811244979,0.33774834437086093,0.3137254901960784,0.75,1.5833333333333333
61.855670103092784,12.886597938144329,20.618556701030926,4.123711340206185,0.5154639175257731,0.20833333333333334,0.04,8.0,5.0
28.731504094239334,19.33630225542307,29.880764258008906,21.06019250107743,0.991236891251257,0.673,0.0512630014858841,21.246376811594203,1.4188267394270122
11.115369873514757,48.29436565733998,0.30663089306247604,31.429666538903795,8.853967037178997,4.344827586206897,0.18333333333333332,3.54978354978355,0.00975609756097561
8.839256212864317,21.063786457293208,1.9846410688399514,59.41374474229073,8.698571518711798,2.3829817747151365,0.41296333573966565,6.8302875494538124,0.03340373641567963
9.699453551912567,20.62841530054645,56.284153005464475,12.158469945355192,1.2295081967213115,2.1267605633802815,0.059602649006622516,9.88888888888889,4.629213483146067
47.668146797166855,13.989564820907663,0.0005181320304039875,3.626924212827913,34.71484603706717,0.29347826086956524,2.4814814814814814,0.1044776119402985,0.00014285714285714287
69.6663182580382,10.877374108640037,11.784587891825119,5.059679349090091,2.6120403924065596,0.15613533742878666,0.24013519865348593,1.9370601479973442,2.329117534680217
90.66447007138935,4.942339373970346,0.10982976386600769,2.471169686985173,1.8121911037891267,0.054512416717141125,0.36666666666666664,1.3636363636363635,0.044444444444444446
0.9708737864077669,19.902912621359224,10.194174757281553,4.368932038834951,64.56310679611651,20.5,3.2439024390243905,0.06766917293233082,2.3333333333333335
18.803418803418804,11.965811965811966,47.863247863247864,5.128205128205128,16.23931623931624,0.6363636363636364,1.3571428571428572,0.3157894736842105,9.333333333333334
86.23517328089866,12.978640109506667,0.24651920227145704,0.04662939157597921,0.4930380157472234,0.15050285881876316,0.03798841878557678,0.0945756515454697,5.286777157917061
46.28535378668794,10.805536838352007,32.467699164577155,8.267012573772044,2.1743976366108706,0.23345477466048387,0.20122994989876838,3.8019782741566264,3.927379918059433
13.292475665653807,42.12288201060927,20.682906731214914,23.798733068960193,0.10300252356182726,3.168926772568772,0.002445286709866732,231.04999999999998,0.8690759575849383
37.41812499746016,9.990655367153249,0.0006016515168615054,3.951403647006778,48.639214336862956,0.2670004274086793,4.868470840939665,0.08123905167629458,0.00015226273259054705
8.123177112855874,34.94382000839111,0.5134610358090334,42.73946358574577,13.680078257198206,4.30174296619588,0.39148777248489686,3.1242119220522038,0.012013745441116863
13.377823673014644,32.52141926454479,0.00018741738018715506,4.416948687170731,49.68362095788964,2.430994761139366,1.5277199483128114,0.08890150520459057,4.243141441319414e-05
47.425474254742554,6.123852283298953,35.57011689519881,9.64486510536747,1.235691461392226,0.12912579957356077,0.20178335535006606,7.805237315875613,3.687984902495282
85.77369969163308,8.36816582357396,2.5104497470721876,0.000418408291178698,3.347266329429584,0.0975609756097561,0.4,0.000125,6000.0
89.51048246688474,9.091148554177506,0.0008671708526932702,0.46596780424605405,0.9315340038390078,0.10156518324589375,0.10246604136844241,0.5002155609196471,0.00186101023459415
36.13926840017629,16.703393565447332,25.694138386954606,20.361392684001764,1.101806963420009,0.46219512195121953,0.06596306068601583,18.48,1.2619047619047619
15.637894005616978,38.8211826687151,0.9669061914027921,35.545037954603906,9.028979179661205,2.482507085338404,0.2325786737800084,3.936772612641872,0.02720228327334098
30.554469998284233,24.939821112486307,0.05041369968511735,2.14692615210153,42.308369037442816,0.8162413261917744,1.6964183041497767,0.05074471554792162,0.02348180426968558
19.29526963880933,21.644258986142642,0.00016778495338095072,6.040258321714226,53.02004526838042,1.1217391304347826,2.449612403100775,0.11392405063291139,2.777777777777778e-05
81.89789590785438,3.041683190546842,0.0007533853986114517,6.559356046709211,8.500311469490955,0.03713994305750084,2.794607767143147,0.771660670347415,0.00011485660989380514
20.38523274478331,17.174959871589085,35.95505617977528,24.719101123595504,1.7656500802568218,0.84251968503937,0.102803738317757,14.0,1.4545454545454546
3.5211143622733725,22.183020482322245,0.00035211143622733724,12.323900267956803,61.971612776011355,6.3,2.7936507936507935,0.19886363636363635,2.857142857142857e-05
37.75696800804379,31.42666981433798,0.00024006723172919587,23.56948550090484,7.246636609481667,0.8323409286371406,0.2305887531925349,3.2524723911319047,1.018551006215132e-05
66.57342657342657,3.9160839160839163,20.6993006993007,5.034965034965035,3.7762237762237763,0.058823529411764705,0.9642857142857143,1.3333333333333333,4.111111111111111
9.370793428988101,10.198542143643078,1.2458102426338662,2.926637633030886,76.25821655170407,1.0883328312514473,7.477364458334576,0.0383779973538535,0.42567970444078507
11.672942442173213,15.384615384615385,47.55244755244755,24.636901559978483,0.7530930607853685,1.3179723502304148,0.04895104895104895,32.714285714285715,1.9301310043668123
96.7984512247804,2.39996160061439,0.0007999872002047968,0.0007999872002047968,0.7999872002047966,0.024793388429752067,0.3333333333333333,0.001,1.0
80.10429264768247,9.424034429139114,5.7591321511405695,0.0005235574682855063,4.712017214569557,0.11764705882352941,0.5,0.00011111111111111112,11000.0
35.580695474723456,20.578662600453253,24.073981484711727,19.560810344514955,0.20585009559661188,0.5783659460808557,0.010003084242805846,95.0245385498714,1.2307251622355362
18.130217028380635,4.006677796327212,62.77128547579299,13.722871452420701,1.3689482470784642,0.22099447513812154,0.3416666666666667,10.024390243902438,4.574209245742092
11.947815178665543,39.04100225328524,28.54580372546412,20.0895856897851,0.3757931527999948,3.2676268982632317,0.00962560208782479,53.45915842292424,1.4209254569136651
0.000552175017393513,18.60829808616139,0.000552175017393513,6.294795198286049,75.09580236551777,33700.0,4.035608308605341,0.08382352941176471,8.771929824561403e-05
71.76353809272779,9.074258470567836,0.00043189635235782876,2.581177450724077,16.580594089627944,0.12644664284587973,1.8272120133459662,0.15567460591407534,0.0001673253236567181
49.658918645780695,22.688226376958056,10.365083375442142,17.016169782718542,0.2716018191005558,0.45688120071228694,0.011971046770601335,62.651162790697676,0.60913140311804
8.204321665136742,23.219778297556815,0.0001547985219837121,58.66863983182689,9.907105406957575,2.830188679245283,0.4266666666666667,5.921875,2.6385224274406333e-06
43.40748779164406,8.681497558328811,32.555615843733044,14.107433532284318,1.2479652740097666,0.2,0.14375,11.304347826086957,2.3076923076923075
95.06107275624005,0.9426447158789166,0.9028146574614976,2.655337227827934,0.4381306425916091,0.009916201117318436,0.4647887323943662,6.0606060606060606,0.33999999999999997
48.371383297141854,3.8852045307823233,29.391396208697696,18.035095956335468,0.3169200070426669,0.08032031060422228,0.08157099697885196,56.907407407407405,1.6296778392450373
60.451149846198916,3.910941848542552,30.17430789512231,5.199941409110883,0.26365900102534057,0.06469590501574994,0.06741573033707865,19.72222222222222,5.802816901408451
0.0007042055153375961,0.0007042055153375961,0.0007042055153375961,99.99718317793865,0.0007042055153375961,1.0,1.0,142000.0,7.042253521126761e-06
89.98114196343113,4.69064298696528,8.070887315738124e-05,1.7563011402712985,3.5718332004591242,0.052129178232385456,0.7614805071255284,0.4917086105940062,4.595389213544211e-05
12.36381509130024,32.1673974946105,0.6448967515719611,44.26214658013422,10.561744082383072,2.6017371868692045,0.32833691579036334,4.190799003922394,0.014569938455298604
16.098454358987958,18.560570908009645,0.00018939358069397597,5.681807420819279,59.65897791860243,1.1529411764705881,3.2142857142857144,0.09523809523809523,3.3333333333333335e-05
0.0005376257372192921,62.36458551743789,0.0005376257372192921,0.0005376257372192921,37.63380160535045,116000.0,0.603448275862069,1.4285714285714285e-05,1.0
77.84431137724552,2.844311377245509,5.389221556886228,3.630239520958084,10.29191616766467,0.036538461538461534,3.618421052631579,0.3527272727272727,1.4845360824742269
48.58459724992849,7.9591139322449695,35.756764562066664,5.571662216875757,2.1278620388841216,0.1638196955982111,0.2673491115968899,2.6184320764506,6.417611687543549
35.17570263466013,2.010040150552007,17.085341279692063,0.0005025100376380018,45.728413425058164,0.05714285714285714,22.75,1.0989010989010989e-05,34000.0
28.55423164284156,45.01295431685554,0.3707476386612284,13.093288511319612,12.968777890322055,1.5764022257674766,0.28811212432385874,1.0096007983212105,0.028315853449704706
94.32892444407788,3.0927516211173076,0.0005154586035195513,2.5772930175977566,0.0005154586035195513,0.03278688524590164,0.00016666666666666666,5000.0,0.0002
5.821561374996021,43.99151136682932,0.21995973368798535,32.38457116737867,17.58239635710801,7.556651649465671,0.39967702428986257,1.841874708636437,0.006792115064643907
31.62827020695041,22.647403358063258,19.133151112846544,22.256930886372512,4.334244435767278,0.7160493827160493,0.19137931034482758,5.135135135135135,0.8596491228070176
36.371665783430494,20.49107931460873,22.893481717011134,20.058293587705357,0.18547959724430316,0.5633802816901409,0.009051724137931035,108.14285714285715,1.141347424042272
9.347442680776014,33.33333333333333,0.8818342151675485,52.02821869488537,4.409171075837742,3.5660377358490565,0.13227513227513227,11.8,0.01694915254237288
8.022122995737773,55.896082809011574,26.97889182058048,8.854272376699818,0.24862999797036736,6.96774193548387,0.004448075526506899,35.61224489795918,3.0469914040114614
14.580265095729015,25.03681885125184,27.982326951399116,29.455081001472756,2.945508100147275,1.7171717171717171,0.11764705882352941,10.0,0.95
29.573657697505833,47.33996805504362,19.093254699594546,2.8136134660277676,1.1795060818282344,1.6007478188616535,0.02491565014274591,2.385416666666667,6.786026200873362
14.176822256194532,27.868111091984147,1.4737123236265892,45.58344191058768,10.897912417607044,1.9657516041584873,0.39105314248376416,4.182768237056254,0.03232999224844163
50.0,4.166666666666666,26.666666666666668,17.5,1.6666666666666667,0.08333333333333333,0.4,10.5,1.5238095238095237
52.06689216757607,1.2751536798510519,3.266855467418059e-05,0.021050018030834866,46.63687146598736,0.024490681635980872,36.57353007947632,0.00045135999412367983,0.0015519490114605339
26.15089871488323,45.326153514389986,0.3905880485961029,4.930548957258395,23.20181076487228,1.7332541419922047,0.5118857208456096,0.2125070757289032,0.07921796375657271
6.511180523481472,23.50113560376912,5.337733151784352,56.25630402431076,8.393646696654304,3.6093509493426343,0.35715919597128437,6.702248266743756,0.09488240019247779
0.964630225080386,12.985406876082116,0.39574573336631214,72.34726688102894,13.306950284442246,13.461538461538462,1.0247619047619048,5.436802973977695,0.00547008547008547
86.32656836209894,5.88059268969844,0.00023148833695713696,4.635849796686852,3.156757663178823,0.0681203110615048,0.5368094390738535,1.4685478872073439,4.993439112772312e-05
