h2,ch4,c2h2,c2h4,c2h6
92600.0,10200.0,0.001,0.001,0.001
0.001,0.001,35.0,5.0,10.0
8800.0,64064.0,0.001,95650.0,72128.0
20000.0,13000.0,57000.0,29000.0,1850.0
625.0,130.0,0.0001,2.0,47.0
0.001,116.0,0.001,0.001,70.0
0.001,3.4,0.001,54.0,0.001
4.166,7.952,6.371,15.365,1.605
2.626,1.589,4.672,11.922,25.649
4.047,14.949,13.257,7.009,33.593
2.564,5.117,5.228,18.488,43.051
4.269,8.891,18.391,2.912,3.174
4.997,4.933,4.378,3.849,4.582
18.083,0.844,8.914,17.977,0.913
1.929,0.579,0.656,26.76,5.993
3.756,16.247,10.487,1.986,12.74
5.493,7.244,4857.143,6.618,3.296
3.912,2.293,44.127,4.847,20.007
7.291,0.487,9.045,0.367,2.053
5.821,4.55,12.727,3.812,9.266
4.523,9.066,13.951,3.309,1.564
11.406,6.629,7.999,8.37,5.857
11.041,4.284,11.935,13.479,1.271
5.467,27.244,0.096,8.573,5.546
15.8,11.405,5.757,22.516,0.693
10.484,5.98,0.82,0.795,4.102
10.473,1.81,22.21,1.941,1.686
0.85,4.62,43.056,11.944,6.782
7.03,5.747,38.259,3.162,3.006
18.056,1.397,12.789,7.933,11.492
13.948,20.295,4.285,10.414,19.566
3.101,6.27,31.756,3.442,2.249
5.969,1.672,9.083,4.402,2.84
2.003,21.921,7.693,14.749,2.65
10.34,18.011,11.795,3.0,4.429
10.311,6.796,19.759,10.135,8.655
2.657,43.146,15.424,48.347,13.396
8.574,19.284,1.636,1.143,1.275
2.03,3.272,3.296,3.959,3.516
6.871,76.017,3.432,17.808,24.615
9.491,2.785,1.056,1.896,4.4
4.161,2.435,15.001,5.47,6.148
0.169,24.641,27.717,4.773,22.125
16.347,0.88,13.668,2.773,1.725
8.093,3.517,0.264,4.884,4.967
3.764,1.649,5.695,9.552,4.916
1.987,4.481,10.03,0.994,4.267
2.907,16.428,0.725,9.076,24.687
6.074,19.864,9.797,3.059,2.562
13.497,23.247,0.438,24.563,38.721
4.751,11.756,5.499,16.758,3.585
1.239,12.575,6.433,22.551,4.307
4.181,10.823,2.825,12.898,7.161
10.577,1.28,13.737,2.706,9.317
13.71,21.597,16.564,65.235,9.12
1.41,3.478,3.244,8.853,2.312
3.684,19.791,2.824,2.124,23.839
2.546,25.366,12.362,26.278,14.329
1.997,4.643,14.421,18.453,6.931
12.68,15.355,10.756,16.491,3.574
21.437,5.636,3.941,7110.977,7.746
6.948,9517.934,4.725,1.582,5.033
6.891,2.822,23.829,2.558,0.976
17.448,0.602,31.787,17.738,8.113
7.323,20.811,12.947,7.606,1.842
0.494,0.527,20.881,21.612,14.752
2.152,14.654,15.088,1.859,3.41
9.514,11.714,0.77,24.749,8.324
12.455,17.148,1.265,7.859,12.832
9.157,24.677,19.301,4.043,56.352
6.862,8.738,11.079,21.533,9.7
7.483,4.922,4.763,13.801,2.017
2.228,1.436,17.517,12.477,24.87
1.845,5.422,4.532,5.662,18.212
1.752,1.282,5.56,15.085,6.227
2.136,8.667,19.767,12.521,30.534
7.525,0.718,9.95,0.662,5.907
16.181,4.447,0.274,3.971,10.081
13.507,2.011,19.405,3.686,15.241
3.879,38.441,4.786,4.762,2.822
2.353,23.461,29.187,10.531,13.987
2.732,3.237,13.559,12.54,4.007
13.804,7.643,11.787,3.11,2.711
4.733,26.464,6.025,9.976,0.809
6.149,27.877,6.477,24.361,25.223
11.606,2.706,0.94,1.667,5.662
15.637,1.514,21.703,3.622,14.661
7.753,12.234,6.602,9.735,7.106
1.931,15.559,5.393,2.64,3.501
3.365,5.287,23.123,6.725,5.954
32.858,5.464,4.032,0.242,1.857
0.048,3.544,0.981,4.063,8.575
1.708,4.518,17.305,1.795,6.118
2.165,1.393,4.788,6.546,3.364
11.46,10.108,5.696,23.272,13.805
0.193,5.449,0.881,7.18,5.8
3.033,10.787,38.034,8.752,1.406
0.519,17.058,3.024,11.187,28.518
0.156,32.429,4.186,2.042,4.716
4.861,10.184,12.369,12.961,15.719
13.991,0.342,0.045,13.292,14.814
6.699,11.342,0.761,12.533,13.499
11.959,10.337,3.419,4.169,2.49
28.058,7.448,0.117,17.09,10.244
4.832,13.519,4.661,0.32,23.552
11.81,1.377,33.921,2.172,14.304
6.318,14.858,3.465,6.119,5.42
1.401,12.774,0.446,5.642,5.197
8.664,16.452,7.725,5.578,21.472
2.864,11.854,2.167,8.319,13.265
1.394,18.421,17.047,8.717,24.13
12.365,12.202,10.406,4.058,3.329
0.759,6.687,16.99,0.809,9.26
10.247,10.388,15.997,4.098,5.999
11.164,1.888,20.316,11.558,8.32
3.051,44.112,8.457,1.229,2.534
21.643,16.59,5.379,59.907,2.496
38.648,19.317,0.93,3.721,5.661
16.202,0.152,10.634,3.887,7.356
12.153,8.939,7.577,0.048,1.824
12.472,2.157,12.307,21.63,15.329
18.654,16.57,0.664,0.752,0.379
28.747,5.643,28.521,2.239,3.235
18.77,9.054,16.024,9.504,7.739
6.032,11.303,1.468,9.827,7.736
5.383,3.053,15.626,2472.359,1.955
22.872,16.952,24.037,1.293,3.604
16.603,3.614,1.872,3.807,0.556
1.141,2.138,8.433,3.987,0.33
75.023,13.246,16.785,3.806,10.653
1.605,13.179,3.625,26.475,0.68
4.692,9.421,4.204,7.575,0.698
33.794,1.557,10.214,41.724,1.003
8.115,12.586,0.335,20.658,12.559
0.417,18.764,6.981,1.979,1.375
6.188,4.523,17.205,1.283,8.009
4.45,3.968,1.409,9.239,1.319
0.289,3.133,13.645,1.825,6.532
3.251,3.822,12.519,14.106,25.779
27.841,29.955,11.301,16.556,3.319
0.288,7.661,2.306,11.235,4.43
6.055,17.571,7.51,14.297,2.103
29.703,0.145,0.234,8.027,9.559
3.618,22.105,10.056,9.273,4.241
3.554,1.32,15.435,7.935,21.211
5.685,20.854,19.08,14.199,10.731
0.235,0.192,9.157,1.116,5.434
3.869,4.582,28.203,2.379,5.524
0.819,3.954,2.495,4.697,5.49
9.532,0.132,11.851,6751.267,3.965
0.668,10.092,1.846,28.441,4.856
3.18,3.007,7.268,0.897,4.359
0.606,15.188,0.39,3.485,0.351
1085.161,4.056,6.035,18.903,39.812
0.638,21.557,11.333,3.196,3.888
22.856,9.217,4.565,1.69,1.369
2.218,4.583,11.376,26.36,4.344
2.406,9.55,5.585,19.556,5.873
14.634,2.038,9.879,2.642,0.252
11.389,1.459,36.244,0.845,4.337
8.215,0.377,10.925,5.083,2.001
2.063,1.67,17.355,6.198,25.041
0.805,11.109,6.968,1.601,0.117
21.821,6.782,0.417,28.254,6.302
13.739,5.318,50.018,19.271,11.213
23.698,10.369,5.925,13.078,2.168
8.246,0.529,6.165,1.024,3.785
9.235,28.928,4.708,31.211,8.018
9.822,11.614,6.494,1.187,2.31
1.863,10.837,8.538,3.708,7.371
12.375,4.785,9.636,0.945,0.039
7.329,2.356,5.079,26.561,6.697
3.311,5.377,5.688,46.359,40.169
13.741,16.532,2.068,2.476,4.092
2.027,5.849,4.518,2.633,5.508
5.773,2.752,5182.748,24.084,1.227
4.688,8.655,1.809,47.471,26.853
12.421,4.68,32.085,20.716,3.8
0.15,7.145,5.438,2.674,4.468
0.359,4.778,12.918,6.077,4.287
7.592,38.246,1.965,11.003,9.376
7.368,19.854,10.343,4.798,1.234
4.971,1.687,16.043,31.616,8.15
0.103,1.328,5.167,1.042,3.24
0.072,6.386,19.83,8.468,2.112
1.542,10.682,7.666,1.729,10.031
2.838,2.352,27.094,3.551,1.185
8.835,14.314,5.473,7.904,6.357
37.23,38.211,7.31,7.222,2.098
6.57,19.927,8.726,2.416,5.126
1.487,6.291,3.65,0.84,1.474
807.936,2.237,9.808,3.288,2.225
9.693,0.763,0.766,19.61,13.66
7.181,3.837,16.497,17.116,1.637
1.237,4.452,5.827,34.855,0.723
3.612,10.51,4.25,8.591,2.334
3.165,5.568,0.567,3.388,30.415
7.212,0.525,16.599,6.648,7.264
3.663,6.416,0.345,26.564,24.793
13.269,2.633,11.407,21.675,2.387
2.633,1.441,3.336,4.55,3.873
23.11,0.5,16.004,22.73,15.645
0.21,14.181,23.534,3.456,2.025
12.039,12.627,3.029,16.145,0.623
3.618,13.195,7.511,5.165,15.879
11.308,16.683,1.153,6.137,29.024
8.464,9.492,0.721,4.69,9.038
7.722,12.639,1.529,8.6,33.823
0.891,1.121,17.073,17.782,10.853
7.886,12.231,7.759,3.562,11.9
5.175,8.364,2.26,4.098,7.108
7.664,6.177,1.975,19.179,2.597
4.711,0.622,6.674,11.202,11.69
4.704,12.25,3.119,10.323,1.395
3.29,4.177,19.969,25.529,4.647
21.007,14.438,11.149,1.378,0.973
3.279,31.502,11.19,10.308,49.136
2.224,9.349,12.053,19.503,7.89
22.866,3.314,6.423,16.788,6.083
5.395,4.571,0.172,44.609,6.713
8.411,14.104,8.996,9.026,5.678
8.28,30.49,0.814,0.121,5.376
0.781,2.316,5.34,7.457,5.024
12.175,3.291,9.702,11.6,6.738
17.332,5.286,0.567,3.235,2.661
12.008,6.581,8.2,8.42,6.717
7.947,20.341,11.43,12.647,20.551
5.1,23.665,77.273,1.719,3.58
1.721,5.146,4.453,44.658,2.843
0.986,5943.811,6.661,3.424,2.736
9.644,11.998,2.62,6.504,13.706
6.488,7.701,11.955,1.677,3.506
6.127,3.784,52.469,7.299,11.271
4.831,10.461,5.799,6.672,12.668
1.204,0.426,1.321,8.156,6.064
0.686,10.486,6.785,0.863,3.639
5.148,8.353,2.365,1.588,0.102
6.377,12.381,9.978,1.501,18.468
14.615,1.758,9.406,13.983,2.155
15.777,9.885,4.901,31.024,12.194
6.747,2.398,4004.548,2.076,7.288
22.138,4.255,5.053,0.224,3.855
12.705,7.916,4.094,47.144,18.941
27.51,47.709,5.031,5.934,7.498
13.274,32.204,1.104,13.453,3.933
9.239,15.074,9.167,16.638,4.913
0.749,4.07,27.668,3.344,4.139
16.173,4.337,6.968,0.645,5.44
10.741,13.49,3.827,7.477,3.141
26.092,6.597,8.095,34.076,9.086
1.525,6454.212,7.231,16.82,2.719
26.446,8.58,7.685,10.757,8.425
1.956,5.079,0.702,4.364,1.081
5.26,32.879,4.449,3.431,31.051
1.607,3.726,28.811,6.27,1.573
2.225,7.638,1.973,8.137,3.911
9.035,7.316,8383.94,15.055,12.199
0.361,2.49,16.59,8.651,18.882
8.273,12.263,2.599,7.235,6.047
8.96,5.769,9.933,6.932,3.828
1.472,4.458,46.538,0.87,16.1
17.15,13.457,14.658,0.401,1.708
0.454,3.259,1.668,7.857,6.923
17.978,3.224,8.023,7.513,1.281
10.946,14.088,5.905,0.807,1.446
9.43,2.748,19.579,1.93,4.078
3.201,18.626,5.399,0.995,21.646
6.724,19.588,4.383,31.766,15.155
4.233,18.087,37.233,13.862,34.45
8.805,1.399,19.734,6.309,10.293
0.381,20.023,0.552,6.706,3.183
9.227,4.578,9.215,5.861,3.234
0.9,4.225,14.11,6.721,1.589
6.56,16.293,22.534,0.37,6.074
0.003,13.356,8.198,22.87,0.796
2.512,2.7,11.904,4.228,3.016
17.322,13.688,14.925,0.891,3.373
12.676,16.187,2.293,9.482,6.156
2.772,5.309,0.286,1.606,2.963
5.849,9.754,9.793,15.406,14.683
3.877,7.76,23.466,18.198,6.219
6.843,27.411,12.737,28.495,20.728
11.624,2.055,13.684,1.673,3.602
7.698,12.044,27.746,6.779,5.635
12.214,39.576,9.605,0.244,0.044
0.041,11.416,0.241,0.935,5.377
5.894,18.273,0.431,7.768,7.279
29.357,9.21,10.064,26.969,10.722
0.187,9.018,5.702,0.627,6.215
6.87,6.414,3.753,10.724,4.279
0.404,0.785,0.812,5.037,56.238
0.511,2.334,46.56,0.541,1.726
11.874,0.473,8.772,8.619,4.103
14.871,2.583,12.254,2.588,0.703
0.327,3.135,20.258,6.539,20.537
1.882,4.238,16.537,9.273,1.6
0.486,5.522,46.031,4.776,4.451
1.273,14.42,16.805,16.54,59.053
11.271,25.238,4.268,24.083,4.813
6.501,13.756,8.775,5.376,0.011
0.913,4.31,7.213,9.717,2.224
0.674,4.11,11.062,6.589,1.347
1.519,3.917,20.279,10.277,18.081
3.861,4.801,8.135,23.394,39.433
6.26,6.52,9.249,5.807,1.443
1.656,5.491,5.878,0.928,2.149
8.577,6.1,0.536,6.076,2.513
30.586,8.646,9.179,16.733,3.397
8.437,8.212,35.003,27.16,10.317
11.243,10.971,5.74,1.55,0.11
13.852,14.441,15.205,4.553,2.806
12.36,26.245,8.902,9.492,2.56
1.672,9.747,0.019,4.253,12.306
1.826,19.338,6.018,2.475,34.651
3.401,35.38,14.027,1.14,7.17
16.777,15.805,12.235,11.971,1.786
1.526,0.868,8.843,1.552,6.248
1.792,5.482,2.903,5.852,5.749
12.314,0.706,17.552,4.498,5.434
1.438,2.443,2.39,9.665,0.379
13.565,5.261,15.382,23.422,5.889
5.397,12.435,7.697,3.563,0.433
20.096,3.329,0.794,4.482,3.613
11.934,43.962,2.947,2.292,10.865
13.038,6.533,25.668,8.1,10.438
38.042,20.096,16.461,3.448,3.286
6.926,5.871,0.319,16.66,6.502
4.342,3.793,0.42,21.037,1.455
4.277,15.299,9.976,3.095,25.843
16.891,7.617,26.772,8.19,12.024
22.351,31.056,8.573,5.188,11.091
4.058,4.277,7.18,10.918,0.843
0.12,0.624,14.462,1.548,6.054
4.429,24.924,19.918,18.981,0.045
3.393,54.553,14.55,1.928,20.43
12.915,8.225,17.664,2.15,9.106
8.373,6.865,0.449,7.721,0.036
4.007,0.013,11.402,39.673,1.96
16.236,16.347,5.255,4.719,1.811
1.43,4.914,1.307,17.508,2.443
4.102,0.756,13.51,2.15,6.759
12.223,7.889,1.966,7.049,0.564
6.867,3.431,17.53,14.618,0.449
12.52,4.725,15.785,12.517,9.714
0.132,7.915,16.689,3.603,5.206
3.865,7.941,0.377,2.81,1.128
14.358,20.614,31.155,4.118,10.344
9.399,0.992,19.575,3.319,10.356
6.208,4.469,15.237,7.765,11.457
6.261,25.008,17.981,14.22,8.22
19.69,1.122,0.53,27.866,14.632
21.137,3.952,9.373,19.134,10.06
11.398,5.365,3.248,7.208,3.581
2.684,19.663,1.274,10.696,0.573
10.087,7.075,2.923,10.81,8.444
1.868,5.714,0.392,5.967,5.149
9.354,2.373,6.479,7.722,8.982
19.1,1.092,12.214,5.519,8.621
8.95,14.473,1.733,47.594,17.607
8.741,12.483,0.571,1.226,8.069
6.437,24.424,1.804,7.312,7.749
20.913,14.944,15.219,2.568,3.386
2.25,34.543,21.369,1.391,39.88
37.955,7.419,0.906,0.96,10.147
2.899,7.644,2.344,3.781,8.158
6.087,8.594,8.272,12.944,2.093
0.898,8.579,5.659,2.658,3.937
11.532,4.011,27.721,31.409,15.474
5.042,10.941,4.378,1.095,4.233
3.394,38.02,10.645,4.03,16.923
1.821,5.903,6.307,10.427,5.833
12.109,20.144,8.368,21.807,13.783
1.065,3.618,14.925,0.605,1.442
6.714,16.292,29.517,19.014,0.33
23.982,0.26,15.431,17.795,7.865
9.154,12.761,0.229,5.089,3.49
4.473,5.256,2.957,3.348,2.792
5.042,30.187,1.355,32.216,9.812
18.679,6.636,6.417,19.417,10.523
2.596,10.933,2.801,5.657,3.114
10.265,47.992,9.405,4.597,2.073
0.303,21.104,21.304,4.736,8.336
1.705,27.84,2.391,2.806,0.832
18.231,5.948,0.55,6.753,0.982
23.497,2.806,0.713,0.14,0.165
5.875,10.052,13.397,12.852,0.37
13.872,7.967,13.649,6.941,0.466
5.042,5.186,6.628,6.023,1.227
7.836,8.497,3.676,12.56,3.895
5.308,11.302,33.364,20.905,3.496
4.134,10.703,2.863,4.529,4.481
0.869,6.565,11.239,7.312,21.726
7.775,21.736,24.76,12.093,21.973
4.64,2.453,1.571,12.422,5.295
4.49,0.588,1.58,12.942,2.839
4.123,8.823,9.133,13.962,16.403
0.312,6.194,9.132,5.671,14.308
0.069,3.075,3.745,17.531,13.809
4.939,5.916,17.978,17.185,18.512
0.307,1.475,9.123,11.824,13.304
4.44,5.927,7.925,7.467,4.408
4.464,13.07,4.154,9.557,1.559
8.779,5.452,15.656,16.268,12.331
16.668,5.032,6.055,9.057,6.181
2.517,2.748,0.347,1.505,23.257
18.676,11.464,32.559,0.359,6.954
10.013,0.813,8.556,19.375,2.561
3.736,17.231,10.756,5.851,11.565
20.459,2.656,22.388,15.497,16.897
18.847,1.281,13.089,6.976,2.449
11.093,12.115,6.625,2.244,0.559
12.193,15.315,0.122,5.565,3.657
1.788,1.08,2.682,3.993,1.425
15.319,3.87,6.29,3.516,2.063
1.335,0.807,6.919,2.013,4.774
4.004,0.54,1.269,13.921,6.564
1.309,40.581,17.772,15.722,0.751
35.236,5.134,14.386,3.08,5.326
3.018,15.674,21.853,6.386,3.559
1.182,22.442,16.879,2.871,4.945
0.316,0.151,6.95,27.413,5.474
7.983,9.283,2.43,42.303,9.496
0.826,0.72,3.086,29.588,5.661
17.895,5.57,0.963,2.445,1.953
0.245,1.947,9.128,13.003,4.491
5.63,6.754,18.535,9.325,7.663
5.192,5.697,13.87,3.081,10.464
2.994,14.097,4.318,10.128,30.96
1.962,21.012,8.07,1.368,2.767
2.151,6.776,4.953,60.815,8.057
7.449,11.371,50.575,5.829,14.699
1.67,17.324,0.096,2.265,8.02
0.884,18.504,0.021,0.247,1.861
68.01,34.961,11.883,3.235,1.172
18.373,9.661,6.061,13.392,4.343
6.635,2.753,31.518,4.269,0.355
5.459,7.431,37.561,0.14,7.239
14.087,11.616,3.997,4127.725,459.071
24.054,27.39,55.223,4.988,8.588
10.758,4.052,19.31,8.631,9.051
9.695,33.133,5.984,19.908,1.226
4.306,56.939,12.839,2.257,12.347
4.664,2.398,23.458,9.454,1.976
5.692,3.11,10.397,3.897,1.353
7.583,22.718,1.855,1.305,3.741
19.005,37.203,6.782,3.318,16.065
8.05,3.698,16.825,3.322,4.512
4.473,3.928,3.112,22.389,10.449
4.25,4.236,2.981,21.535,7.168
12.248,2.146,14.855,16.586,0.301
1.621,4.825,0.858,23.543,26.456
20.848,2.389,15.121,25.063,6.145
3.998,0.934,9.469,9.145,1.556
4.727,24.81,0.988,7.42,1.031
8.912,14.909,25.98,0.634,4.871
18.397,50.702,5.111,4.4,0.624
11.701,4.099,24.48,1.018,3.961
0.944,9.178,11.973,9.39,25.97
21.609,13.087,22.483,0.653,8.746
11.206,0.453,5.703,21.423,4.413
11.069,11.227,13.377,8.806,4.696
11.773,5.479,14.821,29.511,31.488
1.342,12.503,1.055,6.996,27.418
13.749,3.265,20.406,0.725,9.007
10.669,26.693,15.874,7.755,10.585
1.228,10.699,12.908,2.797,1.561
0.404,3.239,6.549,13.694,4.794
5.724,12.752,0.716,20.683,9.684
4.241,4.996,3.103,13.257,15.242
20.28,4.917,0.375,26.613,1.621
0.321,3.306,2.715,13.923,3.702
11.974,9.53,27.562,7.344,7.953
40.939,2.757,28.473,3.893,3.239
1.737,4.051,16.507,23.793,8.791
7.533,3.942,9.977,11.758,11.322
3.727,12.842,5.18,2.459,15.591
1.673,12.667,3.491,39.854,20.087
3.887,2.539,14.885,20.67,3.466
0.073,44.617,10.815,3.697,13.009
3.873,3.751,29.183,6.213,9.017
24.281,5.605,33.894,8.907,19.05
5.99,13.29,13.666,9.804,25.141
0.198,2.877,7.484,4.096,16.105
13.564,5.207,3.303,14.519,2.213
6.231,3.773,3.086,3.244,2.099
4.367,7.226,15.023,31.061,2.823
0.731,13.422,17.248,19.76,6.544
7.351,2.882,15.77,6.613,4.532
12.344,20.006,52.1,4.385,22.818
3.657,9.992,10.236,4.499,5.009
0.69,1.975,15.597,14.743,5.024
7.575,8.929,8.603,10.497,19.285
0.79,15.489,4.067,2.387,34.704
4.783,4.678,3.16,4.669,5.49
15.9,12.59,0.965,28.56,0.005
1.55,6.961,14.116,3.555,5.699
0.931,0.224,3.384,7.141,2.192
8.742,0.251,0.062,15.918,8.239
1.429,1.967,4.259,3.961,5.855
2.27,31.511,6.802,2.535,17.51
18.329,4.567,20.701,1.638,6.598
0.357,4.487,4.575,5.522,15.392
2.909,5.92,24.055,3.661,5.572
1.15,10.324,25.504,6.983,11.596
3.86,5.773,5.05,5.845,11.763
27.215,5.603,1.752,8.512,0.442
3.247,1.519,1.567,10.984,1.019
1.731,18.132,3.767,5.075,7.69
2.517,5.122,1.465,28.175,7.698
4331.638,15.19,3.911,1.324,13.687
1.404,8.039,1.613,3.129,11.554
16.361,21.244,0.528,11.583,1.45
19.625,43.193,8.122,15.785,15.351
24.581,4.102,15.595,6.112,2.929
27.65,0.334,34.999,5.016,0.128
1.688,24.236,0.118,12.247,2.17
2.62,20.873,3.069,17.055,23.72
6.538,3.632,33.798,0.462,7.706
2.003,21.481,28.452,19.409,30.883
4.428,22.809,7.26,10.794,16.561
1.315,7.403,7.221,3.768,3.078
1.771,2.612,7.315,9.788,25.76
4.367,0.106,0.539,3.206,6.146
3.293,32.031,17.089,16.311,7.412
13.723,20.141,0.163,7.462,45.687
2.618,9.574,5.609,1.636,22.358
29.823,11.498,0.261,1.72,2.599
8.768,40.849,5.442,13.108,2.833
2.208,17.785,0.561,0.656,18.959
15.132,4.77,18.65,1.285,5.393
10.226,6.733,21.701,16.731,18.403
8.823,11.919,17.18,1.881,7.642
4573.464,11.31,9.363,14.269,5.769
0.307,1.464,17.191,8.646,2.732
4.426,3.689,25.761,8.982,15.692
7.467,2.73,7.758,27.927,8.786
12.883,20.107,25.094,1.862,5.786
0.734,12.157,7.509,4.096,6.137
4.694,3.783,1.421,8.632,1.843
13.781,1.761,7.779,1.284,6.262
4.595,6.511,4.096,30.308,0.606
7.613,5.66,14.514,1.733,11.194
16.972,17.182,31.539,7.094,2.086
17.124,3.168,20.561,0.024,4.866
7.721,33.779,15.575,38.528,8.437
40.281,1.826,4.916,4.519,1.248
13.173,1.736,11.639,9.169,0.223
9.897,7.323,2.641,5.99,3.987
9.51,16.0,19.947,4.351,3.778
14.729,21.326,4.413,7.504,12.089
7.256,5.794,16.273,26.792,13.829
11.252,7.091,8.691,4.537,1.387
0.778,4.479,13.867,3.728,3.915
1.425,10.055,1.784,24.015,37.683
4.22,4.506,10.315,30.072,8.065
4.271,20.008,0.267,1.037,13.685
7.652,20.186,13.868,1.05,18.914
5.721,1.002,10.188,14.846,11.324
22.411,5.75,20.823,65.313,22.743
25.399,13.485,15.186,4.479,9.642
6.197,17.54,10.248,19.786,29.171
11.206,28.285,6.004,6.723,4.04
2.497,17.094,3.887,2.547,3.927
12.682,2.048,0.958,4.587,9.874
6.229,7.449,3.017,7.224,2.893
15.349,9.755,1.648,32.001,16.018
6.862,17.97,2.402,10.024,38.115
18.018,0.912,13.481,12.814,1.273
25.444,9.807,3.02,9.841,2.723
22.734,7.137,34.507,6.188,0.224
9.307,4.35,25.703,2.75,3.393
3.778,20.429,0.352,23.285,0.889
12.523,22.982,0.436,1.045,7.169
5.068,1.991,13.686,52.965,10.792
2.808,1.143,23.331,12.255,5.757
17.657,18.939,12.512,12.228,1.422
9.03,59.863,4.008,1.078,9.845
0.236,7.937,32.008,1.402,21.785
16.606,13.177,12.318,6.491,2.56
2.759,8.246,16.781,12.995,18.092
2.328,8.656,7.187,6.093,3.768
6.074,13.115,8.61,0.282,6.699
11.246,11.063,11.128,7.095,0.367
13.986,4.677,18.356,24.767,32.674
15.471,5.409,7.007,23.033,2.357
18.793,4.135,7.638,7.62,4.718
10.863,0.974,8132.244,13.905,1.86
9.219,1.565,14.262,16.658,0.353
9.869,13.236,16.864,5.56,11.449
1.767,5.522,2.317,31.808,21.117
2.728,3.022,8.668,20.913,15.289
2.586,8.733,11.354,19.035,12.66
0.078,13.587,0.735,1.145,19.759
1.075,4.608,3.375,24.124,18.102
0.338,1.072,2.961,14.149,5.251
26.225,2.915,9.496,1.999,2.536
7.497,8.822,8.357,15.461,15.581
12.354,5.089,0.492,0.509,24.07
5.485,4.302,5.099,8.422,2.337
9.158,4.204,1.822,24.49,0.531
7.675,10.494,9.225,20.35,6.637
5.596,6.156,2.434,30.593,16.686
8.079,1.707,14.642,4.542,8.408
3.114,23.513,2.912,3.628,17.206
2.877,11.545,11.746,7.668,13.041
7.761,14.607,3.95,29.615,22.468
25.232,8.632,1.665,37.578,2.066
2.691,2.565,8.491,18.005,22.395
2.584,21.255,4.579,0.647,21.599
1.481,7.338,11.286,1.964,17.398
0.907,2.566,19.226,13.342,5.92
6.076,4.337,63.721,19.845,1.286
3.836,21.517,3.474,25.788,2.088
26.193,16.027,20.504,10.359,13.817
4.956,20.109,6.097,9.376,17.832
10.416,2.399,9.983,25.172,12.168
2.087,6.745,22.765,6.007,4.773
14.721,17.156,12.92,23.567,5.586
36.745,0.028,42.47,17.269,18.769
1.766,14.847,0.047,10.063,13.134
8.36,8.46,10.09,4.087,1.154
2.01,10.727,31.474,2.122,8.245
13.88,0.261,11.543,1.217,1.617
11.19,1.356,1.201,17.677,2.993
0.678,7.739,5.848,11.021,40.583
0.472,26.556,6.768,2.799,4.819
1.581,15.246,15.809,6.429,3.709
5.522,5.452,8.251,9.448,16.737
4.802,3.982,24.228,3.953,22.527
8.152,24.976,7.222,14.318,3.845
32.298,9.425,0.097,1.353,0.707
26.16,7.958,9.631,23.424,9.624
0.573,10.112,1.397,4.498,4.338
0.523,15.993,6.0,3.53,0.829
2.738,29.509,3.728,7.826,8.906
1.302,5085.713,10.568,11.11,4.38
5.96,39.944,23.601,0.416,1.02
3.456,10.396,1.137,14.811,0.31
6.095,31.748,1.544,1.917,5.445
2.006,5.0,2.3,2.668,2.817
0.038,2.19,2.327,21.203,21.403
16.519,5.717,16.291,11.055,6.084
16.672,13.23,2.125,11.667,1.137
2.251,6.238,1.748,4.588,16.088
0.531,2.294,7.635,6.813,0.583
27.621,14.417,29.214,7.105,9.803
8.426,12.949,19.792,2.034,3.193
9.653,47.52,26.431,12.209,23.96
2.005,7.419,4.749,3.251,17.491
10.465,4.553,0.543,9.155,7.866
30.418,10.698,23.612,5.723,4.289
4.606,2.948,11.302,1.418,2.304
7.924,9.861,5.248,2.779,0.345
34.986,7580.73,43.985,7.589,14.196
4.101,12.308,5.147,30.688,11.006
31.411,1.631,0.415,2.352,5.992
1.308,15.915,1.758,13.136,25.646
2.788,15.423,6.234,0.035,2.226
12.483,3.019,0.161,2.403,1.972
14.894,2.838,0.211,2.621,27.27
1.798,18.72,23.138,26.376,10.477
40.498,12.168,4994.497,11.454,4.92
0.374,8.244,0.31,15.599,8.008
2.961,17.566,31.534,19.089,14.068
8.443,1.813,0.849,9.042,15.934
11.522,11.285,53.197,4451.746,8.599
5.073,0.889,0.28,8.822,4.662
1.187,2.191,14.136,2.684,2.781
0.143,5.592,14.876,0.006,5.102
9.414,2.963,14.343,26.567,1.005
11.519,4.194,35.896,48.091,25.728
18.945,7.974,0.598,8.268,3.017
2.528,4.106,31.886,9.154,1.815
39.257,4.739,22.963,3.745,2.974
1.385,0.558,24.231,4.32,4.713
13.62,0.464,17.504,0.869,9.635
16.812,10.382,5.102,3.985,2.579
2.997,21.505,0.384,7.02,46.254
10.066,9.08,10.034,6.145,7.228
15.999,1.696,29.052,7.806,28.585
7.927,1.901,6.649,2.737,6.575
12.724,5.737,1.365,24.552,22.292
30.369,1.291,25.495,6.859,15.394
15.997,13.603,10.676,4.774,0.725
12.507,8.729,44.131,6.295,4.914
23.858,22.887,0.231,18.089,1.842
1.473,4.069,2.752,5.478,5.362
7.024,2.949,4.503,11.181,4.331
13.032,27.045,1.341,1236.339,18.819
8.987,0.384,9.461,40.409,6.585
6.556,1.846,4.356,11.362,1.662
2.59,2.637,0.225,4.8,1.705
12.233,12.561,0.546,3.288,1.023
12.537,30.332,1.187,7.74,5.431
15.43,34.478,1.558,4.953,9.92
10.914,18.608,5.647,13.084,6.754
37.243,9.91,6.962,5.734,2.465
11.725,22.142,18.964,0.061,5.535
1.05,10.63,0.399,3.447,3.372
16.25,14.872,1.633,16.278,2.465
6.163,4.415,3.033,9.409,6.4
13.511,7.332,0.733,13.149,14.468
5.909,14.298,15.389,16.626,1.31
2.782,22.345,2.159,9.648,11.175
6.957,2.001,11.463,24.025,8.624
4.857,13.793,8.063,30.436,8.694
9.242,26.978,16.796,5.431,6.717
1.393,10.646,26.14,12.518,2.537
21.757,14.928,20.619,0.297,10.878
8.026,8.536,4.443,0.323,1.358
6.506,6.702,1.395,23.21,1.382
4.115,6.476,8.071,3.455,5.735
1.349,2.224,0.632,3.447,13.526
6.017,24.236,2.334,19.048,16.931
0.223,7.256,32.398,1.716,15.307
2.416,3.243,10.566,12.909,7.649
0.64,11.053,16.325,29.053,24.18
8.753,0.509,23.774,2.509,11.659
1.903,5.77,9.191,13.183,8.212
3.661,1.078,3.525,32.713,1.565
21.777,14.75,0.792,10.043,16.535
28.905,1.337,7.78,5.201,6.087
4.226,1.12,0.244,10.531,45.732
10.379,4.196,21.493,4.221,7.358
2.395,4.249,3.643,1.078,6.14
6.253,1.043,23.058,0.197,5.482
4.685,9.396,10.122,4.208,1.399
0.269,5.187,7.637,13.122,6.597
19.612,15.689,25.307,6.672,4.122
16.711,1.364,13.447,2.33,2.599
4.811,14.796,14.575,2.232,26.474
5.132,8.677,15.978,24.425,6.591
1.528,4.334,0.638,12.028,37.057
16.988,10.088,4.572,0.371,2.121
0.742,11.96,16.518,15.714,6.17
19.664,6.016,8.483,18.275,8.446
1.892,6.212,0.795,5.494,17.304
20.908,23.659,0.081,1.678,9.712
1.481,2.681,4.036,9.545,5.762
5.202,14.413,4.359,26.639,14.813
31.146,13.11,10.343,15.505,10.758
2.676,0.383,6.912,7.761,7.174
27.917,1.076,52.291,23.651,13.581
55.584,27.118,0.178,10.263,6.282
33.586,35.408,14.57,16.277,12.178
19.585,4.561,12.865,14.132,6.607
0.243,35.212,21.885,10.554,22.568
5.741,63.634,4.02,1.491,1.978
4.544,7.149,14.299,4.331,5.515
12.651,6.966,6.784,10.067,8.301
0.63,1.924,2.402,29.93,4.772
0.492,28.705,2.474,3.336,14.675
25.892,6.51,4.288,18.105,3.604
0.199,3.099,3.509,0.915,8.689
17.446,11.922,10.8,6.824,5.493
18.345,0.122,10.147,2.949,5.265
8.416,4.223,1.981,33.433,12.933
0.039,9.45,10.087,8.572,7.842
0.036,15.254,3.674,5.508,6.593
18.653,10.348,5.191,1.134,1.711
5.79,3.23,16.661,0.277,2.717
4.29,1.009,1.504,3.575,1.811
10.282,17.94,7.501,21.495,22.547
3.656,13.573,25.607,6.643,4.542
1.898,2.778,6.194,1.513,0.794
13.915,3.093,8.727,4.182,2.47
13.449,16.178,10.263,5.201,3.542
5.374,20.191,2.214,5.52,0.351
5.305,973.013,5.915,3.465,8.765
4.636,29.19,3.942,14.23,8.922
5.949,0.553,0.887,19.427,25.656
8.369,5.373,11.111,17.718,4.635
3.549,0.463,2.279,12.312,3.642
7.872,18.007,20.791,8.219,8.582
6.763,3.386,7.338,1.138,2.324
2158.786,4.896,14.24,6.3,0.509
0.63,1.037,19.06,12.761,11.925
0.331,0.796,5.425,5.232,3.813
34.473,4.323,4.93,9.127,3.164
4.29,11.888,8.4,7.565,4.496
23.449,30.095,12.786,26.856,5.821
16.507,27.871,3.263,20.415,22.612
1.486,2.571,33.691,11.904,26.928
4.843,1.933,9.872,8.746,2.049
20.129,11.957,20.993,7.37,9.795
2.568,6.012,0.928,0.49,1.547
8.964,0.075,2.737,4.929,0.916
1.198,5.199,16.3,5.48,4.391
6.064,0.371,7.421,1.186,4.127
0.686,14.443,1.386,0.15,2.854
4.358,0.338,13.318,1.732,1.088
17.489,20.03,8.744,0.439,1.119
0.934,4.728,98.526,1.852,51.795
34.876,11.23,5.103,14.304,0.886
3.414,2.149,30.997,11.964,2.996
27.004,2.178,14.72,1.081,2.78
15.56,22.984,1.932,1.791,3.302
17.681,41.451,1.942,7.102,2.231
0.693,6.011,2.26,24.225,15.789
0.963,5.166,31.8,0.871,15.308
3.738,9.543,2.141,2.326,9.883
11.542,0.291,32.677,1.166,0.291
3.275,0.841,19.343,5.162,4.701
0.585,2.505,7.022,0.178,1.942
5.669,0.808,7.052,23.053,4.615
4.516,11.057,5.793,59.82,8.237
2.519,44.768,4.418,9.326,9.801
3.375,1.825,17.698,6.073,3.768
1.469,2.997,0.427,5.422,0.892
12.218,15.227,22.838,30.405,9.377
36.911,2.151,25.677,29.54,5.076
21.761,6.169,15.093,2.857,10.938
5.221,3.882,2.133,12.819,4.99
2.789,2.855,0.837,0.814,7.669
3.044,2.634,5.656,0.306,2.66
0.962,22.515,0.451,6.729,11.456
7.498,20.848,12.334,24.998,3.923
23.766,4.376,0.798,27.18,10.547
6.456,24.085,1.356,5.626,0.861
3.125,5.525,29.577,7.475,15.056
8.086,0.548,34.021,10.77,18.84
19.582,30.536,25.433,6.506,2.099
12.466,19.749,1.169,7.62,0.994
10.036,4.398,8.311,14.344,5.872
0.668,5.07,8.143,19.085,5.788
9.497,37.106,2.724,1.402,6.207
6.862,3.525,62.726,20.943,5.599
6.058,8.843,2.983,2.941,7.511
9.7,7.66,5.794,15.447,19.78
8.874,29.755,25.318,0.233,21.346
12.781,5.707,20.275,10.888,3.562
2.942,14.373,5.726,0.849,1.098
5.641,20.483,40.743,1.235,24.448
12.423,2.615,1.429,28.555,6.775
25.532,52.755,4.137,24.516,8.43
5.458,9.186,3.878,39.049,4.306
17.319,13.456,10.705,17.368,3.766
15.57,4.969,3.198,17.688,0.473
4.193,3.671,0.791,7.009,7.675
8885.104,6.738,10.442,10.087,2.992
2.418,4.088,2.487,12.349,25.749
5.68,8.21,11.317,9.638,7.718
21.933,10.033,5.545,4.48,3.801
8.913,3.545,5.504,8.77,4.693
7.445,17.524,5.02,17.775,15.788
2.756,7.973,8.043,0.007,3.292
4.087,7.672,4.793,4.256,12.829
2.596,7.606,11.138,8.138,11.266
0.197,0.202,16.258,1.205,7.523
0.247,2.417,14.652,13.759,22.954
13.741,1.061,22.544,8.763,4.111
6.735,6.45,19.278,7.803,5.296
4.613,5.311,6.725,3.753,7.027
24.396,1.875,10.738,2.196,3.061
12.368,12.36,0.535,24.717,4.163
20.529,2.292,4.292,26.992,0.129
0.751,23.51,11.332,7.716,16.709
8.518,2.722,19.296,11.63,12.802
14.402,11.874,27.853,3.597,3.653
14.725,15.361,5.752,13.572,10.85
20.52,4.458,19.765,11.868,19.506
10.855,25.355,1.76,31.653,9.926
8.054,9.844,11.13,15.786,20.248
1.215,27.25,3.312,4.018,14.233
1.236,2.106,13.539,16.772,10.135
0.763,9.589,12.423,2328.226,12.865
0.848,10.31,0.32,9.386,9.07
6.732,9.318,2.954,2.34,1.31
6.025,21.155,0.054,11.352,20.228
3.482,2.345,9.141,9.23,2.697
0.188,2.688,5.182,12.768,5.166
10.696,18.248,2.341,15.428,1.52
14.74,27.775,0.676,1.22,12.27
55.762,11.359,32.939,4.707,11.625
15.156,6.844,16.016,20.842,2.268
4.881,11.587,3.588,0.534,24.848
1.353,2.334,0.054,3.718,2.653
17.417,20.725,8.284,47.592,20.885
10.284,0.524,4.342,32.669,1.698
0.611,2.109,38.103,16.227,5.785
4.82,3.657,5.356,1.797,2.35
9.246,0.931,2.564,8.539,4.253
4.712,8.994,3.48,27.047,0.392
1.549,21.823,6.344,28.684,32.773
3.181,1.588,21.134,42.733,7.697
4.316,14.519,18.655,10.073,7.144
8.596,10.694,12.502,11.969,4.658
2.392,3.142,1.729,2.057,4.677
11.91,9.945,4.632,17.759,8.185
5.488,19.431,63.524,1.151,1.688
9.948,4.326,32.472,13.036,1.234
6.233,2.004,2.695,26.471,0.35
23.87,12.031,17.772,7.639,3.718
0.893,7.676,3.731,1.743,3.35
0.646,20.497,44.691,8.609,13.676
40.12,1.726,0.956,3.029,4.506
7.078,6.074,8.512,27.705,2.736
10.857,21.116,12.628,8.665,3.395
6.016,4.583,8.411,14.823,2.677
4.583,21.322,28.427,8.331,7.907
5.339,2.765,22.27,13.706,6.559
6.63,22.683,22.45,8.42,12.009
2.281,15.087,8.132,1.841,2.236
9.547,5.909,0.554,6.892,3.552
19.391,4.436,16.387,21.574,14.208
7.16,12.958,3.048,44.87,6.366
9.325,0.427,0.248,5.784,4.756
11.482,1.946,22.136,2.579,7.113
14.559,10.728,28.973,11.649,17.326
24.372,0.486,9.572,15.726,11.999
0.552,14.74,2.669,18.847,0.608
15.447,16.243,404.814,2.763,0.073
4.192,0.863,19.289,41.895,6.988
0.515,2.868,10.848,7.219,9.296
4.176,21.247,17.627,9.804,2.536
7.188,14.576,7.883,9.436,0.035
1.956,7.595,2.021,5.744,2.483
10.77,17.388,7.885,41.917,8.29
4.637,1.131,6.108,5.313,0.214
16.843,0.357,27.144,18.806,9.874
2.479,1.08,15.731,1.749,7.096
0.282,0.479,11.423,6.456,2.897
16.697,20.724,1.132,18.202,27.475
3.49,12.42,4.592,1.494,23.5
3.536,4.27,25.774,1.014,9.878
5.075,6.494,32.388,1.565,11.896
2.015,11.311,38.362,19.57,3.046
0.417,19.635,10.077,5.365,1.667
9.285,20.247,1.276,3.808,4.342
5.406,3.78,16.082,8.348,6.193
10.629,10.865,31.563,18.138,8.933
1.868,16.868,3.509,0.519,5.716
2.174,6.053,0.258,6.219,3.476
2.963,4.79,0.197,21.306,6.939
0.372,7.118,0.903,11.508,1.839
6.734,23.02,0.21,10.811,12.067
19.253,75.457,2.122,11.258,1.709
0.512,0.515,0.633,6.566,0.631
9.987,49.677,7.706,3.255,12.232
0.451,11.264,1.913,14.226,29.981
16.049,15.694,0.668,9.829,0.878
16.655,23.947,1.809,1.087,6.717
13.715,3.224,0.139,3.085,6.281
10.438,4.532,5.724,23.658,0.668
0.747,2.112,10.598,4.855,0.24
10.303,12.705,6.224,16.535,3.181
36.146,3.934,16.039,7.508,11.632
8.28,11.625,0.252,4.738,26.052
21.287,5.983,21.663,24.193,6.289
1.237,35.967,4.532,0.588,22.832
8.826,9.945,2.172,5.286,4.672
1.855,8.623,27.442,13.968,6.393
5.438,0.741,4.115,15.591,8.801
20.642,2.55,5.904,58.357,19.292
6.912,1.423,47.379,31.448,6.043
10.016,1.292,21.55,1.047,8.218
6.413,12.63,2.179,14.905,11.841
0.601,29.775,6.824,1.486,0.501
12.86,7.763,0.254,8.021,21.836
7.491,6.779,3.663,8.873,13.533
2.725,6.076,0.141,3.663,8.536
13.613,1.408,5.153,35.492,20.877
8.998,15.091,28.954,32.307,3.598
31.101,12.684,17.553,5.841,13.545
3.556,10.776,6.099,5.363,13.827
14.578,6.735,2.613,13.841,0.223
1.043,9.725,32.671,24.635,6.853
2.797,0.014,1.756,10.312,7.036
18.641,5.708,1.212,15.267,4.233
0.611,24.987,2.843,8.198,0.272
5.803,10.382,20.314,16.9,6.089
6.501,12.475,16.51,7.38,8.231
2.404,18.675,21.85,19.31,6.195
2.66,23.522,9.126,4.967,6.64
2.409,10.572,3.576,16.24,10.547
2.139,1.353,0.437,8.548,5.369
7.166,9.244,2.454,16.999,7.293
2.436,2.411,13.92,0.256,4.965
3.176,8.765,2.543,7.709,2.486
8.007,52.447,0.57,9.939,2.992
3.643,2.381,1.072,37.999,3.817
6.774,1.203,18.245,26.28,1.238
5.92,12.259,16.059,3.521,5.103
0.529,10.792,0.014,0.341,0.028
6.087,5.466,8.495,13.273,6.721
0.596,6.765,18.24,11.999,7.798
3.832,2.37,7.929,11.698,1.051
10.375,6.37,28.504,3.963,20.345
35.85,1.009,15.665,2.263,8.238
8.637,12.869,14.997,19.359,24.576
9.832,2.73,3.254,32.183,12.816
1.837,5.445,1.12,1.7,2.816
2.325,1.465,22.051,2.682,4.74
7.543,19.996,4.16,5.226,5.848
19.57,0.645,5.171,0.491,3.852
14.259,1.31,5.519,5.499,0.774
7.222,0.364,8.298,0.861,3.19
8.425,12.085,0.865,11.752,14.321
30.338,10.171,6.892,2.265,1.413
6.823,53.015,19.963,4.12,2.874
13.87,9.857,0.653,0.523,13.555
21.094,30.691,5.933,2.764,13.577
14.735,6.199,37.752,33.76,6.568
8.083,17.395,13.656,1.09,2.691
4.248,13.639,9.836,8.118,4.133
11.008,13.145,2.87,14.455,20.061
0.093,8.473,7.88,32.407,2.204
0.811,8.934,6.678,4.875,20.773
13.555,6.474,10.862,9.109,9.652
3.733,8.516,5.312,5.567,3.562
4.162,10.877,8.813,2.478,9.006
24.522,1.876,24.622,18.741,4.93
3.251,3.741,22.23,7.248,5.482
15.213,15.918,2.912,17.697,0.926
1.207,7.272,0.587,0.685,5.6
6.892,32.783,6.319,1.936,5.095
5.841,27.827,11.804,3.094,0.163
7.81,1.286,5.94,27.516,2.383
11.985,26.14,9.396,6.058,7.688
26.48,4.865,22.059,10.219,11.934
1.768,3.15,0.09,4.365,5.368
14.96,1.722,13.949,32.716,3.194
8.319,2.465,16.05,8.036,10.901
27.141,3.09,0.284,9.1,4.941
3.961,30.474,2.129,10.296,35.495
38.288,11.267,0.051,3.28,24.708
2.804,14.065,5.65,2.232,1.779
0.237,5.152,3.189,5.012,16.101
20.087,1.951,14.716,10.225,14.074
15.151,16.646,7.503,2.777,1.328
5.011,14.326,19.778,16.308,1.321
0.473,12.32,2.843,2.068,1.253
2.121,1.246,23.634,27.339,0.021
6.847,21.979,19.321,8.729,5.602
9.437,2.371,15.331,6.034,0.529
2.107,2.793,2.304,10.307,21.239
10.619,11.331,1.624,42.641,28.846
5.023,0.739,3.56,15.497,9.17
1.449,24.041,15.372,47.386,2.027
6.01,14.01,30.622,0.13,1.195
17.823,20.13,0.399,5.118,13.921
5.37,0.146,21.851,17.72,5.605
5.928,12.234,0.23,0.006,26.29
1.566,7.116,3.948,16.883,16.693
3.433,0.988,2.525,14.815,4.807
1.752,1.071,0.48,5.842,8.718
8.67,22.546,4.927,13.747,14.244
5.744,9.436,5.461,4.621,0.246
0.226,3.006,7.472,27.354,1.948
15.998,3.812,5.707,0.482,4.259
12.78,17.597,1.449,31.839,11.029
4.842,0.774,30.886,5.397,8.61
1.817,10.213,9.008,10.611,10.576
0.445,15.652,19.16,16.487,3.271
0.465,26.96,8.716,13.672,0.184
11.954,1.077,17.207,16.594,7.492
1.447,0.829,27.683,8.151,4.353
0.731,28.991,8.466,4.106,3.633
0.704,3.823,10.785,21.614,8.243
34.069,4.505,0.519,1.761,9.048
1.311,11.45,9.866,3.854,14.338
5.522,3.276,10.707,28.059,2.783
4.887,9.408,20.834,15.242,2.222
13.174,11.077,17.889,39.794,0.36
1.462,31.385,1.091,3.451,31.237
16.887,3.728,14.777,4.802,3.351
5.397,9.352,0.371,20.664,2.544
7.874,20.038,2.806,13.498,5.056
13.953,10.34,0.931,1.601,1.858
1.376,21.222,33.29,10.294,9.237
26.362,2.042,18.655,2.998,3.722
1.356,4.415,31.528,10.346,7.576
0.775,2.803,17.909,11.128,0.565
34.296,35.368,3.083,35.374,0.529
7.654,11.531,15.627,12.336,4.448
1.906,3.696,1.105,10.925,2.178
11.953,22.892,2.524,15.654,4.24
5.825,22.548,13.666,6.671,1.364
4.612,5.618,18.639,2.128,14.185
7.62,2.502,1.608,14.191,0.357
7.253,33.661,0.571,0.21,2.53
7.233,15.248,3.632,15.76,18.681
0.845,11.503,24.081,8.788,23.117
4.799,9895.219,0.425,35.371,12.808
11.604,16.974,27.317,1.296,4.979
1.429,1.149,3.184,15.765,2.925
18.09,0.556,4.168,3.197,0.985
0.448,0.111,18.953,16.477,0.85
8.215,11.407,15.725,0.211,7.427
3.732,1.365,4.717,12.037,5.122
15.419,1.174,3.891,25.525,9.645
4.97,7.972,12.576,5.264,1.128
2.616,2.391,18.719,8.691,6.184
2.266,8.276,1.029,9.24,8.423
6.334,28.606,22.722,15.714,2.095
11.963,4.787,0.388,12.652,13.762
8.217,5.47,26.839,2.06,12.495
13.703,8.172,3.124,16.503,1.015
6.179,9.376,53.586,1.402,19.28
2586.041,4.935,3.341,30.781,4.376
4.705,22.002,13.474,14.671,27.545
12.503,18.2,21.605,0.716,9.901
5.884,12.136,9.237,4.468,3.665
0.757,0.042,8.117,30.372,2.266
1.801,5.543,31.796,1.831,13.003
2.733,3.066,27.803,7.619,1.13
9.755,13.263,0.855,8.123,15.191
9.386,0.552,3.558,0.715,1.392
2.713,14.403,9.268,26.934,12.133
11.101,16.688,14.516,18.522,1.762
10.243,34.409,18.859,13.247,2.598
21.295,1.79,24.223,2.675,9.418
1.491,2.037,11.784,11.438,13.524
3.069,9.773,21.07,6.986,0.199
0.64,6.033,1.648,20.215,2.741
0.753,9.673,16.135,1.652,1.089
1.179,1.21,6.165,4.157,11.458
0.504,3.402,1.604,21.46,8.475
4.394,1.229,0.282,0.058,2.259
12.333,6.298,8.193,17.603,17.332
0.886,1.286,12.582,2.708,4.555
9.608,7.428,3.562,8.095,10.916
0.45,12.691,20.803,20.624,6.12
13.262,60.841,7.724,31.106,8.167
10.371,6.215,11.575,1.553,3.665
0.044,16.562,16.127,5.427,5.439
2.243,7.262,4.042,3.35,8.577
4.642,33.117,12.567,2.289,6.809
6.13,3.438,3.277,16.737,23.709
12.687,5.303,3.011,3.862,1.171
13.107,42.484,17.977,5.579,9.337
0.413,17.551,9.868,1.737,20.942
11.376,7.181,6.124,18.277,1.814
5.296,43.04,16.087,1.124,4.836
8.366,5.676,36.194,8.544,8.774
5.713,1.997,7.528,0.1,0.762
0.513,1.223,3.531,8.642,2.958
3.191,2.564,19.155,1.384,0.981
9.122,23.241,0.655,16.475,0.426
21.422,5.798,0.098,4.439,3.872
0.834,11.535,3.108,4.94,5.018
18.938,3.347,19.495,11.491,6.542
23.307,43.914,0.049,2.685,0.974
3.17,1.841,12.063,7.682,9.446
2.8,2.47,5.009,26.539,6.63
22.77,7.526,15.282,1.851,5.824
13.353,13.164,17.5,0.971,3.436
3.258,7.25,15.255,7177.553,0.718
3.518,3.874,9.956,1.012,1.41
1.942,27.362,3.049,1.855,1.357
0.082,7.763,3.152,2.404,1.336
3.67,3.711,4.006,25.669,1.667
1.309,12.778,5.172,11.775,4.443
25.046,7.676,0.493,10.724,20.087
0.568,1.877,0.627,7.983,6.4
4.55,21.243,5.93,6.246,14.218
22.503,2.769,49.222,4.045,13.296
4.193,1.389,6.21,14.68,24.694
3.191,4.546,7.299,7.498,3.587
10.812,1.516,0.253,5.614,8.287
10.198,4.381,10.549,5.42,2.073
2.119,9.537,1.074,5.662,10.559
23.614,0.604,13.052,16.004,7.561
4.488,9.065,9.696,10.565,3.328
9.561,49.93,8.552,21.109,27.524
3.819,13.363,12.881,22.237,8.198
2.326,10.621,1.567,0.134,28.934
4.886,8.502,2.686,0.911,7.202
9.978,2.467,22.985,7.8,15.12
1.02,8.438,0.348,5.022,2.836
2.131,1.29,6.576,17.013,19.006
30.511,7.359,13.862,0.416,1.179
10.372,26.019,10.143,2.096,15.444
0.675,0.106,13.167,22.271,21.298
0.29,19.886,1.771,3.904,0.643
9.935,15.94,31.573,15.984,1.961
18.343,0.962,0.264,0.459,35.372
38.242,0.521,14.246,13.812,2.354
22.989,6.089,13.883,8.075,1.476
0.871,1.856,16.589,2.769,13.295
0.348,30.25,13.053,2.03,0.702
4.738,9.198,2.425,15.757,2.607
7.515,0.479,6.922,21.256,3.916
1.815,3.595,14.552,21.772,3.742
11.033,9.366,1.234,8.454,13.919
2.728,2.854,12.698,7.511,3.292
2.998,13.033,15.805,17.452,8.985
1.265,4.68,2.193,23.406,19.134
17.322,18.434,2.112,12.367,9.955
26.004,11.389,6.557,2.638,0.001
3.877,0.056,9.581,0.166,3.128
15.306,2.212,5.459,14.926,10.126
34.238,4.97,53.71,11.35,1.869
4.459,7.654,3.099,10.95,4.215
35.293,0.648,24.492,8.832,15.115
1.386,0.25,7.413,15.358,1.35
5.447,1.299,5.642,20.084,20.368
3.125,9.159,3.363,5.671,8.562
19.16,3.122,2.857,23.453,4.075
4.125,1.295,12.069,26.51,5.474
9.312,3.842,30.065,12.715,6.407
2.445,2.015,0.445,5.565,1.786
3.686,11.119,5.67,5.369,7.5
10.302,17.954,10.25,14.961,6.822
4.353,20.587,11.661,5.721,6.094
4.269,10.114,6.502,5.841,3.952
34.515,6.064,0.368,5.462,2.604
11.387,69.342,2.517,2.838,10.344
0.228,3.618,2.271,0.612,2.189
11.329,0.485,9.63,0.388,0.018
35.247,29.437,0.423,4.405,0.903
5.929,26.225,3.068,6.996,31.141
2.467,0.879,6.484,5.65,2.828
1.03,15.424,4.765,24.298,16.875
7.464,9.991,9.678,5.615,2.413
1.37,0.309,7.088,12.629,15.03
9.201,1.414,10.147,14.764,2.297
0.305,22.103,6.071,14.248,1.029
12.875,18.223,0.176,0.576,8.203
2.555,14.287,6.056,3.147,37.12
0.341,18.672,17.535,18.101,11.221
16.715,21.077,4.888,12.194,24.075
1.395,6.415,5.847,8.332,4.865
20.621,9.566,6.174,6.756,2.993
1.143,1.063,11.853,12.252,7.45
4.205,6.722,0.148,2.456,1.132
5.334,19.056,0.944,23.353,7.972
3.856,7.086,0.021,4.545,0.25
0.959,16.11,0.185,0.62,15.022
2.893,18.042,10.188,5.399,0.975
9.122,5.324,2.142,13.892,14.857
3.393,4.182,1.498,18.676,15.984
0.574,7.053,19.356,0.937,1.836
6.915,2.365,5.482,1.248,3.932
6.784,18.17,7.28,31.924,35.592
8.425,6.881,15.797,24.812,5.375
2.599,15.254,2.713,5.116,3.084
12.593,7.911,0.052,7.61,7.79
11.877,1.732,1.925,1.369,1.515
12.52,15.003,9.38,5.608,6.74
3.107,25.485,13.522,24.946,7.632
1.93,5.407,19.962,2.271,4.633
14.197,7.012,10.047,15.316,4.084
4.572,5.301,2.457,3.825,3.525
3.967,24.83,7.599,3.102,8.84
4.987,9.567,6.003,15.064,4.489
11.353,6.726,8.73,0.111,3.586
5.755,7.693,36.153,9.538,12.209
69.086,0.538,17.347,14.746,6.926
6.063,0.144,7.457,12.7,4.893
0.511,18.404,13.299,5.198,4.702
5.166,4.379,7.414,2.964,3.583
6.613,5.953,3.221,19.532,10.051
0.534,2.548,10.43,2.51,1.59
7.218,5.051,6.495,10.498,0.378
6.264,3.849,8.547,9.746,2.185
0.008,9.458,4.471,5.817,11.672
0.648,23.752,22.29,23.066,2.414
0.3,9.697,3.91,2.052,9.132
4.269,6.354,2.821,6.064,3.614
1.66,14.283,9.007,0.088,1.143
9.522,11.086,1.327,3.229,2.167
9.177,2.49,19.275,0.1,10.409
27.274,34.472,1.916,7.063,7.015
5.013,21.507,1.139,10.752,5.52
3.649,3.136,13.506,3.348,0.93
9.592,46.083,5.973,0.579,2.895
2.795,15.907,46.656,14.63,4.461
0.038,0.164,1.077,4.936,31.307
4.83,11.838,4.786,38.255,6.208
0.855,16.43,0.43,5.282,15.192
19.599,4.185,6.061,8.753,3.367
2.126,20.494,25.256,45.118,11.876
1.017,5.505,16.09,14.849,14.511
11.705,5.96,19.216,6.138,2.979
6.35,6.784,64.268,13.98,13.301
1.7,6.703,0.146,9.214,5.15
41.644,14.826,15.442,2.413,6.772
23.9,4.132,23.453,10.847,3.885
17.478,23.949,22.546,21.071,2.395
1.178,11.582,11.362,20.917,6.395
22.304,1.134,20.237,0.258,0.265
10.751,28.416,2.456,22.074,2.751
5.674,11.235,26.558,2.498,3.653
5.963,22.73,19.807,11.857,23.151
1.764,14.417,8.724,12.949,1.132
0.756,5.484,9.027,10.083,18.902
7.776,9.558,5.575,6.977,12.835
1.78,8.797,9.222,2.796,0.223
12.159,32.945,7503.813,12.532,10.226
13.32,3.451,12.304,7.384,4.283
2.635,10.115,2.383,1.582,3.094
13.077,2.602,8.982,1.04,5.043
2.96,5.044,1.343,4.018,3.194
1.71,0.627,11.089,2.85,10.096
19.78,3.738,9.651,28.061,4.083
10.46,14.412,3.445,11.605,4.063
30.403,12.106,1.039,1.71,8.742
11.527,12.511,13.337,5.226,7.836
2.827,13.081,1.08,34.091,1.987
11.613,10.107,8.892,1.147,2.84
1.368,3.218,13.807,20.393,0.216
2.006,4.155,18.846,5.757,21.798
1.256,6.121,7.206,8.473,1.036
1.62,7.216,16.481,0.557,6.224
4.214,34.183,3.626,0.361,0.254
5.747,13.509,7.006,18.155,20.492
7.008,35.764,12.563,5.99,1.917
2.031,8.32,23.279,3.915,21.83
12.464,4.477,0.201,15.234,1.005
4.607,16.099,11.711,2.453,5.495
22.977,1.108,0.563,1.175,5.065
0.268,8.089,1.57,0.166,8.67
3.027,10.046,4.519,0.141,1.995
3.226,6.126,13.333,23.092,2.041
1.714,7.931,14.506,8.323,17.772
4.233,6.092,7.416,11.353,0.228
12.624,9.262,23.054,9.848,3.404
1.7,25.715,0.613,0.899,30.464
15.32,9.064,20.963,2.167,12.748
13.507,17.004,0.042,5.849,10.563
29.328,6.994,8.471,4.917,1.313
11.559,11.172,23.715,5.657,2.955
6.016,7.497,3.002,2.633,0.361
7.63,23.519,3.967,8.795,10.556
0.132,20.926,0.485,2.942,6.693
7.903,3.263,0.988,0.227,9.771
6.022,1.583,0.891,21.552,17.735
9.062,11.563,1.771,7.435,2.125
1.371,19.487,2.721,5.489,0.432
6.935,8.05,10.156,20.893,5.977
4.112,2.025,5.923,3.926,0.155
4.966,0.295,24.848,0.3,18.146
0.705,1.001,18.813,4.352,8.835
1.368,6.69,12.885,49.52,4.51
2.17,4.066,1.419,65.116,19.43
9.493,16.859,4.826,3.84,9.03
2.954,4.819,14.758,9.221,5.824
2.45,17.299,8.411,4.182,10.404
1.486,0.686,9.491,19.705,2.855
3.133,8.659,4.552,36.146,16.392
10.809,4.207,1.969,7.121,0.722
0.523,5.742,21.12,12.8,2.148
13.397,12.182,8.872,8.226,2.836
10.561,15.904,10.805,2.164,9.757
3.609,21.292,22.904,6.125,3.093
1.177,12.709,15.842,28.025,3.526
1.533,28.202,43.912,12.638,11.66
2.03,5.368,0.802,1.118,42.841
8.99,3.308,0.703,0.945,21.845
12.512,28.398,4.594,6.398,19.993
4.412,13.198,2.552,5.258,4.855
25.919,4.063,24.171,15.367,13.574
0.051,5.682,6.583,2.96,7.731
2.05,15.257,6.07,5.333,9.127
34.128,1.689,0.427,3.229,2.99
8.912,2.105,13.236,10.533,19.691
1.619,2.288,0.529,13.146,19.302
56.378,23.994,51.143,2.581,0.076
2.196,6355.053,5.354,9.499,14.123
25.398,49.82,37.498,0.347,36.608
20.744,7.871,14.251,12.324,2.719
3.948,10.432,40.829,15.72,9.046
30.025,0.584,29.466,3.779,18.627
18.246,1.593,10.143,11.57,10.835
1.666,6.574,1.493,3.784,5.589
2.649,14.067,7.915,3.7,9.187
6.284,20.978,5.858,19.856,0.021
35.198,2.253,0.159,3.084,6.062
29.807,7.988,10.972,0.664,5.474
0.163,3.035,31.62,11.458,3.686
16.732,6.456,8.589,2.967,4.298
11.109,0.277,40.543,2.189,1.373
26.518,4.869,24.709,0.862,12.318
21.098,12.458,4.759,23.188,6.652
7.539,7.39,13.3,4.971,3.292
6.519,10.959,2.491,6.732,2.264
2.414,23.849,33.863,43.809,7.771
1.119,16.227,15.796,6.474,0.672
0.717,1.414,12.307,0.349,3.517
1.356,22.778,5.08,25.576,2.11
9.314,10.983,5.526,0.412,1.702
17.656,2.698,3.437,6.454,1.965
1.783,5.107,0.031,0.004,33.376
8.766,10.055,13.502,13.435,9.968
5.704,0.129,18.863,1.885,10.085
3.563,2.46,0.197,1.499,14.097
9.477,8.034,12.714,0.351,0.385
24.096,0.337,7.987,2.668,3.195
3.9,11.085,2.853,9.604,2.812
2.766,13.161,3.783,24.437,1.087
1.12,0.129,11.411,8.991,28.705
10.831,23.414,8.256,13.567,5.016
10.461,1.21,13.638,26.92,2.765
1.574,5.288,19.094,0.252,6.188
1.015,6.05,6.027,0.791,6.813
4.011,5.951,5.349,2.932,2.557
4.684,13.666,11.669,25.287,9.498
11.28,5.155,10.774,1.036,1.943
26.162,11.591,19.603,6.312,6.144
4.093,7.379,6.011,9.186,1.273
15.204,5.453,8.443,20.171,0.085
8.017,1.136,3.56,2.956,3.244
3.604,5.386,1.999,7.045,0.816
13.327,3.105,30.333,12.328,9.097
3.434,14.268,9.904,12.459,7.904
18.139,2.463,39.05,0.436,8.191
25.87,7.712,0.905,12.04,1.782
37.158,0.206,0.536,19.452,5.693
3.096,5.809,5.209,10.346,1.16
9.974,15.002,12.465,23.795,0.802
2.709,0.514,3.839,11.878,4.206
2.94,2.962,20.111,7.735,0.422
3.72,21.568,20.73,24.457,19.69
5.343,14.82,8.493,9.653,6.311
0.954,7.532,44.881,9.506,42.417
0.193,4.085,9.669,13.925,14.041
9.958,11.335,9.369,13.892,8.216
7.56,12.414,0.918,39.075,2.454
0.876,4.077,9.68,46.486,28.679
19.753,0.462,0.019,15.172,1.23
1.176,0.151,1.512,14.558,4.212
3.125,7.334,0.907,25.124,21.539
1.526,2.156,17.277,6.184,2.047
4.145,4.742,3.837,9.358,7.24
10.917,10.622,10.645,2.551,1.031
20.616,1.837,16.748,25.287,2.607
8.527,0.44,7.074,3.813,2.576
6.617,7.314,2.699,14.534,6.456
50.34,2.844,6.402,6.891,5.289
4.757,7.378,6.084,13.258,2.602
1.43,5.525,92.154,1.686,10.104
8.406,4.049,1.297,26.354,3.376
0.003,8.972,3.406,1.036,14.654
25.745,15.039,9.509,16.783,5.957
1.236,4.443,2.287,13.29,0.837
0.535,5.83,0.834,30.047,10.045
11.935,1.57,4.618,6.65,0.527
4.576,4.295,3.995,9.107,0.678
2.35,8.838,1.531,10.86,8.787
24.449,38.161,5.397,1.12,16.774
2.101,2.608,1.015,0.057,1.268
13.411,7.258,10.521,7.582,4.595
2.187,24.312,4.891,3.228,38.441
6.878,17.756,15.015,11.895,5.212
19.264,4.094,23.389,24.019,12.15
16.907,4.482,13.318,4.315,4.433
3.702,6.22,4.348,2.916,5.43
8.069,37.613,2189.364,8.906,1.454
4.514,9.723,8.429,2.479,9.975
1.896,3.788,0.817,7.041,12.515
19.963,22.402,39.752,7.321,13.911
13.727,37.013,1.162,6.55,13.782
15.321,34.777,1.503,12.181,21.371
5.64,9.674,0.842,6.303,3.078
1.376,6.43,2.785,9.487,20.568
4.779,10.072,8.158,15.055,1.147
14.841,0.706,8.342,0.183,2.711
1.981,14.183,3.32,4.587,4.652
5.633,1.115,0.88,2.754,0.888
39.28,0.026,0.785,10.517,16.705
26.503,1.621,8.479,3.326,6.199
33.889,1.795,16.2,7.688,6.005
2.992,4.08,7.244,6.004,3.407
7.968,14.743,2.652,9.179,1.595
18.1,25.536,4.696,52.69,13.454
44.04,39.731,4.849,28.996,0.611
1.287,23.58,2.197,5.534,18.49
3.093,9.339,8.068,7.243,6.786
64.112,1.42,0.138,1.453,13.464
1.573,1.458,14.701,0.431,4.148
2.407,6.537,1.63,12.322,14.983
1.037,3.918,16.829,0.55,0.781
3.694,9.197,7.348,16.767,10.794
7.718,12.047,3.047,5051.985,3.969
16.633,22.702,0.636,7.995,1.008
3.788,11.809,5.93,5.689,3.183
6.124,0.344,0.656,0.479,0.367
6.897,7.241,13.838,9.443,3.811
13.923,23.75,9.12,10.505,12.203
10.925,14.716,30.87,9.579,11.061
3.116,12.785,34.782,20.255,3.764
15.175,8.598,0.494,2.743,34.208
3.212,3.658,4.33,10.127,2.888
2.771,25.607,15.884,5.568,37.1
23.352,8.86,12.125,25.726,0.121
5.406,3.265,11.589,10.953,5.529
74.678,2.393,1.99,1.429,0.131
8.266,4.222,27.537,0.558,12.782
0.579,5.652,8.719,0.933,17.838
3.22,6.086,3.095,20.972,48.137
5.023,1.709,4.684,10.705,3.116
12.111,5.207,11.615,9.442,0.688
35.397,2.983,8.295,10.542,5.716
2.106,0.29,3.213,12.237,7.531
8.969,10.885,25.748,17.949,13.048
14.733,10.402,16.337,28.778,5.261
37.639,0.36,1.9,0.175,0.776
1.478,2.151,6.438,1.449,1.199
4.096,3.723,0.376,7.601,15.244
17.28,10.2,4.338,46.917,20.563
3.041,44.589,27.768,6.292,9.144
2.544,16.765,19.107,14.807,3.428
0.299,9346.081,9.005,28.647,26.206
6.414,4.195,9.35,2.424,4.722
2.212,40.472,12.69,9.763,31.277
18.361,1.969,42.428,5.105,8.288
22.685,1.746,6.81,0.907,6.002
11.673,16.28,7.908,4.314,0.605
5.655,20.511,2.204,5.557,12.409
13.063,26.559,5.296,44.613,3.691
1.422,8.723,0.698,6.926,8.013
6.499,33.318,3.592,5.878,22.583
4714.773,19.356,15.397,22.568,16.955
14.594,2.337,24.407,3.28,14.578
3.513,26.178,47.644,1.446,2.063
1.526,23.638,23.277,28.102,25.681
5.449,0.347,0.995,1.188,0.733
2.198,18.827,4.427,13.124,21.396
8.064,6.394,0.072,25.824,11.544
6.178,7.529,21.731,0.783,1.405
6.443,11.728,7.553,9.688,7.321
1.816,2.681,11.466,3.438,4.801
28.737,1.432,11.087,46.839,0.07
1.682,5.252,3.472,14.75,8.222
13.153,4.209,39.943,6.412,6.679
12.916,29.023,16.315,18.366,75.892
31.714,28.568,1.143,19.867,0.118
4.724,18.123,9.154,14.021,14.933
3.073,2.219,1.056,5.532,4.254
0.915,4.72,1.101,6.774,10.013
10.045,14.651,14.493,22.701,2.316
3.541,2.17,20.766,4.029,4.397
10.256,19.817,6.147,14.37,9.98
0.821,4.21,6.086,8.888,7.608
0.82,5.514,10.788,20.691,5.124
2.745,3.837,24.629,3.869,23.563
11.877,0.39,8.707,5.332,6.392
2.827,0.834,0.76,8.634,3.133
1.443,16.519,10.732,1.451,22.304
2.483,9.883,9.914,8.559,11.557
23.37,21.899,0.452,28.375,10.883
4.57,59.626,11.788,5.167,17.805
8.536,1.629,11.516,15.566,13.571
1.137,15.998,13.785,8.398,12.114
24.944,3.365,10.57,7.281,5.714
0.253,3460.076,10.747,2.537,1.03
52.79,28.211,7.725,28.692,3.403
9.378,7.434,6.828,27.671,18.451
16.656,0.489,26.194,11.041,22.218
2.528,8.555,5.998,2.529,13.813
3.029,7.017,9.552,4.847,5.99
5.261,8.053,3.22,47.706,4.589
7.321,7.497,0.148,8.499,1.324
1.791,0.513,11.871,19.938,31.274
4.693,2.975,9.412,6.695,5.743
26.494,0.717,23.909,5.524,3.919
7.467,13.651,6.156,5.528,6.476
10.444,1.785,0.665,0.396,14.953
8.21,31.426,2.63,4.839,1.306
14.018,17.61,4.005,14.372,6.654
10.176,3.426,3.696,11.146,2.592
2.34,27.602,0.513,21.635,1.893
6.083,8.898,11.706,36.703,2.459
0.54,36.295,5.928,9.388,18.663
14.087,13.452,19.093,7.359,8.476
7.959,4.711,2.97,1.214,0.396
0.99,10.947,3.538,3.234,43.254
2.612,5.995,9.649,5.395,3.436
23.561,1.245,1.979,10.8,2.201
17.368,0.368,21.469,15.641,18.352
4.115,24.162,12.468,15.647,9.61
0.343,27.579,16.8,13.846,4.394
4.956,5.176,2.667,8.316,10.96
1.412,4.929,1.405,27.747,9.74
21.027,14.883,14.391,16.215,6.584
5.613,6237.601,9.553,0.451,1.924
0.652,2.09,25.774,0.105,4.136
3.27,17.963,9.3,17.3,5.048
3.226,4.694,9.902,15.946,21.687
4.722,1.733,14.692,5.218,2.325
0.346,6.169,7.066,6.145,3.539
12.8,24.06,11.937,8104.649,3.01
7.411,7.977,7.47,16.35,5.739
28.2,7280.934,4.121,4.803,7.797
15.149,8.858,13.655,10.215,1.296
7.555,0.585,28.783,11.453,5.429
6.178,13.373,4.914,2.958,0.7
13.222,30.623,5.159,0.976,5.326
7.119,2.002,8.826,50.028,21.449
0.39,1.189,18.826,7.528,18.864
0.571,0.157,13.233,9.716,2.002
22.429,1.82,0.764,7.239,4.268
20.61,15.643,19.476,5.451,4.512
19.973,5.161,6.274,27.786,2.441
13.564,13.665,18.28,14.28,8.928
8.322,14.024,5.25,7.855,2.423
0.85,3.391,5.175,2.498,2.408
14.77,10.882,0.188,27.688,17.388
2.144,16.212,6.587,4.713,13.965
0.813,2.684,4.881,1.923,9.905
0.307,4.21,6.403,16.436,18.081
5.978,3.674,6.455,15.237,1.576
3.077,2.442,16.788,50.536,34.316
6.373,21.482,9.629,0.129,1.74
18.602,1.916,0.646,17.546,3.251
5.281,53.779,6.819,9.026,14.589
5.339,1.799,13.117,3.051,3.215
6.146,10.556,8.641,3.759,21.069
1.218,2.942,13.739,6.68,1.961
8.158,0.34,11.94,1.328,4.248
7.767,11.779,4.41,12.991,2.191
17.162,6.81,5.759,0.82,3.368
0.539,31.306,3.086,12.821,6.76
5.82,1.483,3.129,17.126,1.515
5.55,2.733,7.803,3.128,2.919
3.266,1.577,2.923,10.773,0.4
12.4,3.942,16.247,14.105,6.595
36.556,11.68,12.781,5.71,7.52
16.716,10.597,5.386,10.343,1.208
7.286,12.471,27.601,14.783,2.706
32.746,12.666,3.624,40.121,5.635
6.835,3.339,47.041,2.222,33.144
2.471,24.51,3.703,31.516,14.694
1.765,0.233,51.502,11.275,24.67
0.323,6.687,3.349,8.187,14.543
11.509,17.908,3.62,0.359,12.159
14.327,2.533,8.677,0.259,5.237
2.056,6.88,1.918,2.33,7.122
8.979,0.412,10.642,3.731,2.293
11.681,0.891,26.831,3.457,9.864
0.411,19.139,30.408,7.614,2.958
0.03,1.507,3.183,10.771,11.278
1.31,6.094,0.499,5.975,6.512
2.169,12.764,3886.609,3.719,6.219
3.876,0.141,0.964,9.463,10.359
3.398,4.434,18.349,8.353,5.799
8.429,15.169,0.701,3.237,27.551
21.214,25.924,4.073,3.491,5.496
5.862,17.958,4.933,6.421,22.774
10.147,2.107,7.53,12.788,7.802
0.637,15.124,22.493,5.64,7.101
2.131,2.39,1.859,69.096,13.981
13.077,0.537,20.956,11.206,1.586
6.601,10.018,9.743,15.428,2.003
2.659,9.295,14.836,15.249,39.854
2.505,2.835,15.172,4.358,0.275
0.285,24.308,7.619,4.776,74.78
10.186,10.453,5.429,20.86,2.963
3.418,9.2,33.742,21.625,13.966
0.435,5.659,2.797,1.129,9.168
16.95,3.416,11.407,26.728,16.149
3.859,1.273,1.753,14.898,0.808
2.107,1.15,2.354,11.558,3.912
1.543,0.898,11.624,14.098,11.275
1.625,0.108,19.885,3.999,1.686
10.172,1.672,38.002,3.731,6.091
0.452,49.661,10.156,4.499,2.363
1.253,1.725,7.123,3.549,8.365
5.116,5.054,0.682,9.531,0.428
1.89,17.427,21.195,5.959,2.519
11.712,22.523,9.911,3.584,3.104
4.5,11.761,13.143,5.35,0.815
3.943,1.519,22.371,3.905,0.796
2.662,6.87,3.361,4.741,13.633
3.377,4.699,16.199,18.243,3.15
11.455,1.07,10.756,5.906,4.05
21.708,7.05,12.34,2.759,10.126
0.318,21.436,7.622,14.079,9.159
19.138,3.888,39.714,33.033,13.193
2.077,3.202,19.144,5.319,4.207
9.524,7.139,0.327,0.737,3.592
13.961,0.275,8.51,13.432,0.518
548.596,5.094,4.741,35.795,7.191
2.235,7.773,8.633,22.573,14.001
10.278,7.736,6.344,42.064,16.776
0.904,3.328,1.595,11.888,18.269
14.11,14.881,6.731,4.674,4.46
2.521,11.101,1.386,28.322,16.591
20.744,1.696,9.802,16.477,11.763
5.465,14.839,15.507,2.09,12.448
2.456,5.797,8.974,2.539,1.856
7.82,0.447,10.593,19.014,4.065
12.153,7.784,4.85,20.102,24.293
10.806,4.906,8.958,7820.43,12.157
10.882,34.995,0.163,19.991,11.216
19.819,3.012,8.034,2.525,4.919
24.823,7.728,22.449,30.052,16.163
18.588,0.873,17.179,2.223,2.153
16.18,5.818,8.976,10.087,0.947
3.922,3.15,2.701,16.796,0.769
0.718,8.567,19.361,0.487,16.139
5.339,1.346,1.466,38.092,11.874
2.211,8.102,15.57,6312.581,3.747
10.267,15.927,30.067,5.243,5.931
19.272,27.75,17.628,18.061,12.145
5.526,2.502,10.853,9.88,7.318
4.815,1.837,2.033,3.512,1.203
4.526,1.74,8.932,17.209,13.163
8.126,10.371,18.802,11.995,0.272
13.452,3.093,2.56,17.935,1.715
0.156,14.529,16.65,6.097,14.36
5.27,9.072,8.373,1.981,4.771
2.236,5.103,32.693,2.631,19.851
19.66,3.47,14.336,15.119,7.691
20.49,8.0,2.392,5.784,1.499
12.876,27.343,21.152,18.7,3.362
13.862,1.899,0.196,24.525,0.649
1.984,2.378,11.469,6.443,13.124
2.652,12.203,1.644,0.337,0.65
11.403,1.735,1.786,17.014,2.352
8.929,2.55,20.788,19.364,0.474
7.282,9.347,8.807,18.701,10.12
8.868,2.62,5.809,1.411,0.571
8.955,2.557,4.539,8.425,6.088
11.842,4.222,2.592,8.557,2.56
13.273,3.064,5.379,10.448,8.09
0.448,1.387,8.279,34.297,7.762
1.044,5.604,0.631,2.748,0.6
1.243,9.884,3.87,11.161,7.534
8.298,9.122,22.317,5.223,7.42
5.319,6.632,9.164,0.953,2.277
9.321,11.719,16.047,4.445,9.0
9.722,9.174,20.522,11.23,16.216
2.634,0.158,6.195,9.3,2.437
3.851,4.217,11.667,9.541,7.897
2.293,3.247,2.554,16.115,8.614
13.28,1.564,0.173,2.668,14.73
4.391,14.155,2.219,17.596,3.42
2.61,1.108,3.062,4.128,1.56
3.414,5.812,0.259,5.214,8.033
10.805,11.918,7427.96,10.961,8.257
8.189,6.489,2.876,7.944,0.03
25.996,12.858,1.237,22.693,14.539
4.023,0.759,12.403,20.865,31.829
2.333,6.3,6.852,13.357,1.856
6.869,0.675,7.133,0.991,6.145
3.065,3.652,7.215,23.762,4.982
23.465,16.537,8.642,8.912,2.271
15.194,28.485,5.073,6.621,2.152
1.938,25.137,1.059,23.66,0.067
0.46,21.171,0.271,8.414,3.126
34.936,48.8,5.201,0.733,26.759
17.733,5.507,26.529,8.962,14.528
4.204,17.575,17.786,10.361,8.152
8.182,9.885,6.306,37.583,0.792
12.322,0.967,12.639,0.652,6.664
16.09,0.393,1.336,1.955,0.006
10.19,3.025,8.588,8169.579,18.339
16.981,8.34,9.372,26.551,1.005
6086.245,3.993,25.165,19.54,24.907
2.359,2.096,2.494,21.704,14.225
3.716,11.869,1.679,10.866,51.555
1.565,4.09,9.049,26.526,27.506
1.173,21.884,35.546,2.182,1.71
0.67,15.171,2.156,20.057,17.329
1.105,0.358,9.501,1.625,5.866
6.211,10.5,24.983,9.95,1.827
18.123,7.619,5.859,16.132,1.499
13.323,15.487,27.928,12.901,13.449
2.269,11.799,0.113,0.311,22.846
15.224,19.103,0.339,21.296,8.751
3.192,5.947,8.165,2.761,13.535
14.999,29.382,3.986,0.524,1.393
4.918,0.791,2.641,13.268,11.562
22.722,12.916,0.531,7.933,1.814
0.757,7.636,38.818,15.179,0.556
24.628,11.138,20.909,10.132,0.958
8.557,3.162,32.11,6.918,7.893
15.229,15.801,11.859,22.268,2.71
2.355,7.246,15.837,32.683,0.667
4.011,0.541,2.365,16.505,6.412
6.994,3.652,1.436,22.023,14.012
14.827,3.206,8.223,5.262,1.309
1.378,30.432,3.964,13.822,3.586
10.806,0.554,22.628,19.2,6.168
0.459,18.138,15.926,25.763,10.339
7.681,30.168,2.349,29.689,22.79
1.663,2.988,4.032,15.307,18.851
15.24,10.355,2.744,18.452,2.217
9.298,11.242,24.486,4.073,1.253
17.467,7.747,2.402,23.09,3.539
0.296,18.36,25.973,35.447,15.063
9.51,4.766,5.948,15.944,10.284
27.99,26.28,4.891,5.571,3.531
9.887,7.364,4.994,12.118,0.689
15.513,1.552,31.733,3.962,0.417
26.172,9.592,0.071,2.392,6.423
5.549,0.653,42.423,2.516,19.005
6.5,3.544,2.386,4.219,0.687
4.017,0.634,4.029,15.05,8.515
0.192,7.287,0.188,3.996,5.07
6.081,1.542,0.19,14.262,11.768
3.266,5.377,6.44,5.315,0.366
7.557,2.447,5.416,7.19,2.937
24.0,24.056,0.737,5.475,6.352
8.21,0.961,2.052,7.635,0.162
0.921,1.977,24.22,15.388,14.522
1.146,0.701,7.142,9.883,3.147
10.175,8.026,0.413,0.542,10.062
1.327,7.54,16.344,5.621,8.638
35.616,5.122,1.26,16.777,1.456
16.549,5.698,49.093,6.018,10.4
4.783,1.245,58.578,0.342,7.266
3.39,11.693,3.887,6.249,3.439
1.137,11.697,1.668,2.747,32.366
15.531,16.564,2.675,21.574,3.953
30.771,4.552,7.541,23.448,3.196
6.607,13.46,0.369,0.629,5.132
0.519,7.194,15.768,18.005,0.664
46.838,4.279,14.368,19.3,1.55
16.605,3.09,6.754,908.891,27.142
1.261,5.905,6.293,0.043,4.397
4.899,21.26,7.608,0.9,0.436
4.317,0.679,3.874,12.533,1.665
2.751,8629.507,8.865,3.671,10.515
1.828,10.416,4.27,4.564,13.821
30.343,49.71,1.668,8.537,1.274
2.525,1.49,4.819,30.018,8.31
3.506,9.648,17.381,8.847,30.096
3.192,26.713,28.985,1.098,3.442
8.006,0.784,37.094,13.525,13.325
8.985,3.943,22.429,7.352,9.398
4.466,2.04,50.228,0.956,12.21
0.131,20.138,1.914,19.634,7.196
0.191,13.587,0.895,2.669,3.94
27.356,3.016,3.85,1.989,3.236
1.385,5.348,1.768,7.396,18.312
18.3,7.461,12.708,9.673,6.457
4.705,13.062,9.34,5.286,4.205
6.943,10.383,21.031,21.542,3.023
4.628,1.626,24.824,1.969,2.523
8.925,23.101,9.715,19.245,7.898
0.073,0.297,4.027,1.638,1.957
8.082,6.771,0.553,23.353,11.377
0.015,11.508,11.456,4.883,7.682
3.339,17.351,1.415,11.577,16.224
3.058,3.679,8.902,23.329,10.613
2.29,9.475,52.417,22.13,7.299
5.161,15.113,0.143,2.776,3.212
6.724,18.142,2.708,7.46,3.846
20.238,1.904,32.287,4.742,26.259
29.738,5.803,6.106,8.79,1.801
6.588,30.625,20.695,18.009,1.819
0.287,0.127,6.667,31.931,1.069
3.395,14.06,11.6,17.17,35.734
29.111,13.585,10.335,12.751,0.125
9.515,1.432,22.408,28.201,2.444
1.188,7.939,13.806,7.181,2.001
8.481,3.611,25.106,27.323,1.554
0.966,4.877,3.807,10.555,4.941
18.627,18.395,4.846,9.375,8.249
10.115,17.287,2.28,8.025,8.482
4.789,1.132,17.078,7.873,6.708
3.19,4.646,7.102,8.914,21.795
2.179,8.633,18.733,15.234,2.43
64.002,4.823,27.238,3.904,0.474
0.591,4.082,2.086,24.548,32.791
8.203,14.494,7.178,3.091,14.364
3.928,7.576,0.128,42.075,10.647
0.375,2.963,6.244,28.642,20.694
1.88,12.04,1.782,4.08,11.955
7.184,1.028,8.649,2.172,4.976
9.881,1.894,48.751,4.46,14.818
2.621,9.186,16.26,15.589,1.792
9.708,3.987,11.265,5.295,1.215
2.47,0.528,5.399,6.322,10.797
5.932,3.572,13.803,16.523,6.887
0.18,9.165,12.811,0.843,2.465
3.283,3.187,21.12,5.001,7.018
6.003,29.318,3.606,3.351,0.894
6.946,15.91,2.188,20.112,22.276
9.766,0.248,59.294,20.877,6.959
3.995,22.176,6.898,9.627,9.364
12.696,20.386,8.908,12.034,17.185
13.406,18.138,3.919,34.407,24.963
3.483,24.484,13.259,5.038,12.553
7.428,1.336,8.496,7.667,5.771
27.367,11.169,16.057,5.066,0.808
18.742,4.087,20.683,3.304,5.89
5.144,4.404,5.341,18.614,3.546
2.411,14.646,0.958,11.915,33.17
8.105,4.415,5.302,41.118,26.591
7.916,4.375,5.129,17.873,3.666
7.589,18.57,8.835,1.698,4.001
8.057,35.532,1.725,1.385,0.606
5.589,0.587,2.729,0.216,2.358
14.548,16.284,8.348,2.732,2.993
7.756,14.623,14.882,6.681,2.253
0.855,9.904,10.382,1.072,19.112
7.754,3.985,16.276,0.891,3.322
3.619,5.891,6.352,4.487,10.044
8.359,1.299,21.55,2.979,1.488
17.095,0.209,24.134,7.448,9.514
1.099,12.828,19.406,0.263,8.311
3.962,2.884,0.476,1.853,1.205
2.061,1.845,0.604,1.335,41.267
0.496,15.796,7.371,4.139,10.491
0.468,29.428,0.492,2.497,6.301
0.228,7.416,11.745,4.599,22.26
7.053,17.164,6.832,10.011,19.157
5.676,4.404,4.255,4.106,3.138
14.04,8.77,10.076,4.866,1.56
14.166,43.813,16.077,6.305,4.603
5.126,14.126,17.173,11.141,5.29
5.98,55.776,21.47,4.053,11.952
6.126,2.01,0.228,10.87,14.883
3.22,12.384,0.349,13.556,0.393
0.885,0.164,0.294,0.644,7.381
5.732,16.905,7.548,3.806,36.432
0.183,64.016,8.227,26.115,20.543
6.05,5.535,0.212,15.111,58.351
22.678,16.329,8.275,8.979,4.051
3.667,16.587,3.893,3.976,26.546
1.763,3.053,11.094,6.429,6.827
0.705,17.92,6.587,35.217,1.132
34.258,8.886,3.78,21.387,2.635
4.828,4.162,15.639,3.713,12.814
0.059,3.755,3.12,5.633,5.928
3.769,9.433,19.067,1.634,4.18
14.016,8.249,23.106,30.811,1.947
44.501,1.498,5.336,23.873,3.291
5.993,7.088,21.77,0.501,1.214
1.876,10.661,0.722,1.035,2.828
6.796,9.687,29.641,0.822,2.78
8.987,0.543,9.426,3.231,7.901
0.129,24.633,11.265,24.95,29.463
2.639,14.367,8.841,19.487,31.219
6.572,18.682,3.026,26.533,3.226
3.038,4.065,1.075,0.945,26.735
0.148,18.139,1.837,32.626,2.586
2.459,18.649,7.456,7.258,9.129
1.599,30.076,1.985,4.3,2.196
7.078,3.436,0.459,0.378,4.795
7.555,2.198,0.392,2.437,28.373
3.757,24.568,7.915,9.103,3.954
1.41,5.436,49.107,4.24,13.09
2.084,4.758,5.305,6.547,2.657
11.303,9.839,14.459,29.276,8.659
26.471,33.098,14.551,31.559,5.972
3.173,24.438,3.84,3.762,19.645
12.843,0.49,0.877,0.827,1.869
12.38,2.74,17.53,12.467,9.698
5.757,0.32,8.555,15.113,2.048
2.84,5.156,0.849,0.744,8.884
1.243,4.005,48.798,1.577,5.394
9.911,26.652,18.229,8.678,23.746
0.275,32.724,17.929,3.595,2.171
2.658,34.367,4.081,1.212,4.04
21.272,15.53,0.749,16.841,2.021
0.883,3.957,18.481,9.932,4.15
8.946,19.034,10.993,2.346,4.573
3.993,25.43,25.281,29.617,20.406
20.466,4.384,8.081,15.855,6.102
7.83,16.529,5.995,10.775,21.736
6.388,26.673,1.473,11.337,8.178
5.268,5.346,19.492,0.405,3.438
1.022,7.855,0.276,18.509,1.894
1.333,23.315,13.329,26.75,4.655
16.9,0.346,0.76,17.971,26.489
3.868,6.957,1.156,3.585,5.054
10.513,3.525,7.742,5.273,2.762
18.056,6.565,9.53,3.31,6.179
11.14,12.486,22.708,18.21,1.59
2.771,11.558,15.909,14.194,2.767
7.669,1.904,0.125,20.578,31.965
3.731,6.187,34.545,4.696,12.733
1.075,35.49,4.632,15.224,37.715
2.13,6.561,16.348,2.774,2.398
8.757,6.162,7.275,28.936,9.236
13.987,37.206,15.082,4.769,3.899
7.745,0.917,19.361,30.99,9.373
14.602,31.27,3.932,0.56,3.314
35.055,16.229,14.745,21.455,15.25
18.819,10.028,10.195,7.893,5.454
6.631,4.886,22.051,14.039,20.928
0.183,12.885,10.4,17.268,16.147
3.126,15.784,3.134,2.933,8.066
4.602,0.071,4.626,0.807,2.378
9.614,17.794,0.14,23.924,1.283
25.844,14.691,5.528,14.804,2.928
9.033,3.544,9.816,6.399,0.114
3.817,7.685,1.06,1.274,7.359
3.979,1.713,0.288,0.288,9.132
19.101,13.022,13.069,43.922,8.337
56.016,17.045,5.869,1.101,0.586
9.9,24.858,3.037,2.635,0.565
14.467,19.042,7.336,4.355,1.307
13.072,0.725,5.032,12.652,1.09
0.021,24.16,0.157,3.506,0.108
12.264,0.773,21.005,37.734,4.936
9.794,0.146,33.335,15.276,2.128
1.002,23.614,5.457,39.499,4.22
7.399,36.43,2.153,21.083,2.433
6.605,7.908,0.023,18.276,0.923
32.44,10.794,4.179,0.348,1.636
0.905,3.021,1161.258,6.286,11.115
3.548,10.611,3.816,1.218,18.553
2.263,8.301,0.568,1.008,5.998
5.485,2.704,3.99,16.128,12.485
0.71,12.093,40.653,5.341,16.047
4.104,10.633,2.28,24.085,9.669
0.556,3.063,4.478,10.676,12.791
20.247,26.534,4.858,1.971,15.051
31.125,2.478,5.253,18.97,4.68
21.928,5.241,0.266,1.17,9.973
17.042,19.812,10.628,11.449,15.229
42.704,2.196,2.909,19.047,2.506
34.441,4.442,7.336,3.97,1.301
13.517,1.585,4.974,6.009,0.331
12.998,25.411,3.64,8.675,0.58
0.657,0.17,5.043,1.566,5.238
2.181,2.419,18.876,9.447,2.514
5.203,1.83,5.644,4.734,3.6
3.875,3.249,0.213,8.83,3.365
2.064,1.104,4.688,5.938,0.962
21.326,3.106,4.534,12.772,5.178
14.145,1.522,3.302,8.892,0.424
17.888,23.894,0.92,7.829,5.671
15.301,24.622,14.278,23.992,13.557
17.888,9.894,29.312,6.313,0.944
11.694,20.968,5.478,7.199,3.045
0.309,21.917,16.943,3.767,1.744
12.029,2.04,2.155,9.919,3.441
1.787,9.792,4.085,12.641,12.151
0.003,4.277,12.305,36.361,11.332
14.089,7488.15,13.679,6.708,0.178
6.41,57.824,20.801,21.069,2.173
4.675,4.149,7.085,2.888,0.229
7.333,6.593,28.332,13.156,14.136
7.677,20.598,13.704,0.823,14.413
1.379,13.29,1.3,7.249,26.754
8.415,25.307,23.351,2.396,17.347
4.02,10.704,7.651,1.629,17.181
1.978,1.929,4.478,11.879,6.129
2.274,0.209,5.92,3.998,0.82
1.571,8.314,1.971,1.393,13.571
2.381,5.01,6.239,7.12,21.275
3.713,11.754,15.26,3.124,5.457
11.468,32.545,2.784,0.008,38.464
9.846,0.352,5.943,12.724,11.561
1.478,0.559,8.442,2.578,2.64
2.27,0.697,5.841,3.43,0.724
16.758,5.562,6.1,11.396,7.261
8.857,4.209,6.873,38.996,10.82
2.086,2.389,13.216,38.118,18.379
11.979,2.692,27.214,4.301,11.667
24.492,1.363,0.943,1.113,8.063
3.799,4.721,0.309,3.744,3.499
2.723,8.329,22.568,7.98,28.131
6.337,1.645,8.266,7.006,8.349
4.921,18.358,9.178,6.151,35.95
9.164,18.107,0.086,38.166,0.102
8.095,14.666,12.26,4972.544,2.466
6.981,19.613,1.406,0.923,7.014
13.126,7.305,20.738,21.138,3.284
2.557,1.407,2.149,9.81,2.191
8.183,9.006,6.671,3.983,4.352
13.525,18.0,72.177,17.893,6.051
0.603,2.065,4.683,22.032,42.057
3.63,16.809,32.673,6.589,12.123
3.646,3.553,22.912,13.145,6.62
4.688,2.239,3.296,24.248,8.032
1.643,7.173,15.85,0.119,7.121
25.921,14.595,24.333,13.326,0.427
1.077,0.776,5.984,36.846,24.445
7143.975,14.357,39.505,21.651,8.672
3.78,10.18,0.851,0.878,8.841
8.221,12.46,5.073,3.18,19.141
4.033,6.037,7.725,0.425,2.622
28.383,34.437,2.416,3.293,1.423
0.995,11.592,12.828,50.68,12.062
2.566,8.464,3.467,8.219,1.271
0.803,0.652,3.196,8.651,20.803
10.198,4.407,2.519,31.943,4.692
3.326,3.606,17.086,1.23,6.512
35.175,8.257,9.949,5.292,8.542
5.726,17.041,35.459,6.859,7.497
3.065,35.886,8.287,4.599,38.81
0.331,14.984,2935.866,6.631,8.442
7.541,0.43,16.721,31.805,7.903
1.268,1.42,21.888,6.049,37.469
7.228,35.957,20.295,3.388,1.836
6.234,18.616,6.837,4.232,2.258
3.956,18.558,9.898,5.81,4.584
5.56,0.02,15.255,42.845,8.523
18.745,4.384,15.744,11.396,18.315
5.202,2.866,10.176,3.971,6.313
4.572,14.668,11.962,1.11,15.473
6.434,3.571,3.475,5.679,1.179
7.915,9.278,13.648,17.53,21.379
3.085,3.287,0.575,3.397,12.845
3.907,13.694,9.262,25.018,0.588
10.238,5.14,5.003,0.155,3.042
0.788,24.347,49.38,6.32,4.885
3.957,9.157,2.993,12.975,13.046
2.051,4.244,10.549,2.503,1.613
3.526,5.973,22.002,14.558,3.197
32.169,8.908,1.528,10.199,1.344
1.52,5.682,11.651,8.525,0.138
0.322,20.696,26.538,6.25,28.631
1.126,19.418,20.047,1.437,1.422
3.947,0.476,13.418,4.883,2.133
9.853,11.067,32.075,36.068,0.141
6.772,12.465,4.716,9.504,5.297
3.087,6.951,1.491,4.803,1.333
16.728,0.774,8742.802,7.536,12.487
3.34,4.958,4.489,4.635,8.495
4.93,2.679,15.96,5.142,14.728
5.711,18.202,15.179,21.832,1.359
46.101,3.28,27.653,11.788,29.95
0.918,1.02,12.753,3.414,0.131
7.617,5.212,20.141,3.636,8.292
8.766,9.191,0.09,3.176,2.377
2.799,9.331,9.26,1.032,21.944
15.996,22.999,1.202,15.179,5.589
5.922,12.063,0.094,17.106,2.819
0.786,0.412,19.071,28.075,9.732
10.441,4.266,6.623,20.467,1.799
4.569,1.53,5.444,1.732,5.09
5.363,15.198,3.067,41.547,17.254
1.683,4.979,1.192,15.345,8.252
9.128,6.899,17.828,27.302,7.898
2.412,9.282,11.652,50.906,0.427
12.733,2.594,0.538,0.861,25.622
27.594,5.652,0.563,3.386,15.002
3.296,21.744,9.722,12.339,4.999
15.293,19.917,5.908,56.215,12.955
0.618,4.56,9.2,12.403,2.264
6.024,5.41,7.224,8.485,4.306
5.583,18.945,14.37,33.191,18.973
0.654,3.012,17.069,23.313,5.837
10.511,2.688,32.413,2.984,3.675
11.636,1.106,6.716,5.077,3.804
11.853,16.167,3.126,26.366,14.53
1.952,10.708,39.693,5.867,0.559
15.188,1.947,32.637,8.205,9.059
31.286,1.38,0.4,14.709,11.174
4.843,0.561,5.435,9.484,0.079
9.365,1.923,2.485,2.331,1.702
15.492,11.12,4.885,15.549,10.028
3.235,21.272,7.716,4.752,1.0
8.853,20.804,2.37,11.11,6.534
1.366,27.585,2.718,1.125,15.533
5.753,20.181,18.936,2.221,6.101
0.768,8.352,15.321,4.965,17.046
1.178,4.964,0.937,23.082,0.511
0.16,8.078,10.423,0.072,7.194
4.641,1.222,0.773,5.035,6.559
2.473,9.072,3.761,0.708,1.611
10.212,3.903,7.077,4.588,4.694
4.38,8.387,3.047,4.477,7.488
2.675,22.179,1.981,19.523,8.657
10.338,41.149,4.403,10.647,3.628
18.072,12.2,44.56,9.035,2.56
2.56,3.727,15.277,6.16,0.334
1.475,3.757,20.005,4.202,15.068
0.91,23.137,12.816,3.014,4.088
0.242,18.42,1.953,5.281,13.405
6.557,4.75,11.814,12.229,10.488
32.012,1.617,3.115,18.602,5.669
2.633,12.355,8.639,10.372,1.227
11.771,1.467,8.474,8.436,5.885
2.676,25.357,1.789,3.273,2.8
0.601,15.047,5.28,29.026,1.997
1.242,5.749,5.687,7.342,31.863
34.734,0.181,5.216,15.227,2.558
10.513,20.839,6.02,3.993,5.804
2.366,7.625,1.709,5.685,7.162
0.58,0.631,3.15,16.172,3.277
14.241,3.636,22.383,4.311,17.174
4.25,8.429,11.784,13.169,27.753
2.857,19.528,12.525,56.406,20.428
13.785,22.444,2.917,12.176,10.518
2.357,12.893,6.509,0.147,2.189
2.735,11.14,15.527,3.131,3.89
2.947,12.826,11.203,0.541,18.022
11.497,0.3,10.647,3.94,1.235
1.182,3.551,0.886,1.064,0.657
22.56,10.82,0.325,10.996,13.966
6.503,1.243,24.84,10.673,4.037
2.802,1.922,0.099,10.127,1.975
1.143,5.291,0.305,3.269,29.306
11.314,6.255,10.01,11.683,0.281
4.899,1.998,2.599,4.246,0.121
2.006,14.56,31.426,5.633,2.491
0.146,39.799,7.58,25.493,55.581
2.8,17.55,1.772,8.411,2.611
1.496,13.544,7.87,14.364,0.345
4.598,0.47,6.742,20.644,13.171
4.564,24.074,6.176,13.447,0.364
0.464,42.981,3.152,6.579,35.726
0.503,15.246,3.699,9.86,2.323
10.259,3.067,13.252,11.188,3.526
9.246,12.195,19.881,14.432,9.613
7.126,16.107,18.068,20.583,12.353
4.317,7.167,6.483,0.178,0.784
7.99,15.36,9.474,8.247,5.156
12.451,5.407,13.053,2.356,3.924
9.879,4.221,0.496,24.202,6.512
17.339,9.853,6.16,3.569,0.885
12.643,0.491,10.745,4.564,0.224
8.107,39.123,9.528,5.622,9.736
10.377,24.399,3.984,11.017,15.03
12.734,10.95,4.434,5.01,3.755
0.172,17.026,10.511,9.564,9.221
9.836,15.783,0.577,4.481,10.017
7.496,6.022,0.403,27.717,9.566
4.577,3.034,7.616,6.802,6.349
5.278,7.131,12.173,6.392,0.384
0.588,9.016,3.744,22.485,14.695
11.835,66.812,8.652,12.098,5.024
2.93,19.761,6.516,19.558,17.97
5.284,10.634,16.031,3.325,1.455
22.883,29.98,5.096,8.361,4.303
9.48,3.736,13.897,8.75,6.36
7.066,42.92,2.508,2.436,1.894
4.606,8.437,9.856,14.818,14.303
1.318,5.735,6.4,27.681,1.072
0.352,5.549,25.07,5.394,13.313
3.102,0.76,8.157,14.229,8.269
3.609,20.454,0.24,11.005,8.279
3.215,18.358,2.923,36.88,2.749
28.864,19.772,13.724,0.257,7.246
1.447,6.072,25.539,9.169,25.404
4.102,1.903,27.699,8.211,6.501
17.497,13.869,0.608,7.938,5.821
23.298,0.78,30.41,26.999,2.323
0.026,9.66,0.721,6.334,2.431
11.065,1.164,0.638,19.25,1.935
25.421,5.628,10.216,5.446,1.24
2.01,1.544,27.508,0.784,0.293
5.122,2.706,25.617,5.889,0.651
13.836,1.885,3.641,48.062,9.848
10.504,25.056,10.92,3.499,10.38
7.279,3.781,4.91,6.13,0.977
9.941,16.518,8.45,0.572,0.639
9.784,20.02,18.499,1.076,2.005
2.673,4.966,14.036,37.919,14.271
13.298,30.882,1.069,15.911,8.591
7.163,3.796,2.731,10.151,9.815
8.186,8.279,7.843,3.379,2.997
10.743,30.205,11.688,4.568,12.891
28.062,18.666,17.19,3.196,10.08
1.323,13.539,1.799,26.57,12.903
1.544,37.703,18.24,5.096,22.118
15.495,3.967,14.152,7.685,15.636
11.085,21.446,1.522,3.365,0.375
2.889,20.443,15.645,3.945,6.404
14.848,9.58,14.564,28.376,1.82
14.214,0.992,14.014,8.364,0.318
2.085,18.019,14.398,13.598,4.289
14.979,5.615,12.258,22.675,3.664
1.095,13.155,20.858,17.368,10.486
21.899,47.673,27.688,10.693,10.491
4.125,3.061,0.027,0.282,11.42
15.759,35.797,5.758,14.14,1.282
3.684,16.007,9.238,20.539,1.431
22.565,16.057,1.025,7.362,2.291
4.034,13.929,1.62,4.769,10.39
7.379,12.044,0.636,9.747,19.419
4.374,4.082,10.53,35.303,6.656
7.814,12.721,6.07,2.23,19.907
22.528,3.185,30.686,5.641,0.267
1.031,6.279,9.245,1.29,2.406
10.459,9.46,7.045,13.041,13.083
0.012,1.672,0.161,31.973,3.878
24.575,0.522,0.196,7.083,5.436
0.326,4.511,10.972,13.896,2.22
19.287,6.773,57.828,15.275,1.122
1.767,18.536,36.184,14.754,6.163
5.002,19.0,20.274,1.692,1.773
1.41,1.553,10.24,13.62,7.508
1.732,3.193,16.764,4.464,0.59
1.018,0.522,8.276,18.138,48.025
4.982,6.683,18.683,2.539,4.369
26.817,31.806,4.058,23.856,0.814
1.098,27.22,15.748,19.915,1.855
9.171,17.768,23.263,7.652,1.791
10.087,8.062,6.387,3.75,1.486
0.142,19.323,5.232,16.881,23.663
0.779,18.378,0.346,30.002,27.651
21.869,14.672,24.504,6.175,14.787
29.777,6.247,46.385,0.482,11.901
0.185,3.534,4.669,12.462,4.049
5.349,1.806,2.575,0.253,1.012
32.014,3.725,10.777,2.197,6.697
9.566,0.835,62.166,4.634,1.927
3.443,0.603,18.471,11.531,12.576
4.569,14.095,3.55,0.604,0.086
0.122,28.024,6.165,44.686,6.607
11.248,18.307,7.113,0.169,6.409
12.933,9.234,0.451,10.329,21.946
0.895,1.424,3.463,5.886,0.148
27.17,6.987,7.305,12.894,1.254
9.281,3.491,25.983,5.963,6.677
3.646,1.695,6.984,1.736,0.436
2.816,25.776,2.264,9.408,4.091
8.536,6.012,3.034,19.116,9.836
10.697,16.609,10.517,5.756,20.785
4722.545,3.94,11.69,5.523,9.955
3.362,26.113,4.7,2.097,19.958
10.994,2.343,14.923,2.217,0.668
16.283,0.772,3.088,3.221,0.869
8.452,34.425,1.46,5.315,9.776
8.343,4.112,12.034,5.103,10.969
17.137,7.436,28.372,5.775,3.019
22.651,0.503,12.925,1.268,1.735
15.199,1.773,1.393,19.226,2.416
5.918,41.248,3.112,5.325,1.216
6.277,21.784,5.407,21.739,44.197
5.092,16.441,9.613,33.665,19.073
33.997,8.475,30.39,22.02,4.387
26.932,6.331,5.218,19.658,1.744
8.715,24.579,0.707,25.591,0.432
3.256,14.345,10.264,4.422,7.956
8.115,3.532,29.574,4.75,6.443
1.204,18.257,12.783,7.154,4.327
0.931,0.372,1.624,13.87,10.041
0.518,1.084,19.197,3.801,17.99
4.369,10.04,3.831,13.214,24.98
25.274,2.088,36.234,2.335,8.278
3.35,4.221,0.25,3.704,24.718
3.062,24.485,0.927,19.956,13.495
5.656,10.236,11.973,12.219,0.274
0.269,4.288,9.792,11.598,0.013
1.678,19.094,3.54,21.156,12.524
13.994,15.743,13.503,1.7,1.761
14.862,20.587,1.719,0.739,6.038
0.387,1.514,3.64,6.986,7.625
0.433,2.165,0.032,16.688,20.911
2.605,10.184,24.405,19.961,0.949
13.25,30.151,22.954,0.326,3.296
6.351,7.49,3.567,9.705,0.808
1.927,1.509,5.099,2.74,0.852
26.151,9.093,8.792,0.097,4.899
19.074,34.306,20.218,6.843,4.684
4.587,4.104,6.625,9.908,2.999
14.879,20.166,3.482,8.053,16.776
8.412,27.285,10.473,12.609,2.049
14.888,1.668,18.956,12.464,0.607
3.464,1.371,7.47,21.536,28.438
17.322,30.77,0.476,0.795,17.041
8.718,3.357,0.031,62.912,4.11
20.311,4.997,18.691,2.22,2.306
6116.254,16.74,5.04,3.466,3.507
2.662,0.196,9.307,10.188,2.46
2.275,6.202,0.994,16.857,30.805
6.808,22.094,3.239,4.463,15.559
0.377,18.606,10.685,3.071,15.499
11.517,3.701,0.761,3.367,4.551
14.894,3.283,1.078,17.123,2.061
6.606,8.921,0.035,8.375,17.897
0.825,1.127,3.743,2.002,0.774
0.168,10.203,14.917,15.591,0.565
8.448,2.965,8.214,12.801,0.413
1.984,24.914,18.772,40.675,16.81
6.215,6.731,10.653,11.635,0.075
8.039,10.831,1.875,3.308,7.155
0.439,7.076,11.125,12.507,0.006
0.72,17.362,21.034,0.557,3.371
2.727,0.314,10.647,7.903,2.012
28.247,1.284,0.674,1.584,13.31
0.364,9.61,3.27,4.498,1.993
11.871,9.668,32.014,14.739,5.115
5.829,11.877,3.169,16.701,5.351
11.123,0.47,28.694,9.373,14.261
0.231,5.883,4.171,7.525,9.655
5.876,4.843,1.92,26.27,5.959
6.303,5.77,19.365,7.862,4.244
8.421,6.185,2.525,14.132,5.385
5.908,15.233,12.109,11.474,21.588
5.732,10.381,20.015,7.267,0.09
14.095,29.62,8.948,9.745,12.53
13.215,5.733,0.009,22.482,14.91
0.571,0.977,2.997,19.443,2.092
3.191,27.759,5.812,3.245,16.274
5.601,18.802,8.001,21.976,1.856
4.818,14.098,13.77,34.541,2.505
8.286,12.276,10.32,11.394,8.709
1.887,3.567,16.943,4.563,7.484
25.677,4.379,7.6,5.976,4.107
0.517,2.22,65.002,0.155,0.476
12.305,6.468,7.272,30.962,0.682
17.196,17.033,3.087,6.775,8.142
0.603,14.095,2.051,9.975,2.358
32.304,43.247,34.705,8.608,1.025
8.55,7.344,4.285,28.903,8.505
2.487,20.529,7.767,6.742,3.456
8.12,0.242,0.487,23.661,9.985
32.004,9.306,42.586,2.527,3.832
1.785,10.537,8.528,10.599,25.341
9.68,12.991,12.059,1.217,4.996
27.94,3.478,0.544,2.76,0.981
19.256,7.013,1.47,27.466,0.598
0.978,14.277,26.931,5590.258,6.855
3.763,28.015,26.759,5.369,4.457
3.688,7.208,4.285,18.141,2.476
2.27,0.974,15.838,27.187,77.82
6.023,12.205,0.016,5.333,2.435
12.133,49.063,9.512,18.907,1.422
17.549,2.278,24.74,23.806,2.062
13.292,14.024,0.267,4.197,1.61
7.878,12.034,50.246,13.784,6.392
6.436,2.136,13.672,7.398,3.842
0.434,44.921,0.005,22.409,6.113
5.776,20.966,4.017,8.908,13.292
7.969,11.917,42.952,8.817,1.139
2.971,10.036,38.205,10.621,18.614
2.16,6.598,16.519,23.309,1.524
0.176,2.224,11.47,2.672,0.696
4.947,13.669,30.805,12.418,22.925
0.617,2.668,13.386,3.54,1.54
0.531,7.557,0.418,0.149,14.582
27.946,3.606,13.308,31.633,20.022
0.938,3.306,3.955,7.574,12.251
2.572,11.701,1.737,3.568,11.858
0.902,13.144,1.805,6.895,0.453
4.348,1.372,21.56,13.852,12.546
10.203,9.213,5.681,14.953,2.573
3.227,12.243,2.582,17.402,5.25
4.286,1.134,25.378,42.954,1.619
3.97,7.839,4.835,6.324,7.226
3.492,10.698,18.579,17.815,26.787
1.977,6.913,2.417,7.149,8.106
34.84,5.729,6.037,9.377,2.814
36.872,7.298,0.192,3.419,0.838
12.865,7.917,11.274,6.894,5.872
17.937,9.725,0.283,13.298,5.674
6.346,3.799,0.289,14.244,4.578
9.823,28.292,16.629,1.225,12.913
0.709,1.85,8.056,20.048,32.337
2.886,9.04,3.214,11.525,3.339
10.957,42.521,2.38,2.375,0.211
4.15,0.138,8.488,5.588,2.843
32.258,14.254,18.763,3.421,11.691
1.041,28.491,0.11,4.417,2.346
17.802,41.818,46.465,0.748,2.676
8.527,4.899,6.0,8.915,2.082
18.0,19.723,10.647,11.951,1.39
2.743,1.542,16.159,4.055,3.453
12.886,0.883,12.811,8.182,5.087
3.361,17.913,3.853,5.659,13.302
26.461,17.643,7.614,13.153,3.742
1.453,4.901,5.472,22.055,0.595
1.675,1.172,2.46,5.924,3.115
8.432,1.831,13.834,34.196,0.258
0.719,0.726,29.954,7.837,0.148
10.012,3.43,4.568,10.459,5.457
10.501,8.832,11.617,4.065,1.11
2.926,7.337,3.396,30.68,3.109
3.085,31.153,15.708,11.227,4.25
12.581,1.818,6.296,5.36,2.032
3.371,27.904,8.758,0.171,6.35
11.415,18.777,1.125,5.063,4.394
3.037,5754.001,29.461,16.523,4.38
15.862,0.11,17.808,11.284,0.194
6.604,2.783,6.98,15.3,4.1
3.556,2.825,8.87,0.983,3.366
21.741,9.911,3.157,10.796,2.793
7.524,11.942,2.538,11.82,0.995
0.252,5.172,7.636,4.701,2.775
20.397,3.597,10.289,11.044,7.986
11.796,14.623,1.387,11.022,23.773
14.321,0.686,12.697,4.859,8.69
24.053,1.984,10.274,25.624,1.09
2.174,22.765,5.479,8.086,17.706
7.513,8.556,4.563,20.54,2.86
0.418,1.067,31.547,5.857,7.078
10.633,0.351,0.069,31.201,5.345
12.765,9.89,0.166,2.219,1.406
10.257,8.675,12.882,1.727,6.136
29.068,10.19,7.905,17.195,4.794
22.937,2.925,29.029,21.517,12.354
17.316,5.853,5.499,14.248,0.559
4.828,15.883,0.847,10.144,25.302
3.607,18.016,3.86,11.975,2.475
4.683,10.523,10.186,5.321,1.33
4.828,5.672,7.418,9.952,9.087
15.8,12.568,0.514,22.855,26.67
4.839,3.048,1.049,15.882,2.224
6.393,0.501,8.828,22.35,12.891
2.128,9.448,7.539,31.519,6.18
2.365,10.363,2.048,9.379,15.538
0.855,0.943,9.771,5.579,1.261
18.632,1.176,0.041,0.527,13.947
3.839,27.329,3.622,21.253,17.745
5.42,0.462,13.472,3.659,9.223
10.303,9.299,1.019,17.7,8.482
5.307,6.033,20.964,0.835,9.95
4.463,13.848,7.394,5.102,0.876
2.802,8.38,0.443,1.088,3.786
16.354,2.722,13.153,0.682,6.747
13.556,5.359,0.968,0.764,1.043
13.985,2.952,8.335,27.728,21.859
1.062,0.209,2.598,28.67,4.834
3.57,2.678,22.632,37.14,9.356
1.226,9.131,1.299,10.282,9.973
2.229,26.994,1.175,10.453,4.581
2.062,24.958,1.084,1.999,32.808
26.547,1.344,28.599,13.596,8.922
10.333,18.755,2.398,17.466,7.284
10.629,1.691,13.023,0.52,3.696
5.078,2.057,0.437,13.205,1.871
1.943,9.729,1.384,17.508,21.992
2.101,0.384,5.161,17.827,10.973
19.161,4.477,10.055,7.996,5.525
11.724,4.605,7.059,8.688,7.112
0.987,6.358,6.16,5.412,3.65
10.07,19.677,2.872,10.064,1.393
5.238,4.912,13.31,4.24,9.09
10.075,2.941,0.648,6.57,0.101
30.095,3.411,3.974,12.7,0.107
7.48,28.526,0.575,3.484,8.505
23.919,3.643,6.287,0.523,4.875
6.897,11.092,1.949,1.822,14.671
9.925,11.772,5.962,30.628,2.671
4.795,2311.024,9.082,1.799,1.25
4.063,8.561,0.068,8.783,8.701
2.731,26.157,2.894,6.729,2.159
0.854,11.241,3.851,9.21,19.41
9.467,1.11,32.969,30.065,4.237
28.821,5.994,15.856,13.74,11.989
8.437,9.588,18.096,41.534,7.0
4.872,9.904,12.214,2.798,8.371
24.034,18.17,7.008,25.119,7.003
0.275,9.511,14.496,12.038,8.593
0.642,21.822,12.319,5.455,11.442
0.368,1.885,5.627,17.095,6.728
17.928,39.872,30.395,9.205,6.749
11.299,37.066,10.034,46.01,1.17
30.756,1.977,4.922,34.441,0.458
7.466,4.739,7.564,16.665,15.811
14.961,18.384,2.613,2.065,3.659
7.362,4.666,9.757,13.676,7.523
20.94,24.351,3.268,3.505,0.165
10.714,1.584,18.277,4.002,11.105
1.709,21.984,3.08,7.052,3.941
4.858,12.183,2.325,10.11,16.633
1.623,8.313,6.279,18.695,5.052
0.749,0.688,15.832,8.19,14.387
7.825,14.971,8.371,16.873,2.817
36.541,16.81,62.688,21.868,2.185
14.449,32.483,2.473,2.468,15.654
14.592,0.024,12.637,7.599,11.154
2.532,2.969,25.646,38.425,5.03
7.997,1.501,1.151,2899.117,2.509
0.618,18.951,3.764,3.474,1.616
4.071,5.265,29.85,26.457,31.614
7.897,21.419,2.71,8.381,18.133
8.729,15.696,1.801,0.137,1.036
0.115,15.652,28.869,24.58,2.836
0.032,0.505,1.347,8.18,8.702
10.559,2.388,2.57,5.36,0.641
8.426,11.067,5.851,18.886,7.97
6.475,27.507,15.774,2.672,6.715
8.939,4.652,2.674,15.822,3.573
0.823,9.564,2.439,0.37,2.65
5.366,7.692,1.984,21.968,4.544
9.096,18.981,22.588,7.075,27.796
2.066,6.311,0.787,2.463,7.423
5.758,15.168,7.236,4.481,7.092
8.422,3.034,26.609,9.904,4.527
3.736,8.882,2.86,7.441,27.111
0.798,3.627,68.325,7.479,15.686
26.561,12.381,8.189,10.836,5.963
0.584,13.182,6.975,1.241,7.886
3.348,29.238,0.485,15.943,12.927
11.504,1.558,7.154,14.004,4.73
6.184,13.098,5.304,3.248,24.682
2.027,0.74,12.84,4.011,3.293
4.608,4.65,5.298,6.92,1.838
18.898,10.254,16.61,7.58,2.022
1.909,2.913,35.338,3.346,3.727
6.696,9.978,18.075,14.262,5.306
13.025,6.288,10.559,1.19,3.958
29.746,2.473,9.167,3.342,2.045
6.941,0.715,10.39,13.679,2.486
6.519,2.362,5.46,10.967,8.111
6.315,1.522,12.712,8.024,4.567
2.104,21.42,42.155,5.128,26.109
0.172,5.956,2.533,4.289,0.576
2.061,12.303,1.081,6.73,7.812
29.955,3.685,0.352,3.073,0.081
11.194,1.244,3.178,30.752,8.635
1.106,12.731,3.176,26.889,0.865
3.978,0.338,4.464,32.501,2.824
6.02,10.28,7.436,1.726,13.396
12.978,2.149,3.707,6.084,1.627
22.711,0.372,16.795,14.192,6.932
3.68,11.536,14.348,1.139,2.042
2.917,44.211,9.852,1.463,5.406
5.129,4.074,1.101,4.57,1.793
23.102,5.869,6.189,10.796,3.267
17.177,2.928,6.565,25.512,12.811
1.738,7.151,5.011,8.341,8.35
2.354,9.129,9.765,18.58,3.42
12.111,7.17,20.43,12.987,0.516
1.882,12.379,16.988,13.14,0.778
13.016,37.095,3.252,9.385,8.387
8.871,10.7,17.301,3.835,4.519
3.63,29.311,3.441,3.237,28.685
0.261,36.459,5.161,10.488,15.028
36.936,0.958,23.873,3.568,15.901
29.929,2.296,25.647,14.872,5.169
0.006,1.75,22.666,2.824,8.955
7.304,1.519,2.365,10.624,2.217
4007.71,21.463,5.643,7.199,33.455
0.74,36.52,0.251,13.113,9.071
3.449,11.099,1.63,1.73,18.323
0.429,34.685,1.441,38.296,12.395
4.529,16.412,19.589,12.643,14.477
14.718,10.898,22.396,4.024,7.641
21.145,2.076,2.436,16.815,0.848
1.769,24.93,0.309,0.084,2.928
9.149,24.536,2.584,6.331,5.421
10.662,13.66,7.463,27.507,23.683
5.192,5.159,0.992,23.515,1.385
0.114,3.679,15.758,9.501,6.695
3.691,5.964,11.634,8.235,13.093
2.723,19.069,22.035,2.664,26.811
11.271,2.311,8.587,21.253,2.097
9.646,0.06,23.913,11.896,10.25
3.225,0.187,6.713,24.138,1.599
17.653,17.325,23.08,0.324,0.164
4.657,28.645,10.412,5.144,14.352
4.941,5.529,12.666,5.366,3.477
8.147,5.964,11.206,22.338,7.266
13.222,73.834,3.894,0.964,3.204
18.119,1.219,23.849,5.27,0.518
27.06,13.164,23.236,4.423,15.059
13.053,25.74,2.166,2.652,26.918
14.199,25.426,0.301,21.86,0.941
4.706,1.871,16.486,2.836,0.188
9.346,0.48,4.974,6.855,2.714
11.143,17.748,6.305,2.122,3.201
3.754,1.021,18.054,5.673,5.013
2.048,8.527,0.447,10.322,8.67
1.056,4.742,0.645,4.531,21.039
0.548,1.152,8.156,0.078,1.413
8.047,20.238,18.083,31.713,0.786
8.307,20.656,1.633,28.51,7.706
17.438,14.615,678.212,5.091,7.362
9.081,0.469,0.135,20.059,8.165
6.077,0.215,7.785,16.308,0.521
1.576,2.916,0.988,7.477,2.132
11.275,3.565,0.383,10.132,25.762
8.952,2.337,28.943,24.3,18.617
6.268,5.221,8.032,16.674,14.785
8.451,7.444,11.001,31.417,1.411
0.993,6.839,6.838,9.797,0.273
29.345,3.327,6.492,5.989,0.682
1.013,31.493,22.628,3.649,15.331
19.283,26.73,1.13,0.316,9.454
4.309,11.252,8.539,4.92,3.367
8.377,12.375,16.527,8757.777,43.957
13.536,17.992,2.61,2.842,8.198
18.508,0.268,5.791,16.451,1.858
3.722,7.854,8.11,17.589,1.788
6.29,22.923,9.579,4.406,4.58
2.527,10.533,8.115,11.726,9.235
2.369,12.358,27.535,7.936,9.992
3.454,10.056,7.514,19.021,2.834
9.585,38.323,7.742,8.441,0.428
0.115,5.936,11.195,7.93,6.008
18.965,8.006,0.22,4.231,8.02
13.259,11.839,24.128,3.871,4.688
14.782,13.553,0.606,12.709,10.143
15.12,2.93,4.044,21.143,0.419
12.531,8.209,8.388,23.69,0.8
14.413,3.534,6.117,53.617,10.594
29.328,9.402,31.848,0.113,9.477
4.916,0.202,4.708,24.839,25.012
3.867,3.62,15.332,0.103,0.653
10.116,12.663,19.144,4.839,2.753
12.974,3.355,8.961,11.485,0.553
0.756,3.146,0.291,3.603,2.483
7.478,16.484,7.183,7.852,1.727
6.639,3.395,0.758,7.001,0.226
3.888,7083.316,11.098,17.4,1.157
1.753,32.719,14.299,8.503,3.024
3.462,5.662,7.425,33.991,8.585
3.545,9.014,20.885,2.819,0.727
43.352,1.635,9.413,2.348,7.672
12.83,2.871,8.316,0.877,5.407
0.207,1.087,1.611,12.034,3.574
3.37,40.021,9.27,7.504,12.687
11.787,2.013,7.716,23.796,16.524
0.889,1.074,3.07,6.531,2.6
1.242,13.466,0.118,42.408,26.649
1.358,26.352,3.544,6.618,1.032
5.216,15.5,10.328,0.992,10.364
1.233,18.125,28.353,11.776,11.584
4.384,13.461,0.321,17.342,44.328
14.9,2.747,6.385,7.04,7.243
17.661,12.622,8.295,19.966,14.168
25.123,6.079,5.368,19.946,7.978
9.068,1.098,19.97,49.534,9.661
12.86,5.156,29.993,1.992,11.66
22.944,3.121,2.555,1.712,0.766
12.515,13.432,1.884,5.902,9.98
2.228,11.479,6.738,0.123,18.43
10.14,3.49,5.192,8.181,6.387
6.904,1.969,20.657,14.046,15.775
7.554,19.757,58.261,1.498,3.534
5.816,47.263,12.409,12.92,23.575
3.808,2.438,13.508,7.637,14.128
5.876,9.176,10.511,31.173,9.159
0.117,6.113,7.019,6.087,5.879
4.118,15.578,12.472,1.749,8.648
22.194,9.65,57.03,19.779,11.22
9.095,5.759,2.343,7.797,3.191
15.101,29.889,7.368,11.162,9.35
5.262,18.909,2.424,8.533,0.283
1.174,6.487,11.099,9.082,5.871
0.303,1.865,1.013,5.957,3.297
8.08,16.109,14.631,5.736,16.882
5.537,9.318,8.466,12.69,7.459
2.913,3.104,5.638,8.644,2.147
3.339,16.449,6.506,4291.102,30.421
9.216,8.727,17.262,22.164,0.678
6.496,34.338,1.976,11.049,5.593
1.032,9.061,0.412,10.946,13.362
6.898,13.067,0.623,5.597,3.028
5.422,20.73,1.201,3.812,35.466
13.301,1.805,3.589,4.332,4.235
18.185,9.938,5.701,20.823,2.163
4.582,9.732,0.712,17.758,20.573
1.088,47.303,19.209,55.75,9.278
2.068,1.225,5.771,18.894,4.826
6.033,0.099,10.053,10.281,5.073
11.394,24.999,3.121,20.206,1.303
1.626,11.773,6.486,0.309,10.766
0.787,13.668,17.328,1.169,0.642
9.954,23.701,1.601,9.4,1.371
10.581,37.029,46.64,1.031,55.104
0.25,5.889,3.005,15.783,9.52
3.024,8.879,12.21,12.161,4.701
1.81,0.241,16.825,2.711,2.209
14.891,18.394,7.661,14.178,0.486
1.509,5.703,21.822,1.375,0.352
4.893,0.879,8.006,2.589,6.788
1.783,12.964,12.385,1.71,2.206
9.886,19.284,5.899,3.151,11.915
3.499,0.554,0.795,19.026,10.951
3.732,3.788,21.138,6.71,1.291
43.857,4.42,17.879,9833.5,4.623
0.064,3138.658,3.49,8.649,10.756
15.318,0.114,16.507,6.767,4.464
0.587,4.974,18.15,8.096,21.806
7.273,10.578,12.5,18.861,9.513
7.071,9.89,34.241,1.852,7.57
8.545,10.762,3.005,17.372,26.028
1.674,19.055,5.499,14.871,25.538
1.464,69.561,2.788,1.803,4.146
12.133,3.381,9.675,30.028,10.342
14.573,3.698,8.858,10.845,0.061
4.059,1.14,5341.482,10.55,24.593
0.741,8.315,1.953,2.826,11.93
9.262,8.157,0.872,26.071,9.948
2.076,12.584,7.425,10.548,3.553
15.753,9.471,12.763,17.862,10.244
15.35,5.667,22.831,4.59,7.23
84.907,0.509,7.854,10.704,1.76
11.281,0.022,0.69,20.915,6.26
15.057,6.185,11.05,4.117,1.043
7.142,10.787,0.291,2.215,25.459
9.954,14.504,1.592,2.449,17.768
21.543,0.011,52.073,4.761,14.573
2.823,1.647,1.244,17.267,0.927
6.659,22.562,6.824,2.903,7.25
20.006,29.861,3.006,10.987,6.578
1.21,26.206,2.283,2.035,7.939
8.797,7.374,14.124,5.632,5.149
0.31,5.904,1.025,15.551,7.342
27.218,9.01,18.594,5.57,4.193
3.832,4.922,14.388,15.115,9.735
13.805,3.819,11.548,10.363,10.589
15.048,6.938,6.792,2.784,1.092
7.659,1.549,25.364,4.051,1.788
22.193,5.639,0.2,8.02,5.382
1.566,0.471,22.893,4.073,21.494
1.469,0.35,25.114,8.021,13.779
7.517,1.015,4.83,17.939,10.607
19.093,0.02,0.318,0.089,1.399
8.288,9.333,25.122,13.275,5.593
9.815,1.789,6.029,11.449,2.642
7.206,10.204,19.57,35.987,7.181
2.719,24.342,21.422,4.792,8.398
55.488,0.044,0.616,3.558,6.684
1.306,0.096,4.669,1.865,0.122
0.67,14.357,4.232,2.688,12.921
1.022,17.437,1.286,14.991,3.636
10.53,0.038,6.332,28.261,11.512
1.273,16.824,22.742,9.072,0.949
6.643,15.167,30.726,9.727,2.183
15.18,15.698,7.467,11.011,5.037
31.002,5.199,15.325,8.83,12.831
19.538,6.291,54.978,10.395,28.674
3.671,13.675,1.524,2.54,10.756
15.689,9.135,14.73,2.775,4.779
2.607,11.221,5.853,6.94,9.896
12.784,20.45,4.001,1.31,1.779
1.665,2.316,37.676,20.431,8.77
2.334,0.177,0.202,15.426,5.73
6.094,8.559,8.94,4.86,6.879
2.64,20.925,11.038,11.469,20.542
2.619,12.049,7.578,2.14,17.407
12.916,14.757,11.239,13.261,22.312
9.711,29.708,6.217,26.431,2.659
8.585,13.201,34.997,10.51,18.246
8.537,5.349,15.727,38.577,16.452
42.502,5.863,22.441,17.909,11.885
8.688,18.752,2.576,39.809,9.387
8.686,1.329,12.136,15.053,22.49
2.404,7305.333,2.941,42.45,0.668
0.904,3.112,15.983,17.951,8.994
4.456,10.837,1.238,5.67,17.176
9.878,15.107,1.985,6.255,15.913
1.163,17.392,20.802,5.41,8.628
0.656,1.408,19.487,13.377,2.18
2.239,4.746,0.703,14.877,8.436
9.486,44.939,13.087,4.464,9.611
11.601,33.448,1.987,0.944,4.181
8.945,1.401,0.078,11.592,3.998
4.456,9.773,25.624,5.887,10.31
5.208,9.645,6.898,4.859,5.509
13.912,5.092,21.29,2.006,11.397
2.25,0.556,5.324,5206.639,13.031
0.736,5.91,30.583,14.576,23.673
0.641,0.651,3.285,2.257,4.625
12.028,3.36,4.7,18.604,6.927
1.467,1.071,0.264,1.329,15.978
7.587,3.77,10.516,7089.096,8.353
9.87,10.022,0.396,18.186,19.107
6.095,5805.769,1.276,7.328,15.651
13.113,25.513,27.347,2.352,18.472
4.219,37.266,2.275,18.437,6.71
1.526,10.948,6.053,7.721,5.226
15.43,3.234,3.868,26.615,5.69
1.737,1.855,15.4,8.672,23.01
6.217,23.686,9.095,11.869,1.307
6.333,20.214,0.682,0.39,0.587
7.023,1.721,1.997,37.957,2.009
11.201,6.119,8.374,20.992,1.898
24.443,5.235,0.818,5.503,3.418
16.452,4.219,0.272,10.53,11.881
9.434,0.515,25.754,3.724,8.88
1.245,13.733,9.918,8.078,32.65
6.493,25.946,13.377,2.624,7.728
2.722,10.604,11.436,6.278,41.579
1.69,2.817,29.894,27.764,18.684
3.9,25.0,31.394,7.927,1.783
19.626,4.447,13.71,0.667,4.081
3.178,23.582,3.912,47.484,2.323
9.524,1.207,5.413,11.029,3.056
2.694,9.717,7.895,4.115,13.312
11.139,35.081,4.934,0.849,1.166
29.213,7.564,25.662,3.123,16.955
0.795,5.264,3.198,3.533,12.192
23.454,18.161,0.089,1.917,3.238
4.579,56.545,1.432,4.066,7.327
16.199,8.304,11.707,10.789,10.738
6.258,1.957,0.792,19.264,13.336
7.484,54.501,24.807,7.948,10.557
2.148,12.709,8.143,4.867,12.172
10.87,4.383,8.972,25.448,15.646
3.054,21.65,4.545,17.535,2.034
7.85,0.736,6.821,9.242,10.012
24.162,12.681,12.716,1.292,0.097
7.218,24.547,11.666,2.774,40.593
5.035,8.496,7.322,2.987,15.33
6.173,34.504,1.242,14.276,8.571
2.419,12.664,8.794,8.436,6.694
4.1,0.449,1.498,11.074,3.161
7.073,2.472,9.518,0.554,4.137
21.182,18.956,43.874,19.923,9.212
1.95,1.983,10.148,12.622,1.789
4.109,8.877,25.464,2.223,13.88
21.526,0.851,8.556,0.82,4.54
5.434,22.337,13.152,5.966,5.462
30.093,0.027,0.996,8.556,2.753
2.396,4.18,27.58,5.475,20.965
0.525,6.846,8.307,18.235,1.791
34.594,8.381,25.172,0.887,5.622
2.135,4.024,0.933,0.557,14.708
13.052,4.597,8.323,6.617,0.333
2.787,1.057,6.655,2.22,1.263
4.988,0.898,14.803,18.475,20.466
4.837,0.367,10.113,11.467,3.313
22.948,27.759,44.124,31.25,8.383
1120.136,0.107,8.977,1.574,11.434
2.226,24.085,0.578,8.897,18.2
39.455,6.177,0.103,1.327,4.06
3.511,10.431,2.252,3100.965,20.355
11.876,32.522,12.502,10.087,0.828
0.54,35.347,2.08,11.003,0.083
9.851,3.386,8.143,19.838,2.344
2.319,19.925,0.287,3.07,11.153
2.693,1.686,15.3,6.319,17.991
58.358,1.175,3.31,16.441,1.19
0.582,6.585,12.323,2.945,21.715
17.753,19.942,6.6,13.48,9.679
2.147,9.3,6.496,2.528,4.18
9.418,35.317,14.343,9.433,4.312
1.915,67.042,8.993,11.179,19.675
3.88,2.862,10.725,22.547,5.837
3.589,3.444,35.925,1.328,20.473
2.698,6.234,2.02,0.855,7.29
6.755,21.056,0.645,4.067,5.789
0.045,13.388,0.292,20.831,6.616
3.266,19.845,57.042,11.894,22.07
10.074,15.503,0.09,14.188,10.856
9.59,5.816,15.461,8.392,10.157
10.476,10.535,17.339,1.791,2.569
3.579,13.517,14.668,6.932,2.935
5.774,6.652,5.335,9.817,12.429
4.661,3.286,19.641,11.774,1.858
3.27,10.01,21.045,0.664,1.042
0.731,16.515,3.134,48.737,28.068
27.501,5.242,9.201,17.775,0.822
1.311,0.138,9.815,12.477,12.933
2.919,7.514,4.909,3.357,1.558
0.924,14.083,22.439,21.865,11.866
9.249,10.355,3.698,19.025,11.932
1.658,22.787,4.318,8.686,8.158
19.968,12.206,24.922,38.36,34.032
9.708,7.63,3.092,29.098,0.089
17.968,22.474,3.045,6.201,0.544
7.091,17.305,6.515,3.0,5.963
0.396,0.87,8.938,14.906,21.834
2.954,15.641,12.002,18.629,8.03
3.567,7.044,7.962,13.106,0.789
0.514,2.005,39.318,6.21,0.36
4.077,0.777,0.47,3.311,1.238
3.521,12.884,2.806,25.338,16.204
3.75,5.289,12.167,49.297,4.499
2.955,0.553,34.458,4.511,5.946
1.885,4.807,12.6,33.0,7.901
8.427,1.697,0.783,21.716,1.925
8.858,2.142,24.317,3.295,3.584
3.547,8.108,0.032,7.311,1.828
13.321,3.099,42.759,5.192,5.096
0.312,10.132,5185.308,1.178,13.759
3.58,1.47,16.146,6.866,2.035
7.431,14.759,0.576,23.903,3.039
3.591,14.48,6.126,31.037,3.042
6.324,3.149,2.849,5.216,0.322
14.672,26.953,12.31,10.213,35.427
2.625,7.246,0.765,5.371,17.787
16.198,0.327,8.468,8.553,2.94
4.36,0.938,12.242,7.563,5.389
5.755,0.408,18.626,18.545,14.058
5.088,9.516,4.534,6.616,9.623
30.091,1.704,9.903,4.972,3.051
5.348,11.625,5.819,8.519,10.063
9.299,32.988,9.887,4.971,3.176
4.072,0.127,6.852,5.851,2.332
13.055,11.937,43.164,1.734,0.335
4.331,1.086,0.127,2.722,0.242
9.465,2.668,12.694,22.925,14.138
14.862,3056.268,18.518,19.723,9.217
0.161,16.354,9.586,20.367,9.236
3.565,4.493,27.4,11.291,3.694
59.501,3.22,13.026,20.079,10.624
48.497,4.948,0.985,33.777,17.819
2.066,7.543,11.079,18.623,1.08
18.233,2.458,0.431,2.78,0.032
7.152,5.336,6.442,1.566,0.622
6.626,1.187,0.422,15.587,39.547
2.054,24.36,8.329,2.896,1.897
14.449,35.518,19.972,26.788,3.333
18.732,10.903,45.477,3.887,11.511
4.813,2.583,8.168,0.775,3.006
2.384,1.769,3.706,76.758,5.451
30.897,0.519,10.982,10.715,11.786
38.329,11.027,13.014,5.396,2.281
12.14,20.059,5.66,15.263,5.115
13.197,19.364,0.199,7.712,10.85
3.084,24.902,6.278,3.219,12.835
4.872,1.674,6.801,4.944,7.897
24.055,17.815,5.593,19.95,3.661
13.217,6.887,16.829,27.87,27.188
3.449,4.971,2.602,7.12,13.571
0.288,13.32,13.025,18.91,14.416
11.488,12.323,0.01,2.782,15.904
0.965,25.251,10.8,3.038,6.498
1.777,3.923,14.404,5.351,12.678
21.648,13.647,0.908,5.473,0.755
12.474,0.881,2.406,1.62,1.902
3.947,9.616,1.149,7.515,4.26
3.413,6.371,1.362,1.79,1.842
0.417,4.028,6.808,6.357,29.023
4.014,6.763,7.984,9.16,3.017
3.796,6.462,5.144,5.201,1.318
3.215,12.087,16.81,8.523,1.965
7.196,14.859,2.635,1.713,4.456
7.691,0.916,8.76,11.874,5.047
8.959,0.456,5.895,21.251,4.929
0.406,2.443,0.775,12.832,3.461
1.849,3.837,6.395,3.825,3.792
1.791,19.8,3.767,10.627,4.632
19.259,7.055,0.511,43.663,7.955
15.421,0.215,8.414,12.011,5.322
1.092,7.221,0.199,17.35,5.252
1.26,14.02,13.636,7.332,14.317
4.814,4.312,4.679,5.748,9.863
3.119,10.061,0.84,20.646,0.923
9.88,9.906,2.637,18.039,4.556
5.643,2.255,0.027,71.198,2.753
2.417,3.82,12.301,8.43,16.081
26.445,15.037,8.14,5.06,3.206
7.924,6.285,4.646,4.843,1.245
3.809,7.826,6.56,5.625,8.417
3.211,4.485,14.613,31.317,8.033
9.9,6.916,5.751,8.991,3.912
4.609,9.323,24.189,11.128,18.206
11.286,14.639,1.412,36.831,4.094
0.454,12.258,0.031,5.907,4.285
8.49,3.125,8022.095,22.813,8.377
4.04,3.114,1.044,0.187,8.265
3.412,24.561,10.119,0.071,6.845
2.342,1.063,0.92,11.391,10.28
4.465,24.941,2.873,8.077,1.53
5.864,9.787,17.847,2.298,3.95
19.105,18.107,4.614,6.81,0.893
1.873,2.317,35.185,17.939,35.046
0.275,2.695,31.18,12.947,3.696
11.624,8.919,60.462,5.647,18.98
0.547,14.362,16.613,14.609,15.813
4.86,3.092,3.854,0.358,2.577
1.998,25.008,23.708,4.651,14.488
22.187,1.602,11.306,1.333,8.798
8.138,9.972,1.137,13.427,6.834
10.71,6.182,1.068,17.679,4.971
4.521,0.479,16.245,3.476,7.642
1.365,3.716,4.728,1.706,4.652
6.053,15.823,12.949,7.176,19.402
1.175,5.873,42.112,3.355,2.328
7.959,27.635,5.293,5.045,0.677
0.963,6.687,9.177,24.573,0.675
14.701,1.72,0.222,2.538,16.944
4.691,7.306,29.321,4.476,11.627
7.832,7.887,22.964,25.519,1.155
23.952,0.917,6.351,1.594,0.499
1.805,4.447,30.745,1.281,7.1
18.432,3.611,5.908,6.981,5.976
6.253,5.116,0.701,23.715,11.323
29.136,9.589,5.819,1.182,2.148
0.084,2.565,8.471,8.769,3.052
3.025,15.758,14.302,7.938,34.114
0.368,8.214,0.339,0.631,5.204
7.563,5.191,19.74,19.527,1.209
1.413,9.106,0.591,2.336,8.522
0.293,6.824,18.859,8.954,7.887
14.797,6.13,2.921,13.036,2.623
2.941,5.137,1.963,19.667,26.762
1.436,2.606,0.085,5.725,11.042
21.068,0.38,6.127,21.607,5.449
0.595,2.737,2.924,0.181,6.108
13.882,6.499,14.718,1.072,9.637
3.279,4.724,1.355,6.596,9.042
3.383,8.38,2.883,8.941,0.813
1.52,0.535,2.36,5.121,0.161
0.415,13.159,7.824,9.028,6.224
7.908,2.104,15.076,5.41,1.755
0.579,2.789,2.036,3.676,3.024
4.105,4.042,2.703,9.436,11.542
36.558,26.5,21.701,11.888,8.247
1.007,7.012,4.053,12.658,10.099
3.608,4.694,1.961,8.359,0.229
6.822,4.49,13.541,9.139,6.404
6.785,25.583,8.039,12.22,16.267
21.188,16.305,5.652,6.981,0.101
0.841,6.311,3.102,14.017,8.823
10.54,17.814,0.107,1.044,12.126
1.162,12.341,1.362,21.353,6.928
1.196,1.201,13.232,7.994,7.373
7.609,14.08,1.427,0.947,3.283
0.18,21.614,6.247,18.747,20.704
3.779,14.066,7.614,23.099,0.234
21.272,2.481,29.422,8.728,16.349
7.35,17.993,2.76,10.769,1.442
1.781,1.329,1.411,11.739,1.093
1.45,4.59,31.612,8.441,0.617
12.481,21.349,3.367,13.065,14.338
22.181,14.857,23.78,3.07,0.655
20.076,7.691,0.138,0.004,6.53
17.761,2.074,2.571,1.753,1.448
17.504,4.65,14.666,30.372,0.342
11.86,0.001,10.107,14.639,8.296
4.116,2.166,0.025,9.299,14.077
1235.34,0.394,13.274,4.363,5.281
15.081,7.02,39.056,7.028,0.856
23.761,0.868,13.57,1.471,1.617
0.403,16.452,5.734,3.844,8.215
22.291,1.66,0.324,3.496,8.336
3688.243,3.855,9.011,24.608,13.223
9.15,1.622,5.0,8.16,4.058
22.568,19.493,4.932,38.175,5.598
2.202,6.409,7.576,9.876,3.919
0.12,25.703,0.431,7.33,13.869
0.516,3.786,4.323,15.394,6.318
4.587,26.152,21.877,4.23,4.751
4.619,6.447,3.061,23.57,20.205
1.846,7.76,1.199,11.366,22.674
6.556,12.43,8.039,0.968,19.031
21.91,3.08,8.674,3.395,5.125
0.764,3.464,9.57,23.112,12.543
6.211,12.627,3.447,5.563,6.921
9.246,5.743,0.198,28.267,49.1
5.739,1.12,9.772,10.522,0.224
0.302,2.258,3.861,0.264,1.656
4.699,1.86,4.066,11.902,0.913
1.084,10.53,16.018,11.902,6.18
10.201,5.796,5.222,21.495,7.765
1.566,5.027,14.317,12.377,36.046
28.405,8.95,0.206,6.768,8.535
1.104,7.897,6.19,10.087,4.298
22.983,5.301,0.782,7.425,43.114
20.091,2.642,14.974,15.232,9.062
8.251,13.519,6.086,3.018,11.08
3.547,0.73,0.489,3.596,2.398
0.405,11.282,7.86,10.858,12.924
6.791,5.138,8.59,10.377,5.125
10.83,6.913,0.089,6.028,9.147
3.652,1.988,8.255,16.882,2.421
12.208,6.363,18.037,33.52,1.332
26.091,2.031,18.695,2.289,9.086
9.448,7.153,18.404,1.383,0.076
15.224,0.909,34.722,1.033,6.272
21.292,3.251,0.614,1.138,4.984
29.399,5.869,64.857,13.226,17.808
2.454,2.636,15.911,2.757,5.49
14.657,21.965,0.82,2.362,5.092
3.52,1.822,5.009,26.948,20.294
10.316,16.02,9.248,6.085,9.108
0.315,24.758,3.119,0.5,0.07
7.176,15.007,1.363,9.993,11.994
21.021,7.158,9.195,1.922,2.992
1.052,8.315,8.251,0.679,0.244
15.485,1.041,4.341,22.145,7.739
6.354,10.14,4.097,26.119,32.129
13.068,9.261,6.151,5.982,3.748
1.826,4.793,2.609,4645.958,0.069
9.543,1.682,28.073,12.761,4.151
1.24,3.926,1.692,2.614,10.736
4.644,5.172,10.364,1.477,1.549
18.257,24.769,3.917,1.527,7.32
34.854,29.946,11.953,17.394,9.37
2.226,14.758,32.428,9.109,27.695
21.248,8.29,0.236,2.837,5.818
6.759,24.195,3.33,1.702,1.4
0.154,14.666,1.994,7.512,20.769
29.48,4.141,30.755,29.669,1.45
12.187,1.272,33.355,6.088,21.282
4.02,1.395,25.449,0.238,4.096
18.43,0.369,38.567,31.567,18.236
1.714,13.231,7.388,0.15,0.24
17.134,32.389,23.838,0.154,4.248
12.358,24.341,19.448,21.31,5.249
8.881,5.271,10.36,9.345,6.328
8.125,1.909,13.807,11.044,3.64
2.978,1.391,20.603,6.62,22.272
9.103,8.595,0.343,6.165,7.551
10.862,26.127,4.439,7.379,4.645
12.737,27.701,5.233,8.38,0.185
13.605,25.191,3.692,0.465,1.739
0.167,17.4,20.308,23.242,3.226
3.15,57.709,10.554,27.773,3.662
0.669,4.983,7.097,6.642,5.06
0.517,6.371,4.155,12.215,5.708
55.226,0.515,0.448,0.967,8.096
8.193,15.814,2.872,2.026,4.224
6.692,11.006,0.249,4.066,3.685
8.975,3.957,14.688,11.088,19.119
13.2,1.109,5.39,5.46,3.177
22.484,1.793,5.135,54.855,15.842
1.717,3.002,9.071,10.678,13.182
12.861,5.909,0.573,0.4,5.98
15.107,0.073,2.19,0.777,1.166
7.724,24.39,5.299,3.396,9.497
12.149,19.853,2.065,0.245,2.735
4.377,9.224,10.783,2.992,14.148
37.991,0.797,12.632,20.199,12.147
25.955,2.581,22.105,7.46,17.415
5.005,9.924,9.358,15.322,2.218
9.888,6.196,9.955,14.978,5.268
2.319,5.407,0.436,11.291,8.391
1.835,7.012,13.392,2.564,1.808
18.117,1.595,5.619,1.725,0.401
25.243,41.804,0.597,2.407,12.617
22.409,9.496,15.141,13.08,1.108
4.68,0.478,5.353,0.092,0.189
16.107,0.098,1.898,32.372,6.337
9.758,19.039,3.478,26.137,24.531
5.463,3.272,16.146,28.136,10.408
3.215,12.43,23.715,8.252,0.658
1.224,3.217,47.292,3.491,11.725
12.771,11.222,1.444,4.094,3.787
3.054,0.955,10.883,36.522,24.443
3.002,6.916,3.526,13.771,3.876
11.39,20.723,12.263,0.67,1.909
2.901,11.678,0.055,28.418,32.11
4.368,1.988,0.483,9.025,6.139
8.691,0.271,12.998,7.91,10.028
61.552,0.691,9.956,0.566,3.496
17.552,3.754,23.741,1.588,7.086
15.74,2.132,11.591,1.833,2.851
29.985,0.244,8.157,6.028,2.358
8.741,2.59,0.269,13.02,3.274
1.549,22.704,28.332,5.427,2.774
9.141,11.754,8.435,40.432,1.848
11.238,3.396,7.74,23.111,12.192
1.112,10.829,1.63,11.464,15.875
3.942,40.121,1.036,0.89,10.647
12.525,8.68,7.707,0.049,3.92
31.336,9.504,14.065,0.917,0.228
9.834,16.782,32.448,35.516,4.607
5.42,0.627,5.999,9.662,9.094
7.193,13.368,21.974,3.199,5.939
11.979,10.108,8.654,26.907,5.333
2.399,13.913,16.097,20.444,9.174
8.935,21.416,13.725,5.656,32.146
1.176,23.915,1.722,3.761,10.793
1.437,20.335,2.913,14.032,16.004
10.488,32.714,34.543,16.631,5.487
10.021,2.532,7.785,8.593,4.415
9.685,9.059,1.255,9.435,0.798
1.832,5.311,4.886,4.307,9.33
43.137,4341.715,4.673,2.193,1.455
1.898,5.932,11.249,0.975,0.725
28.252,0.061,1.547,4.849,1.554
5.49,10.026,8.531,36.776,5.636
10.493,8.557,26.593,0.58,12.862
5.414,50.333,5.322,10.881,11.016
5.723,1.96,14.573,10.125,20.889
17.466,4.33,10.0,22.842,17.018
5.085,11.654,2.817,0.187,4.655
7.567,20.429,1.893,3.587,27.446
8.612,0.367,3.652,34.149,4.191
13.224,23.536,0.227,15.623,3.986
8.487,0.949,8.224,8.698,8.308
11.988,2.933,30.278,0.11,26.663
3.438,5.386,8.644,3.316,2.265
10.224,1.07,2.511,40.664,4.089
4.046,7.17,4.923,5.569,3.989
5.172,21.799,7.411,15.977,54.66
2.119,0.743,33.253,13.081,35.159
2.112,4.437,1.804,13.965,10.626
0.429,2.824,20.74,6.047,0.082
1.374,1.773,6.735,8.744,14.016
19.936,9.227,3.409,33.273,3.703
26.308,4.618,4.304,9.543,2.658
18.813,2.934,11.408,17.919,16.361
1.767,16.135,9.01,9258.196,4.014
18.737,10.046,5.522,6.602,2.652
12.558,4.36,18.728,0.206,6.102
9.353,5.468,6.823,14.253,18.31
4.873,1.744,22.166,23.996,3.007
35.954,5.533,0.243,9.709,0.464
26.821,16.981,0.05,24.68,1.934
3.195,0.965,1.939,12.195,11.439
1.066,14.597,12.833,13.031,22.589
4.214,8.745,10.598,12.231,4.245
2.666,1.317,4269.345,42.704,15.531
1.538,1.585,0.9,4.447,5.427
2.192,19.456,1.768,9906.803,5.989
5.407,2.182,6556.052,25.715,3.15
4.121,2.604,6.556,6.217,3.372
12.001,22.351,0.538,18.333,9.122
0.882,3.663,13.289,28.916,0.233
34.672,15.625,33.485,13.323,2.292
1.348,10.606,29.844,2.231,0.718
4.02,44.079,7.221,3.908,7.025
1.446,3.664,30.081,26.765,9.427
1.546,20.77,40.623,9.491,8.685
3.42,6.248,9.642,15.334,5.445
0.99,11.206,3.179,0.57,0.567
23.201,9.32,0.781,13.512,8.558
8.894,4.041,1.214,17.84,14.668
5.207,7.142,26.876,24.114,0.616
8.133,15.307,10.558,17.163,6.986
31.392,0.164,11.95,3.201,4.568
2.081,5.744,10.176,58.973,8.239
15.857,1.258,10.427,3.185,1.277
6.153,12.608,12.694,1.436,9.628
6.492,2.737,4.453,34.215,2.702
6.276,0.554,1.644,11.899,0.401
6.346,9.343,22.874,4.232,16.414
7.967,32.273,15.849,13.453,0.669
27.6,21.004,37.975,1.58,10.98
5.502,2.235,33.581,21.451,7.775
14.192,1.658,6.37,4.809,0.846
8.978,5.14,0.337,14.669,21.411
1.05,1.142,11.764,17.222,9.354
1.143,26.024,7.972,0.091,3.799
2.67,14.088,4.422,13.092,6.783
0.008,1.987,2.45,13.762,13.74
11.839,17.824,0.969,22.912,6.766
7.78,6.868,7.393,23.59,0.278
1.534,15.508,5.071,3.072,0.698
0.581,8837.352,25.284,22.334,11.482
12.443,25.852,3.475,1.822,6.775
9.129,6.462,14.004,27.036,4.468
10.861,3.028,2.051,11.989,3.093
3.424,22.797,26.672,4.112,0.32
15.936,4.421,26.338,2.662,13.558
1.635,25.317,4.588,10.514,8.769
8.354,4.27,1.493,17.929,14.002
8.372,9.535,2.295,6.769,1.322
0.246,1.538,3.174,3.223,7.065
24.423,7.165,29.352,32.493,20.593
5.028,6.029,13.539,8.69,18.927
10.286,0.065,5.137,17.468,10.756
2.012,3.711,4.462,5.204,3.39
4.67,8.67,13.44,14.245,8.515
6.475,30.139,5.421,0.004,22.325
7.536,4.23,6.722,0.902,2.106
14.333,10.354,11.881,10.043,2.717
2.186,0.714,8.953,16.037,47.893
28.447,14.806,5.351,31.065,6.563
9.81,27.0,21.547,38.44,27.035
0.024,24.244,7.458,5.7,8.985
12.383,1.342,12.653,15.503,0.785
13.834,135.26,13.34,10.834,28.153
0.777,34.408,1.023,1.372,31.129
14.009,1.808,9.493,11.682,0.832
2.842,40.966,10.079,11.015,13.879
0.751,6.972,6.039,17.479,1.642
0.339,11.571,3.726,8.572,11.189
11.295,1.958,0.515,3.55,6.372
35.764,2.577,4.981,32.641,4.692
9.849,3.24,2.736,1.079,0.975
8.811,9.628,9.443,15.372,3.22
7.293,2.385,19.069,7.885,18.46
4.908,3.937,6.529,6.613,10.981
3.194,8077.487,36.402,13.492,3.701
5.901,10.719,30.648,4.473,6.973
7.687,7.593,19.881,8.133,4.972
10.118,4.535,0.104,3.96,2.714
8.226,4.128,2.596,21.014,16.634
3.423,9.037,14.285,3.807,0.404
23.611,23.46,15.491,14.72,3.971
2.756,7.597,18.385,25.354,8.797
6.669,6.644,17.192,11.331,14.346
0.589,0.297,7.09,30.636,2.061
2.594,4.062,1.732,11.481,13.074
3.128,14.175,2.394,2.263,15.746
8.418,29.736,4.896,10.577,37.539
7.443,38.419,9.443,28.574,8.917
8.607,18.98,2.607,1.276,3.7
9.143,6.871,6.821,9.38,12.02
1.148,4.716,32.722,1.605,4.969
231.032,9482.965,3.26,7.918,5.5
27.413,27.873,14.894,7.956,0.067
0.101,5.722,3.547,2.403,0.076
5.392,10.554,24.553,0.987,4.066
10.388,6.04,1.781,8.622,2.326
3.853,12.47,25.678,1.637,0.45
0.177,4.035,16.951,9.994,5.29
4.753,1.828,21.982,21.501,4.401
5.387,3.767,10.725,12.069,5.07
23.241,14.832,19.476,5.637,6.51
11.844,0.103,1.974,14.432,2.8
27.098,1.125,0.445,9.661,10.86
2.085,8.617,0.582,22.692,1.178
1.844,18.725,2.75,3.815,0.138
2.292,23.923,1.784,1.966,31.761
3.919,7.45,11.917,9.159,0.635
5.116,22.515,17.409,1.033,5.617
23.129,1.796,11.911,0.841,2.853
26.277,5.54,21.554,7.359,4.174
26.113,15.908,0.191,1.51,1.856
5.139,8.641,1.038,13.413,7.709
6.647,9.335,9.619,13.479,3.176
22.747,21.312,8.977,6.532,2.817
13.124,22.682,0.435,2.862,1.027
12.657,1.141,38.014,9.946,3.555
2.497,6.676,18.559,0.793,8.524
23.225,0.864,0.704,7.543,3.898
10.463,0.308,5.891,2.32,4.608
16.208,6.084,3.494,14.727,3.334
2.739,5.859,4.347,13.805,16.436
4.047,0.337,22.275,14.711,1.757
14.142,2.284,0.57,28.587,3.663
2.007,22.393,3.106,9.539,4.923
2.247,25.611,4.932,23.604,27.878
2.422,6.613,0.941,1.894,29.981
7843.47,0.054,3.637,1.516,0.269
15.392,17.798,0.401,4.338,2.937
13.553,5.096,4.944,8.688,6.292
3.594,11.557,20.08,0.408,2.329
22.449,4.395,26.667,9.723,7.245
1.882,0.438,17.712,2.969,12.528
7.201,3.902,16.647,2.472,10.559
1.132,34.053,9.518,8.841,5.201
12.756,12.353,0.881,17.179,0.079
38.081,21.035,1.703,9.555,2.392
16.824,22.729,13.835,1.188,3.929
3.0,0.985,8.593,22.395,1.282
17.108,6.298,20.531,3.8,2.038
5.892,9.153,17.829,27.516,5.223
11.764,2.201,0.973,1.819,0.946
6.371,4.887,14.47,28.29,0.472
10.068,9.598,6.755,17.528,3.394
14.429,4.625,2.375,5.478,2.206
9.722,2.32,21.384,10.814,14.436
34.753,8.155,0.457,2.831,1.026
3.751,3.65,17.123,1.893,6.903
20.004,32.921,12.554,19.096,0.97
7042.343,3.15,21.881,15.951,7.771
3.038,12.026,0.818,20.882,25.54
9.29,4.864,1.188,3.961,0.36
9.085,11.625,3.955,20.435,14.805
0.436,4.351,6.332,1.892,3.69
16.482,3.948,14.389,6.985,8.971
2.202,2.424,8.637,13.81,5.393
1.34,3.745,2.479,5.129,6.683
1.565,16.728,4.71,4.434,16.193
23.228,8.085,0.396,24.044,4.729
9.156,9.65,13.293,11.769,4.753
3.344,17.007,0.092,2.49,10.557
20.225,1.326,34.037,1.638,2.069
9.879,4.492,0.385,26.943,11.699
11.079,11.55,6.006,10.917,10.16
20.305,8.006,5.617,46.232,16.415
7.98,14.242,7.717,4.053,3.713
12.64,20.339,33.807,5.423,3.181
1.266,5.446,7.755,3.248,2.573
0.264,17.71,1.818,57.243,7.908
3.68,4.432,1.446,21.115,1.846
7.174,10.287,3.34,14.041,1.189
0.609,3.971,25.992,61.481,19.138
0.356,8.082,37.325,5.345,14.597
4.587,9.659,13.855,4.661,1.592
5.567,55.39,9.017,4.114,14.566
3.451,6.495,1.829,6.65,3.6
3.94,1.326,10.199,34.735,10.526
1.452,12.534,20.962,8.888,1.029
1.946,4.287,10.437,4.82,4.731
2.993,39.297,0.163,2.264,17.879
0.223,3.5,3.265,5.444,9.481
3.632,9.897,2.048,9.949,5.133
3.584,2.776,9.894,10.039,5.414
0.504,69.007,51.357,1.425,3.043
2.334,1.594,0.594,4.805,1.089
1.236,1.323,5.182,5.716,2.771
2.198,27.537,24.536,14.802,2.635
0.068,10.786,8.696,9.923,10.632
18.799,25.026,27.419,13.808,3.335
8.568,13.372,1.701,28.354,17.255
5.324,23.588,31.357,9.751,15.054
0.688,25.602,17.744,7.669,4.344
2.78,2.392,7.652,19.497,8.407
5.924,3.754,2.091,22.35,4.443
4.863,0.139,7.834,8.407,8.826
5.608,6.567,0.241,11.039,1.657
9.288,0.271,19.189,4.364,6.054
9.149,3.428,3388.445,10.395,5.777
10.382,0.334,4.25,11.746,3.787
31.523,9.387,3.912,24.201,7.627
4.857,70.288,3.957,21.434,7.255
0.816,6.88,5.995,7.268,19.871
0.157,16.543,11.133,7.673,10.736
4.01,6.697,28.153,2149.384,0.618
8.318,18.117,2.953,0.11,18.644
2.284,0.759,3.517,1.768,3.462
3.715,8.572,2.172,48.105,1.228
10.487,16.702,5.248,20.219,0.585
11.723,6.947,3.064,23.051,10.358
29.12,9.46,7.76,3.723,6.227
56.573,6.106,12.682,15.927,10.81
0.386,10.111,3.839,9.945,9.767
2.749,5.187,2.469,0.517,0.158
3.834,9.093,11.526,13.267,19.905
2.995,1.0,0.075,57.182,2.63
1.319,11.275,1.054,1.23,1.784
52.299,5.906,16.842,11.652,3.621
7.97,7.948,4.57,7627.597,3.156
4.572,35.579,11.458,2.687,19.781
0.985,8.096,18.979,18.552,64.393
1.541,13.588,49.166,48.391,5.881
1.596,6.042,10.436,11.413,6.948
2.724,2.072,1.463,14.998,7.075
18.642,16.573,6.776,9.205,9.841
3932.774,1.359,18.338,18.814,5.965
4.846,11.435,1.056,10.115,0.527
0.842,21.293,26.604,3.284,3.679
4.973,23.077,38.548,1.536,1.009
1.629,4.807,2.337,42.498,5.752
3.92,21.433,14.721,12.505,11.942
5.237,1.67,11.824,18.463,12.676
1.666,0.613,16.081,10.096,4.767
1.292,5.078,19.313,2.68,2.48
3.16,0.22,2.699,2.736,1.733
3.99,6.954,4.239,18.388,2.708
2.326,9.51,0.459,5.753,21.074
4.891,9.427,11.855,6.913,25.251
6.567,8.133,6.2,7.835,2.518
30.227,0.519,33.982,11.25,3.952
12.136,3.192,14.616,26.595,9.458
14.564,42.098,11.207,11.437,21.336
6.673,12.493,0.121,0.875,0.822
15.116,8.83,14.851,22.701,19.83
1.572,18.534,48.861,8.552,27.787
0.631,10.547,17.677,2.959,0.943
0.018,6.316,18.259,5.754,1.605
15.716,4.73,0.233,3.819,17.86
9.783,26.271,0.513,2.529,4.775
6.713,34.999,6.278,17.55,3.815
0.019,13.064,4.148,13.596,11.584
5.929,10.534,2.146,3.868,2.349
1.691,16.934,9.397,10.001,5.929
1.982,7.109,0.767,15.77,1.575
5.984,10.178,16.696,21.17,6.963
4.767,3.33,7.646,11.649,0.612
15.365,7.828,18.424,9.138,3.906
1.812,10.468,4.147,15.124,12.036
6.287,7.507,13.677,1.526,0.769
0.199,4.483,21.267,12.176,50.232
7.833,11.219,21.883,8.214,8.911
8.954,27.063,4.021,31.469,17.106
0.58,6.539,1.263,9.725,3.99
6.629,6.802,19.924,30.565,7.883
1.34,10.135,9.209,4.628,2.335
7.062,6.832,2.64,14.85,3.705
0.457,3.718,26.113,1.202,4.812
1.738,6.736,0.811,4.121,3.307
6.981,20.94,21.205,0.528,21.292
2.715,3.812,35.454,13.683,3.943
1.737,26.888,3.872,2.445,12.572
11.626,1.514,1.511,24.662,0.556
2.698,22.241,5.64,5.773,21.76
8.183,10.141,22.542,24.378,11.317
2.585,9.644,1.179,2.434,1.469
10.917,4.534,15.947,23.122,0.015
6.502,7.194,4.613,22.108,11.396
13.991,5.469,2.88,18.094,9.987
24.762,59.739,24.297,6.668,1.615
5.594,4.063,34.748,18.306,6.915
7.932,18.482,3.857,1.462,15.247
2.984,13.761,13.55,12.276,8.258
12.558,1.195,15.744,3.047,10.961
7.907,27.262,14.585,12.133,1.026
8.082,0.52,17.966,2.893,4.297
0.032,10.162,9.913,14.212,24.013
28.527,8.028,16.406,14.967,7.385
2.78,2.174,10.333,19.921,5.86
6385.078,18.436,5.927,17.824,16.312
10.989,12.37,6.939,10.998,29.155
9.439,2.055,13.275,8.504,1.428
6.259,19.685,59.372,1.096,5.608
0.656,8.129,15.38,22.414,47.976
2.822,1.142,0.51,1.23,1.145
11.536,4.969,14.425,5.916,9.298
7.493,41.453,9.195,10.868,17.624
16.581,4.006,0.059,1.119,7.101
53.367,17.232,19.778,5.123,4.496
3.096,3.807,11.012,9.195,9.93
10.623,6.505,11.496,1.16,3.27
4.37,15.218,13.426,2.522,24.158
1.454,6.992,3.94,6.404,0.068
2.045,3.367,12.261,3.847,2.31
8.506,17.75,2.193,0.389,29.407
22.442,0.269,2.24,1.581,1.632
2.717,23.797,19.923,10.769,6.234
7.572,5.138,44.985,6.779,2.319
2.271,0.997,6.476,4.205,3.185
7.092,9.74,2.203,24.559,6.175
2.452,1.339,21.16,2.391,2.887
19.918,20.02,40.213,5.939,22.002
6.078,2.476,9.745,12.87,0.062
8.49,2.88,15.8,15.122,1.337
1.548,8.191,10.33,4.898,9.978
11.04,8.735,33.154,1.228,6.036
1.988,1.882,6.829,19.404,13.914
5.703,2.898,8.776,6.977,1.193
3.406,9.07,11.441,5.074,11.499
8.657,4.264,19.121,11.456,5.526
9048.603,10.155,43.023,1.96,19.595
13.845,38.462,0.881,2.53,13.014
16.82,4.86,20.343,0.692,0.075
2.511,0.902,1.742,9.033,10.097
8.421,11.092,0.151,5.352,3.2
15.942,2.177,1.346,1.448,0.591
1.425,2.123,10.136,8.159,0.796
12.812,24.45,1.183,1.808,4.717
14.023,1.305,3.233,0.747,1.642
23.614,10.286,12.62,21.215,7.58
0.304,16.596,1.43,3.691,17.964
5.239,17.343,0.948,18.001,2.653
0.237,1.022,23.156,6.753,1.169
18.328,6.101,18.982,3.906,0.055
1.295,8.146,24.86,1.031,13.005
5.512,6.235,9.981,1.363,5.056
6.24,13.553,2.686,30.492,0.606
25.356,1.827,0.13,7.109,0.943
6.587,11.353,2.139,5.321,0.237
12.52,12.501,1.766,3.778,6.74
4.872,12.453,5.291,19.674,9.517
7.757,37.265,28.337,1.754,1.288
9.068,10.86,27.822,18.67,4.629
1.296,5.687,10.33,4.99,0.521
13.145,5.053,2.639,3.017,0.332
5.588,0.908,7.677,8.36,4.48
2.163,18.999,1.761,4.498,0.895
2.894,0.296,17.95,2.835,11.851
0.532,16.202,0.226,34.4,3.774
25.047,32.967,13.021,8.325,0.825
1.553,7.707,8.557,1.946,5.009
22.333,20.121,0.174,9.514,5.482
4.226,4.843,7.267,5.386,1.909
3.683,10.188,0.335,2.457,16.764
8.377,3.163,5.444,4.561,0.284
20.508,64.215,10.969,30.876,3.686
4.663,16.485,18.03,11.562,14.008
2.934,2.308,12.931,6.949,7.73
8.305,7.345,3.862,1.654,0.216
13.315,1.451,11.134,13.942,4.333
0.74,1.175,4.442,2.7,3.787
3.596,16.021,6.089,9.167,2.156
0.519,8.821,3.161,1.088,6.902
0.981,9.801,11.026,19.214,2.732
2.789,16.405,25.485,0.893,52.635
13.945,5.021,5.256,32.692,4.791
9.208,12.429,18.416,35.444,7.998
0.809,6.927,5.287,7.752,2.628
8.968,1.918,23.199,12.134,1.592
6.366,9.449,6.794,6.246,11.621
5.135,1.843,0.672,11.514,3.1
26.482,4.057,4.806,4.789,2.404
3.973,5.534,8.209,13.178,14.821
9.052,3.502,9.238,17.19,1.681
3.382,14.739,31.666,13.265,3.731
9.102,4.272,3.007,17.29,3.033
7.331,5.278,0.407,0.168,0.039
2.779,9.908,1.178,36.793,15.21
1.864,19.191,5.629,9.809,0.146
5.072,10.181,8.159,21.185,6.809
5.219,3.469,63.39,2.46,0.752
0.887,6.131,4.596,15.599,4.242
5.378,7.486,22.506,4.714,1.193
4.171,0.597,10.461,26.139,1.345
3.697,9.787,3.697,15.264,44.039
9.648,19.571,61.734,12.964,7.383
5.464,3.136,5.909,4.279,6.051
8.407,10.533,8.867,32.97,13.433
19.85,5.3,9.774,33.41,8.935
9.74,30.424,0.304,3.846,0.37
5.799,1.779,10.564,2.469,6.852
12.115,3.503,3.543,3.099,2.379
10.628,4.303,18.744,23.838,12.081
4.21,4.205,9.495,16.994,3.437
10.529,7.073,0.581,12.296,8.731
3.018,6.918,12.966,3.761,12.873
15.13,17.518,2.836,4.126,7.067
6.566,3.012,13.256,1.364,2.003
9.639,4.461,2.754,12.049,2.644
5.633,1.533,1.806,8.91,1.282
4.211,2.185,0.07,13.464,25.464
3.058,16.256,0.108,10.027,33.313
32.342,1.866,8.725,7.377,3.843
3.123,0.459,37.446,7.569,4.353
3.357,0.607,0.291,35.725,25.381
2.853,9.866,1.069,5.798,5.362
2.752,59.508,5.558,26.102,5.103
19.584,19.432,2.179,3.332,1.536
1.896,88.22,18.046,2.732,4.747
2.435,6.163,4.37,3.802,9.852
0.04,4.381,5.263,16.987,12.359
32.233,16.56,12.851,6.281,8.654
3.156,0.01,2.946,1.87,1.387
2.381,3.747,3.425,29.694,0.616
4.115,0.097,0.551,0.752,9.272
29.092,4.073,23.083,11.231,14.088
6.297,9.459,5.79,10.267,12.413
0.613,7.594,7.567,15.047,11.12
22.556,6.773,6100.069,9.172,14.831
1.612,6.199,0.62,0.189,0.913
6.747,1.113,17.842,2.578,3.186
6.619,33.676,8.175,2.735,11.151
4.474,8.764,19.925,3.096,5.888
2.921,2.625,4.035,26.549,6.696
3.194,7.382,17.434,10.587,0.979
22.172,1.087,11.828,8.149,1.027
731.12,7.249,4.15,15.307,10.071
4.756,19.855,42.714,2.141,1.088
37.42,2.474,8.314,37.478,7.233
10.827,10.478,20.403,1.07,3.735
0.041,1.1,2.723,2.929,2.115
9.887,2.807,41.712,3.41,18.432
1.59,5.789,10.04,6.1,20.93
0.272,5.288,3.474,3.834,3.564
14.15,5.364,10.789,0.974,8.302
4.535,10.312,2.927,4.072,11.904
9.754,16.417,4.217,5.472,0.367
19.688,0.38,16.469,1.483,10.559
16.094,16.047,0.682,6.968,1.4
39.058,1.033,7.822,2.603,0.393
16.588,36.017,4.126,1.037,0.268
12.869,5.676,4.282,8.045,1.918
6.512,2.167,6.538,2.307,0.342
5.774,26.883,2.574,4.988,4.998
3.859,5.359,1.277,32.127,27.735
5.092,30.591,4.039,0.417,5.645
9.914,17.444,5.069,22.662,45.57
22.68,50.625,3.543,7.895,7.268
10.813,1.37,4.708,0.677,0.623
3.592,50.266,9.918,12.27,2.261
16.2,23.634,4.163,2.638,8.74
28.546,31.022,3.594,5.645,1.393
35.394,1.4,869.47,0.057,8.669
14.043,20.391,16.118,18.469,0.056
39.568,16.062,0.612,29.968,18.361
3.239,1.09,0.356,3.345,13.905
50.962,6.006,13.399,25.32,0.022
9.908,4.327,0.462,5.142,1.601
14.524,6.574,22.27,2.143,7.232
3.679,7.727,6.628,23.915,13.433
6.258,6.074,1.886,12.155,5.321
20.432,4.42,19.258,14.106,5.496
8.073,9.719,19.155,7.234,6.518
9.015,17.398,22.319,6.293,2.841
13.102,4.955,9.371,0.139,5.298
1.14,6.391,6.163,0.06,4.457
7.997,8.659,12.383,26.591,12.052
1.257,9.602,3.574,8.634,28.515
7.85,4.403,10.147,3.289,0.03
13.1,0.362,8.336,2.924,5.644
1.272,16.822,22.125,10.398,9.634
23.414,1.75,8.799,5.714,0.538
13.135,11.926,0.084,2.559,17.547
15.483,5.848,8.751,0.791,5.162
7.86,0.895,17.466,9.758,0.156
8.119,3.525,13.749,12.341,2.684
6.024,1.964,0.578,2.886,4.235
26.705,10.93,0.629,9.602,0.375
8.002,10.713,15.705,8.381,2.334
15.442,4.087,4.119,7.031,2.893
1.688,19.412,2.453,6.825,1.383
1.812,20.715,15.615,8.764,4.162
5.124,4.045,48.529,5.379,10.219
3.727,9.374,7.303,6.194,8.399
22.613,5.27,0.876,5.332,18.118
9.154,10.507,7.111,2.26,2.325
8.03,9.076,7.391,11.48,12.908
33.964,17.304,8.955,7.91,3.949
6.727,7.108,20.592,3.165,3.389
1.727,29.093,10.429,8.341,2.051
3.481,18.517,2.903,12.569,10.514
7.77,3.988,16.495,0.898,2.42
1.468,0.079,18.247,20.518,35.998
7.356,10.958,9.909,17.562,15.993
3.394,1.404,0.175,58.505,3.486
1.398,5.709,6.809,19.475,3.179
1.403,0.037,1.557,1.129,1.51
4.67,4.97,26.34,5.466,4.545
2.354,3.838,0.253,23.184,2.241
4.256,22.829,36.133,8.613,6.598
0.618,13.738,13.574,3.485,17.615
13.521,21.389,0.417,2.316,18.331
30.887,17.586,16.607,6.977,1.772
3.655,22.586,2.451,6.507,6.942
4.587,28.68,6.546,12.911,3.543
4.266,1.131,5.057,16.675,0.982
25.4,31.992,27.593,7.173,0.193
0.834,11.54,2.344,8.644,15.005
9.738,4.635,0.159,3.656,8.139
7.959,0.784,16.326,20.044,0.953
18.754,11.942,6.402,44.068,8.829
2.245,7.768,8.023,20.632,17.482
8.667,10.286,3.376,4.676,7.449
8.216,4.45,4.734,1.745,2.874
1.091,16.799,5.869,7.771,6.647
0.453,23.547,1.436,5.476,3.792
9.108,26.448,17.684,2.222,2.349
13.478,1.214,11.219,2.266,0.945
34.454,6.614,0.552,15.363,0.298
15.309,5.031,0.642,9.693,0.448
34.39,4.683,8.926,5.912,4.065
25.351,1.988,21.87,8.106,1.624
15.595,9.998,13.18,3.365,4.182
7.219,1.79,1.851,38.869,11.733
7.136,41.207,5.991,16.799,3.269
2.698,3.859,14.885,14.908,12.119
6.81,4.732,5618.248,13.89,0.427
2.667,4.336,6.383,25.192,12.791
8.021,9.422,4.026,4.185,12.344
1.148,30.028,6.243,1.078,15.197
4.309,6.429,1.962,14.129,5.357
28.078,9.511,11.45,15.214,3.077
6.985,9.214,9.362,4.001,0.208
12.099,0.492,19.508,21.226,5.736
0.633,1.595,27.859,6.194,5.694
0.682,2.455,0.571,1.579,19.101
3.068,24.399,2.359,5.824,1.286
9.375,1.512,6.298,3.99,2.284
21.447,8.963,16.592,14.633,1.043
6.832,8.375,0.165,15.523,13.864
11.735,1.007,1.593,1520.808,3.067
6.497,12.28,19.384,12.174,3.367
1.74,7.504,3.534,14.719,2.44
7.914,20.611,1.938,8.918,4.391
6.284,19.227,1.62,2.382,5.903
9.379,2.754,9.095,10.526,11.725
11.787,28.069,34.533,18.16,0.23
5.174,7.536,11.828,6.738,0.478
6.321,0.421,6.412,40.192,2.139
16.843,9.031,13.217,27.99,6.369
11.054,12.553,17.914,55.374,1.911
2.154,1.024,9.73,25.428,20.608
30.746,3.748,9.362,10.471,1.179
4.165,11.865,0.845,11.405,9.312
16.528,23.831,20.995,4.832,1.793
5.663,18.323,2.195,2.055,0.676
6.716,6.473,3.617,8.908,5.766
3.101,9.927,7.742,11.877,31.951
15.698,20.483,5.159,29.013,0.987
7.752,14.731,0.934,4.382,21.162
4.616,4.786,13.304,13.406,4.06
0.18,8.146,6.131,7.759,6.545
11.207,34.056,11.995,1.322,13.664
4.398,18.578,1.127,0.711,40.912
0.085,12.983,38.454,5.034,21.189
5.638,9.85,3.366,23.455,10.367
16.813,10.82,0.615,1.294,17.974
4.846,19.918,26.026,12.182,13.015
2.082,4.025,0.817,4.741,5.211
9.375,4.088,3.541,13.273,0.344
9.861,0.091,20.17,4.13,1.115
19.222,14.749,7.516,1.769,3.729
0.078,3.452,7.138,0.451,5.613
40.969,17.205,1.068,3.522,5.25
15.337,9.077,3.401,8.575,1.125
17.787,42.535,3.577,18.16,3.184
4.693,32.939,1.883,49.434,2.415
2.181,5.869,13.593,11.003,15.298
9.924,11.117,0.99,2.035,2.205
19.301,4.762,8.291,6.893,5.393
7.754,12.396,9.038,41.075,17.672
2.72,6.6,8.289,3.189,9.421
2.02,9.726,27.258,11.748,0.846
3.054,5.631,0.876,2.242,5.702
9.754,10.647,3.043,9.581,4.94
1.812,3.975,5.957,7.239,6.6
5.575,8.267,0.079,13.422,0.21
10.288,8.621,5.147,13.783,3.112
0.458,0.516,30.865,1.625,14.046
2.03,22.45,5.871,2.492,5.224
8.551,2.977,5.251,42.562,1.459
11.807,7.904,4.152,15.598,10.876
0.156,3.88,4.574,6.099,8.777
5.094,2.652,10.352,2.739,3.1
1.526,8.161,14.78,0.757,15.72
1.751,7.205,1.878,4.806,5.715
1.012,6.393,9.067,1.465,12.434
0.671,4.64,5.813,11.708,7.525
7.266,7.292,2.797,14.807,8.68
2.569,5.397,3.571,29.296,0.935
23.21,3.24,12.939,4.38,0.863
0.549,5.098,8.29,3.97,0.464
9.953,4.56,0.648,0.206,1.798
3.423,5.827,0.745,1.443,8.526
21.152,0.462,0.526,12.193,0.668
18.672,3.98,1.61,42.744,14.545
14.194,12.014,2.512,13.03,6.713
2.11,7.7,30.334,15.684,6.739
1.844,21.327,0.772,4.521,9.714
11.932,0.391,33.294,3.634,1.568
0.36,0.886,3.261,8.674,2.698
4.242,0.984,1.579,20.431,11.375
6.802,16.215,23.088,7.578,10.226
15.342,19.267,4.828,13.288,18.02
30.755,2.244,20.589,7.042,6.937
15.835,7.387,10.512,3.841,7.371
0.671,4.25,0.705,19.631,20.691
6.612,2.071,1.002,2.721,17.19
7.161,2.505,14.903,25.353,8.63
0.259,5.057,4.745,2.114,16.359
1.519,26.164,40.747,9.496,4.304
27.351,11.685,5.225,5.85,0.425
5.482,12.977,5.453,1.256,12.258
6.099,36.058,8.992,7.357,13.328
15.881,13.391,0.173,3.754,16.808
26.193,0.715,0.566,21.171,1.883
0.039,9.156,5.813,4.201,9.649
4.136,0.619,0.942,11.94,11.711
7.131,3.848,0.262,12.597,1.193
5.764,23.234,10.368,4.493,0.551
16.521,3.221,9.728,2.069,0.846
20.071,8.077,7.723,0.851,3.372
5.939,4.09,0.626,9.663,31.263
5.145,27.037,12.872,2.556,2.172
9.564,4.071,14.936,0.244,12.25
8.69,23.553,8.773,0.003,2.857
18.141,13.263,16.637,26.608,5.133
1.214,0.187,0.857,3.853,0.653
5.214,5.066,1.746,12.478,16.394
1.237,5.122,21.422,33.127,10.882
5.863,17.003,2.608,2.445,2.284
0.389,15.566,4.324,4.505,8.224
3.345,1.872,0.322,1.6,15.669
2.291,17.172,6.157,3.265,5.973
1.312,17.616,47.336,2.026,1.481
5.204,2.266,28.403,0.588,2.585
14.124,13.473,16.12,21.118,20.486
51.584,4.942,1.009,13.106,8.711
8.594,35.472,4.681,0.06,25.929
2.409,14.527,1.377,14.402,9.677
3.144,20.545,22.252,5.334,6.466
1.069,6.575,8.838,2.895,4.054
33.161,0.333,12.805,15.564,2.457
5.576,9.191,13.813,1.941,4.022
20.631,0.473,11.378,15.305,0.847
4.184,5.352,0.592,7.169,25.95
5.998,1.972,8.925,2.893,7.567
0.55,31.977,19.54,12.907,1.375
4.592,10.635,8.87,14.115,24.884
8.093,0.341,17.164,0.582,0.49
1.086,25.341,6.675,9.988,13.574
0.35,12.752,18.541,5.087,2.988
39.972,2.843,0.302,4.185,24.676
6.89,3.732,9.651,37.435,13.801
19.572,3.743,5.561,4.539,5.139
0.201,4.423,5.084,2.542,0.783
15.752,13.639,2.23,4.333,3.585
8.609,15.846,3.211,6.663,7.01
28.034,19.494,30.604,0.768,5.446
1.53,2.726,0.195,14.937,1.081
7.483,11.454,10.874,16.214,1.361
0.496,2.078,12.742,2.457,1.966
22.433,4.458,33.345,3.283,1.047
29.318,92.094,3.981,3.046,4.338
4.414,4.073,2.867,9.255,10.652
2.989,0.529,30.186,9.81,28.979
2.224,4.63,5.084,9.041,4.469
8.197,5.584,16.351,9.292,0.824
12.259,23.764,0.869,6.421,12.28
8.103,2.986,0.362,24.498,13.261
1.0,8839.028,15.781,5.478,0.459
0.323,15.188,16.999,12.109,29.09
6.605,2.935,7.777,2.713,7.579
2.541,10.1,7.509,2.552,2.992
16.241,0.539,4.96,16.102,9.784
4.843,83.491,28.678,18.619,12.38
0.664,17.387,2.566,0.398,15.658
8.116,9.543,11.5,12.845,1.237
2.148,12.247,0.143,6.285,15.876
23.985,1.149,8.814,18.822,1.254
6.477,23.991,15.745,28.198,4.431
9.585,21.528,4.751,11.838,25.159
6.739,23.245,10.911,7.676,4.916
3.154,7.815,7.954,8.982,4.337
16.062,25.782,3.416,20.872,51.879
9.202,3.903,1.114,9.09,2.723
0.878,12.376,1.214,2.731,0.028
14.806,7.425,0.753,4.096,8.183
3.957,36.65,13.887,25.947,3.468
2.872,9.717,15.784,9.501,31.651
2.127,0.594,12.368,20.744,22.261
4.275,8.974,13.853,16.645,3.1
4.824,6.301,27.171,8.739,5.2
25.173,7.976,24.084,1.271,15.562
1.267,15.555,6.513,1.752,16.355
29.388,7880.349,18.594,6.332,2.501
20.688,8.548,7.545,10.764,2.307
2.66,2.549,22.193,6.086,4.832
6.559,17.237,4.295,6.963,2.73
1.98,13.42,13.996,1.163,4.902
9.771,58.925,60.668,6.589,4.1
0.572,5.194,16.113,25.914,10.922
4.406,0.547,24.979,1.734,0.98
6.684,1.433,56.732,16.274,14.649
4.834,12.346,3.754,2.138,3.302
0.708,10.542,15.622,6.937,3.006
4.417,12.982,2.392,11.232,0.1
9.024,22.134,19.25,1.672,35.304
1.14,6.384,24.056,6.771,6.838
7.547,33.168,4.474,5.734,7.401
3.088,10.267,5.306,30.885,8.377
11.076,0.77,44.316,11.589,0.394
2.294,16.579,0.421,1.471,35.066
5049.28,3.116,9804.411,0.29,14.738
3.297,12.019,8.878,3.032,11.331
15.746,24.566,0.451,7.909,1.053
12.97,5.21,5.952,34.265,3.397
1.503,1.094,19.372,11.888,2.705
3.585,3.327,0.202,3.193,8.836
8.296,13.128,14.382,15.433,3.785
8.995,5.79,27.04,2.761,3.339
5.211,1.244,16.131,12.172,1.712
27.563,3.376,40.701,3973.593,0.657
25.266,9.96,9.702,21.338,3.437
17.165,20.266,27.573,0.418,4.72
14.976,8.748,10.228,7.851,4.894
7.744,22.823,2.003,1.098,18.177
15.028,0.623,37.188,9.777,37.307
42.013,33.299,13.974,2.388,1.748
1.121,3.99,26.02,9.657,0.269
0.487,18.983,12.116,19.803,1.741
0.441,11.392,12.544,2.645,5.431
4.134,11.334,4.231,8.796,0.484
2.06,21.523,3.314,16.483,13.757
17.723,2.086,6.531,13.321,5.782
8.683,3.373,11.758,6.591,0.409
8723.503,1.336,26.008,27.852,16.412
15.523,16.101,3.495,16.952,6.774
18.644,24.846,19.32,32.331,4.85
21.658,0.453,22.216,19.055,6.592
3.392,6.828,1.007,1.247,13.397
2.889,21.361,1.459,32.079,6.194
13.719,1.721,3.507,26.358,0.491
1.457,2.645,63.721,20.516,21.728
3.537,5.112,0.534,5.101,19.293
14.99,6.808,18.361,17.866,3.341
25.512,0.134,8.463,12.672,11.193
0.913,8.917,2.996,1.758,3.027
1.731,7.524,19.326,29.284,0.021
2.753,8.384,11.001,12.865,0.258
11.509,4.073,9.775,34.688,8.599
4.274,8.16,9.208,6.226,8.819
1.527,2.875,9.311,21.146,3.423
27.946,1.621,13.289,4.592,9.968
5.393,27.109,4.668,24.24,0.799
4.251,10.617,5.963,10.102,2.223
3.274,6.223,11.463,4.472,15.095
5.162,20.69,19.245,15.699,1.878
3.257,17.345,32.792,7.939,3.1
2.594,3.983,2.524,6.574,1.569
0.753,6.596,36.065,21.034,1.29
5.055,2.856,17.115,5.485,9.928
6.187,7.973,18.166,7.92,11.863
4.544,2.62,2.927,13.77,3.225
0.541,9.441,6.776,4.56,11.856
5.91,8.435,11.772,24.426,6.154
5.905,4.923,2.699,7.849,2.101
11.773,22.257,14.759,2.819,32.253
0.388,11.441,17.324,14.991,2.007
34.531,4.345,7.315,13.752,5.653
4.443,8.037,9.446,13.595,3.261
3.747,4.699,23.805,5.273,16.405
1.295,9.782,13.521,26.173,4.436
10.004,15.458,8.15,5.722,2.247
0.449,5.289,1.699,0.879,13.826
19.836,4.911,18.572,24.386,5.465
1.576,18.184,2.88,11.298,5.81
9.482,0.779,0.64,7.568,32.382
2.398,17.251,36.937,4.995,1.265
1.53,10.509,9.069,5.217,1.474
5.414,8.347,18.745,4.842,2.434
13.618,26.213,7.426,10.687,4.452
8.964,3.332,12.814,13.227,11.463
2.069,2.741,4.065,2.489,6.43
12.91,17.958,23.015,26.326,2.958
13.833,16.736,3.984,3.11,6.712
8.673,2.767,15.157,2.107,11.713
2.711,21.693,8.254,14.041,8.309
9.57,21.472,21.386,2.482,8.179
9.088,1.831,15.426,27.637,2.941
10.2,8.811,18.291,1.411,9.824
9.515,7.687,0.378,13.95,4.866
33.555,0.596,14.007,32.752,3.693
5.514,13.159,12.823,1.207,0.926
7.787,1.573,1.122,20.013,0.655
3.93,1.426,12.676,3.828,14.133
7.072,7.593,11.861,39.818,7.938
34.91,2.227,8.061,12.411,9.583
1.906,1.302,18.172,9.991,15.67
2.284,4.231,6.141,0.317,1.462
4.918,0.366,27.59,3.447,2.162
12.898,3.872,0.911,9.488,1.359
33.084,0.417,36.939,39.749,5.288
28.375,9.053,2.608,13.062,2.764
5.632,0.631,4.841,1.779,3.941
17.537,0.341,3.507,15.145,0.464
0.072,4.728,13.917,13.138,2.932
3.322,3.319,2.445,34.956,2.707
1.68,19.665,14.321,7.186,9.444
5.351,14.426,6.082,0.123,6.441
0.746,7.928,7.342,1.944,4.76
1.491,8.181,2.716,18.521,0.744
6.268,4.252,6.148,13.989,20.091
9.835,3.783,0.556,4.553,9.904
40.171,5.017,5.712,3.155,1.98
25.115,5.91,13.385,2.278,0.012
0.969,5.533,2.244,11.153,21.026
11.104,19.541,0.575,3.019,5.07
4.822,6.964,4.477,1.639,0.894
4.992,12.135,1727.849,10.802,17.84
0.276,5.164,1.06,4.396,9.923
28.939,2.95,23.946,9.116,11.369
1.91,11.922,3.397,14.54,2.017
0.262,15.627,16.055,10.805,1.766
8.493,5.39,17.45,16.609,5.09
2.294,0.24,0.682,4.464,3.646
0.32,2.503,3.324,0.583,0.317
1.165,23.365,3.299,28.765,1.331
9.803,4.838,19.014,4.986,3.352
10.083,1.197,4.738,3.633,4.269
2.816,3.797,1.048,4.532,27.145
3.057,0.126,6.917,13.004,2.779
13.585,2.734,7.817,6.37,0.94
14.988,19.14,36.072,5.988,6.806
5.37,16.176,9.599,2.468,27.853
1.915,1.824,12.341,4.435,1.806
28.546,40.078,1.056,6.813,1.19
6.942,24.783,5.559,1.582,1.396
0.627,3.243,2.417,0.841,5.904
3.119,7.81,12.778,15.477,0.468
11.298,2.311,19.326,3.385,10.277
2.272,1.045,7.68,4.432,5.336
1.611,0.468,15.1,10.132,3.649
3.451,7.307,6.796,7.9,5.929
18.546,14.078,17.752,5.914,8.764
7.428,31.192,11.735,7.547,4.748
2.635,10.79,4.387,1.196,2.227
7.108,17.712,2.576,9.222,1.794
3535.227,18.054,3.177,12.744,1.486
1.646,30.366,3.152,20.044,2.839
4.232,12.682,17.108,9.223,4.317
0.903,22.575,7.876,0.188,5.534
18.503,19.074,11.96,13.724,1.736
5.007,0.84,2.0,13.749,4.976
5.77,32.213,6.739,0.226,7.049
1.597,21.966,15.375,11.72,7.744
12.983,10.424,29.108,3.806,12.821
13.244,7.39,20.001,7.104,2.151
18.185,18.594,2.192,35.462,1.355
0.22,3.167,8.739,11.199,11.467
18.854,18.085,1.013,2.707,8.859
34.974,6.829,19.111,4.084,8.164
9.228,4.346,3.024,16.73,0.544
24.049,5.209,0.179,15.768,1.606
3.01,12.019,18.059,18.381,1.748
2.255,20.789,17.83,1.498,0.384
1.257,2.67,21.851,5.1,0.18
10.777,7.509,13.831,47.533,2.712
9.893,8.198,1.981,20.212,8.27
7.239,39.734,8.532,3.953,1.092
0.756,5.54,2.379,3.591,0.285
12.244,12.496,9.187,12.71,17.036
29.834,21.436,27.108,20.046,12.131
1.708,13.166,13.293,11.125,11.637
2.9,7532.552,28.389,1.289,5.071
8.945,0.887,8.443,1.507,2.977
0.293,37.001,6.097,2.743,3.113
20.516,29.115,1.457,24.002,4.753
3.389,1.892,16.865,17.518,10.857
2.945,4.162,3.486,7.594,15.998
9.948,0.694,0.886,35.287,4.72
11.355,23.781,9.574,26.868,52.795
18.803,18.922,7.515,23.234,34.777
13.931,7.058,9.708,6.828,8.497
9.589,6.996,0.332,13.336,2.7
11.267,8878.004,24.802,5.067,1.689
1.91,9.808,0.393,3.139,36.267
3.575,0.628,2.949,3036.514,13.536
10.389,2.724,17.854,7.54,5.977
0.398,1.849,0.718,3.345,32.915
8.216,14.226,0.629,15.554,26.353
1.654,1.805,4.297,10.504,12.646
9.599,3.428,11.539,0.406,1.381
9.682,12.319,2.655,39.432,10.523
1.703,0.021,7.176,7.856,0.152
6.902,9.98,8.401,18.617,1.908
13.55,3.446,2.486,10.862,1.386
1.327,8.592,31.311,0.85,4.072
10.17,2.078,10.4,29.027,2.203
3.19,9292.346,39.185,30.207,12.886
1.836,8.509,15.182,6.089,15.745
0.769,2.324,11.402,10.873,21.964
12.405,29.368,2.537,1.043,4.903
6.612,3.287,3.524,0.071,1.016
8.545,4.404,17.514,0.504,4.193
30.659,5.386,12.267,1.254,0.825
6.333,21.916,3.419,15.888,1.056
0.508,10.101,14.406,5.208,3.637
0.491,6.733,18.779,1.412,8.538
5.679,5.014,12.771,11.518,6.089
4.277,13.518,24.177,14.909,4.552
6.112,3.736,3.634,14.663,1.923
11.311,8.802,8.547,6.146,3.579
2.138,0.424,5.749,0.383,3.627
0.371,0.495,4.133,3.953,5.444
20.299,6.541,9.415,2.596,1.215
6.417,9.138,16.08,1.073,0.613
1.803,6.196,0.174,3.035,20.983
55.232,0.684,9.782,2.492,6.683
1.802,4.267,22.297,6.387,2.425
4.223,2.242,11.666,20.478,4.113
40.887,1.168,4.973,12.647,2.618
9.526,6.48,14.715,13.513,0.08
21.52,6.3,28.765,2.166,10.198
2.519,13.718,6.815,6.231,14.015
13.965,29.966,3.323,4.967,7.91
27.563,10.042,0.103,0.453,6.442
0.51,3.006,20.534,5.248,4.131
0.319,20.273,8.803,24.738,2.608
10.759,24.041,1.066,16.125,12.838
33.896,1.341,23.801,12.793,8.284
4.354,21.039,3.164,6.569,3.96
2.161,0.535,4.166,9.365,7.835
12.174,2.81,24.27,14.457,5.859
1.826,14.765,0.493,8.661,2.531
16.194,10.668,0.485,22.186,10.858
7.211,12.888,7.191,1.76,5.715
1.291,2.486,24.447,2.21,16.67
8.958,7.365,1.849,34.615,9.936
16.245,37.133,29.457,0.855,16.563
5.265,34.841,10.042,2.841,13.238
23.995,8.795,8.624,5.814,1.381
4.446,8.844,27.047,1.006,2.818
17.078,8.492,3.432,18.235,3.297
4.635,3.139,9.364,23.736,15.073
0.765,13.013,4.644,2.392,12.804
6.972,24.364,2.339,4.376,2.15
10.356,22.56,4.645,2.0,9.932
9.012,25.676,18.235,2.071,8.992
28.211,4.957,25.37,26.468,6.113
9.048,11.843,5.441,18.348,26.225
1.12,13.375,0.582,28.152,7.086
9.8,5.902,4.429,9.217,6.192
3.53,3.086,7.542,10.755,12.939
9.631,57.052,10.453,3.429,0.568
2.604,4.232,26.384,23.903,6.08
0.263,6.173,4.35,18.611,8.063
12.911,24.308,13.746,2.482,33.66
9.74,1.897,9.499,2.976,3.161
2.777,5.504,7.136,17.36,5.048
0.977,16.094,18.834,7.606,8.283
1.193,19.751,7.465,0.531,3.047
22.222,23.728,15.823,2.96,3.884
24.49,9.976,38.925,6.394,12.087
1.463,9.07,9.595,33.485,20.442
0.591,0.326,1.142,3.046,6.637
31.577,3.588,2.145,4.424,1.379
22.042,5.178,11.932,15.71,0.887
0.893,9.213,1.604,3.278,1.481
23.09,8.964,22.3,13.295,9.209
19.546,18.413,4.606,42.194,4.348
0.918,3.264,2.613,4.362,10.112
0.307,25.93,6.078,24.91,4.065
5.749,10.956,1.647,5.443,10.298
1.133,5.087,3.988,12.23,0.159
0.133,2.395,6.94,10.962,6.911
6.374,3.2,11.057,18.797,0.225
15.085,25.245,1.75,16.23,10.97
21.195,7.354,7.904,2.88,3.258
3.59,14.909,0.254,12.827,20.388
6.581,20.522,0.294,9.1,24.695
4.203,1.105,4.841,8.08,9.692
7.379,1.941,10.351,5.362,2.096
5.976,13.654,2.492,15.087,3.134
11.016,16.351,7.24,1.11,1.835
12.712,0.356,0.126,16.268,3.951
2.787,20.558,3.317,0.682,6.644
1.512,33.794,0.492,19.808,10.825
11.505,26.153,3.119,0.916,8.188
13.27,8.574,5.213,26.335,8.246
0.907,6.549,3.163,40.883,7.47
3.399,10.51,0.343,3.885,6.934
0.54,7.399,3.949,3.199,10.841
0.332,16.974,8.049,0.617,1.513
2.43,0.996,16.187,1.731,9.649
1.415,40.133,2.441,16.84,7.922
2.892,1.955,6.708,3.909,2.486
7.523,13.799,7.828,8.965,1.908
4.44,6.535,17.836,18.742,2.593
1.412,1.962,12.931,1.342,1.082
14.056,17.439,2.906,13.074,4.992
1.691,3.84,3.315,15.625,5.858
23.716,0.63,2.047,18.696,4.05
22.782,0.192,1.055,7.521,5.167
16.866,6.344,4.926,19.853,11.704
0.234,21.989,15.667,9.816,8.895
13.626,13.974,9.362,21.963,6.051
12.072,1.75,8.888,15.881,9.256
7.943,0.86,4.473,6.592,5.362
9.994,3.035,10.99,3.455,2.2
1.942,1.431,2.134,9.949,17.133
2.581,20.162,2.172,8.379,0.846
22.649,30.358,6.613,54.65,3.949
7.559,21.414,48.903,6.82,16.019
12.428,7.936,0.971,0.942,4.091
4.695,1.738,5.655,5.913,1.193
7.985,1.123,2.3,20.95,5.935
8562.972,13.107,6.269,20.627,1.959
5.56,1.837,6.94,11.865,16.066
6.82,8.979,3.039,20.493,4.591
32.787,3.64,62.551,4.861,8.937
19.433,13.98,64.014,29.008,6.815
1.202,7.266,8.917,13.792,11.978
3.001,7.195,2.432,9.124,19.442
7.541,8.609,0.823,7.793,4.116
8.713,25.774,16.365,16.334,5.409
12.748,2.181,33.245,12.887,14.796
20.371,2.884,7.104,22.028,4.714
1.832,8.582,1.198,14.93,1.847
9.886,13.722,10.008,13.672,0.833
11.598,0.119,4.901,13.73,1.476
13.513,1.213,1.06,1.503,3.953
10.391,5.254,23.57,16.682,1.159
8.881,10.654,6.716,18.714,11.285
4.783,11.644,3.104,7.832,0.778
16.808,19.541,0.491,10.043,3.876
21.095,2.393,16.835,3.439,15.86
8.474,10.64,2.21,1.879,1.699
21.7,23.989,20.762,1.255,2.423
6.355,12.247,5.752,5.429,9.609
0.119,1.049,6.411,7.878,9.878
12.641,22.31,10.65,27.367,25.64
3.735,15.742,4.476,1.322,0.511
19.161,14.705,0.173,9.902,17.52
28.083,10.649,16.477,4.428,3.682
0.625,5.719,1.901,5.982,13.001
5.443,14.327,34.026,5.51,2.509
7.327,30.311,10.32,1.102,2.42
8.205,6.326,7289.235,24.218,9.018
6.015,23.418,7.212,2.934,13.788
8.98,17.139,26.384,22.085,10.65
24.514,43.126,14.14,28.55,3.34
12.08,4.641,8.529,6.675,7.305
1.479,3.807,4.566,7.959,5.202
37.902,1.44,13.144,7.414,8.752
1.155,4.583,38.838,10.93,13.23
4.954,1.836,8.945,7.265,6.827
14.085,32.885,1.552,1.173,2.446
1.927,21.267,17.385,20.784,41.845
27.734,0.437,0.496,2.808,8.983
4.279,13.934,9.27,14.518,6.224
7.723,14.041,1.513,2.71,22.06
0.079,5.015,14.317,14.793,19.236
1.591,14.938,38.063,23.732,2.427
3.575,2.301,4.955,16.363,13.388
16.84,1.134,0.761,3.169,21.456
10.138,0.947,0.642,11.246,0.396
25.909,3.242,1.877,13.344,3.102
3.864,10.416,0.273,0.187,4.652
11.277,25.996,6.446,0.133,3.209
0.962,0.106,1.81,4.01,0.868
13.558,10.573,22.802,2.855,13.896
4374.779,14.683,24.177,20.601,4.726
0.135,12.611,2.142,1.061,3.295
2.82,9.232,1.482,0.543,16.527
4.429,20.405,16.216,5.97,6.184
14.144,1.986,8.89,13.53,3.388
2.703,18.895,11.07,9.408,6.399
5.832,6.489,61.816,6.858,16.482
5.258,51.017,10.481,13.054,0.692
12.677,28.741,8.364,25.238,2.547
2.691,7.588,1.411,6.393,4.532
2.183,15.83,0.694,2.876,22.21
0.024,7.376,4.43,10.258,13.83
1.508,3.353,3.115,25.151,28.346
14.539,85.518,1.018,6.482,1.206
48.047,30.42,13.009,2.512,6.529
6.516,15.438,2.716,1.966,4.853
3.487,1.494,14.183,16.214,13.628
7.374,4.075,4.4,5.545,4.701
0.975,7.295,19.52,8.04,10.572
15.8,3.08,2.11,3.958,1.315
8.623,23.627,5.046,1.374,11.401
24.498,4.432,13.368,11.143,13.428
12.883,6.886,10.875,5.848,2.342
1.998,4.487,6.676,12.488,13.919
9.082,1.514,10.156,18.698,8.765
0.846,4.904,7.554,15.516,9.226
1.434,0.951,0.344,0.225,16.992
2.19,4.74,0.59,18.766,6.262
0.909,1.426,11.517,14.154,1.234
5.241,1.93,25.625,10.824,6.835
16.543,0.477,9.067,16.231,5.493
2.616,2.271,9.781,1.069,0.657
0.661,6.712,20.159,16.669,4.188
15.315,12.495,1.798,12.748,4.988
17.11,0.49,9.076,20.146,4.318
0.848,4.887,5.037,5.593,3.74
34.24,8.866,24.806,20.817,12.327
4.904,0.047,4.653,36.864,0.907
0.173,3.253,1.249,17.333,15.397
7.741,4.042,0.83,4.165,17.018
0.509,0.87,36.569,2.266,24.846
0.446,5.816,3.029,7.08,2.855
11.689,6.426,25.292,0.003,9.437
3.041,3.633,0.644,12.922,20.063
10.331,9.771,17.043,8.418,0.887
4.906,13.971,8.021,3.31,0.799
7.777,2.939,48.529,1.996,8.516
1.015,9.118,4.107,12.269,5.39
1.524,4.514,58.467,14.324,4.54
21.093,0.497,14.981,7.664,0.221
9.048,15.838,16.777,1.621,6.016
5.099,5.809,22.729,7.551,16.77
3.395,4.601,1.904,3.675,2.485
3.613,8.728,6.169,20.79,9.763
0.669,11.963,1.808,8.357,14.599
27.0,16.231,11.9,5.532,3.443
4.447,31.904,0.551,2.296,24.34
0.813,41.204,10.602,1.183,20.115
2.516,10.818,10.81,27.985,4.582
3.729,0.141,5.981,21.59,11.243
3.463,0.191,1.206,10.04,6.306
0.667,1.237,6.624,38.627,6.696
1.642,8.887,20.171,17.008,24.86
23.099,4.885,24.465,10.992,15.419
6.701,9.406,31.959,0.145,1.204
2.662,17.746,1.848,29.717,7.939
0.139,2.498,3.207,8.231,5.444
1.822,4.872,1.96,2.416,0.36
21.911,12.835,16.443,2.886,3.725
14.57,47.095,2.6,8.6,0.829
4.364,6.883,24.866,3.347,8.498
0.339,24.929,15.797,5.47,10.74
0.631,0.548,36.56,12.07,1.523
35.333,4.439,0.337,25.201,8.324
13.106,22.674,0.09,12.973,24.37
9.025,32.09,7.386,20.708,13.318
12.173,2.348,22.933,16.313,4.836
21.586,19.429,37.835,9.704,3.61
26.919,13.805,0.685,0.303,20.042
9.558,4.669,3.527,11.984,0.915
3.468,5.954,1.967,37.39,10.483
10.846,20.704,1.646,2.164,16.069
0.429,3.279,1.02,13.216,15.101
29.281,2.139,10.259,8.752,7.298
28.296,3.654,11.823,8.226,8.509
3.945,0.751,19.422,5.681,5.026
5.311,0.365,33.256,8.141,1.533
10.533,29.372,1.234,6.111,0.381
39.7,20.27,16.421,9.783,3.097
0.462,0.177,29.969,26.676,8.128
0.571,2.37,5.391,22.441,0.488
16.641,8.927,5.209,18.153,0.342
5.687,6.478,0.033,8.002,2.906
12.709,5.191,4.24,19.522,6.225
17.952,2.016,3.798,1.822,0.38
2.254,4.045,11.251,6.901,13.472
21.591,34.535,4.594,5.893,3.322
2.939,9.508,26.503,19.722,8.871
5.658,4.928,0.264,1.172,40.784
16.144,2.739,61.024,3.476,12.517
1.531,14.015,13.156,15.597,4.224
9.489,17.875,7.113,3.522,26.699
2.009,20.299,9.211,1.747,8.115
9.022,9.944,12.045,2.555,3.662
17.453,10.775,0.222,4296.44,2.754
8.668,0.445,7.728,1.852,4.767
0.621,20.99,19.8,11.342,22.952
8.525,1.662,14.215,7.588,0.916
18.481,22.701,19.721,0.966,2.869
5.386,4.989,14.648,2.338,0.549
0.108,2.076,9.186,16.194,7.392
10.018,43.846,14.894,0.231,22.504
1.846,5.3,20.304,39.047,5.437
26.976,33.126,1.952,2.531,0.309
23.79,3.243,3.439,9.143,1.301
6.564,3.484,42.977,26.727,37.953
13.621,32.177,10.197,9.757,26.386
3.62,1.688,14.936,7.826,3.449
1.459,9.454,2.014,3.219,3.187
2.951,4.28,5.559,1.826,2.55
1.604,9.524,25.257,36.72,7.346
10.801,21.897,5.879,3.664,4.672
8.152,2.363,27.558,20.082,4.635
18.625,23.66,8.321,3.797,18.899
10.657,40.692,13.884,9.842,20.674
11.565,4.653,7.296,30.598,15.309
7.543,19.527,0.907,1.332,21.976
0.589,0.707,12.259,1.022,2.404
5.165,6.093,1.619,1.305,3.493
6.78,15.867,20.228,12.378,16.399
6.55,4.608,13.544,13.693,5.977
20.297,40.798,1.273,10.861,9.266
8.945,7.891,19.616,11.629,18.181
4.168,27.332,21.028,7.046,2.874
13.625,53.196,10.105,12.842,8.475
17.426,2.09,3.438,13.326,5.509
6.009,2.702,9.695,0.397,4.118
5.902,42.06,28.922,2.513,4.308
0.414,16.46,2.887,0.806,1.213
0.394,13.087,25.676,11.063,7.745
7.242,0.78,2.696,3027.264,7.961
3.885,12.172,7.601,4.859,3.483
0.536,4.335,4.835,5.997,1.54
0.565,11.063,15.211,5.426,33.625
17.558,20.785,1.456,13.639,6.123
0.303,7.291,14.171,46.384,34.129
16.488,6.629,6.282,4.037,3.447
3.197,7.517,11.16,7.075,23.217
11.454,0.002,3.772,20.333,4.929
4.802,43.8,4.101,2.637,12.996
22.411,15.211,32.248,9.228,8.545
1.577,19.829,17.205,1.855,17.205
8.019,2.112,5.859,10.796,2.385
3.323,3.959,7.733,0.829,4.788
0.246,8.793,16.864,2.215,14.015
14.891,5.691,3.571,11.382,1.695
3.442,13.53,4.749,3.803,15.056
3.069,5.539,14.642,13.352,3.472
6.385,16.102,8.807,0.306,7.945
0.318,6.05,3.538,5.241,18.866
33.492,7.278,11.376,3.899,6.67
2.611,3.185,39.098,8.472,3.272
3.845,2.418,3.162,9.709,0.536
5.399,4.346,2.228,7.477,5.937
6.57,0.506,6.367,27.293,9.226
7.714,33.537,23.129,4.903,0.678
1.881,0.304,13.927,4.235,0.137
6.99,3.053,10.464,0.999,4.813
11.138,2.987,9.664,4.215,6.435
0.132,2.285,20.936,20.713,1.876
19.1,3.089,17.01,2.016,0.457
10.282,8.88,1.76,14.965,1.533
15.935,0.773,11.533,3175.383,0.65
7.661,27.878,4.139,5.648,1.532
2.274,15.27,6.14,8.098,2.565
1.565,26.058,6.775,23.583,10.059
2.751,4.946,14.495,2.432,8.702
0.39,44.74,19.625,10.324,1.004
2.27,20.793,10.273,17.026,3.558
2.264,3.888,3.609,23.179,2.081
1.813,16.744,7.983,18.317,1.506
2.73,12.112,0.938,3.195,1.168
9.367,1.372,7.03,6.197,1.168
8.549,0.979,30.364,6.555,18.003
21.066,7.163,6.575,6.178,3.652
0.813,2.272,3.796,26.79,3.968
19.974,0.291,13.176,5.47,6.926
12.446,6.527,15.635,31.11,15.435
10.274,5.728,27.182,9.749,12.026
11.951,10.166,4.425,26.004,4.642
18.249,15.979,8.073,3.213,0.939
23.155,6.363,4.629,10.079,5.205
2.186,4.512,12.398,15.304,0.41
10.295,17.257,2.691,1.401,25.166
1.612,8.31,2.694,3.181,9.803
2.514,20.477,2.791,1.482,9.199
4.715,28.043,1.154,2.487,9.449
3.49,15.453,11.561,0.446,1.081
4.659,13.201,29.296,12.64,9.852
1.036,6.654,16.764,2.778,8.99
11.158,10.242,10.98,31.895,0.449
5.716,26.38,8.681,10.872,11.78
1.977,22.208,20.643,6.803,1.572
8.492,17.101,1.989,0.036,8.926
5.942,0.316,1.663,3.197,2.217
20.003,1.146,0.648,5.847,4.226
11.608,32.115,7.393,17.547,5.82
11.82,5.991,1.612,11.809,5.295
7.129,18.242,2.433,9.867,6.049
6.79,14.58,33.848,2.642,15.788
23.899,4.543,13.241,3.892,12.536
8.267,0.345,7909.67,9.1,48.948
10.074,11.99,9.897,15.198,1.09
3.917,21.386,8.081,6.197,15.913
12.401,13.691,21.378,2.964,4.945
4.062,8.662,25.725,24.294,6.677
58.795,22.923,17.798,0.123,3.045
0.616,2.226,2.802,7.553,2.978
13.773,6.448,11.305,8.512,5.464
31.442,9.23,24.927,26.663,1.592
20.291,5.654,16.86,9.681,11.079
3.184,2.009,2.906,14.541,1.846
9.305,4.07,13.238,11.663,1.399
5.627,4.066,14.47,26.111,0.62
16.253,8.321,15.443,21.314,5.802
0.353,5.621,0.216,5.742,1.378
10.358,3.186,9.82,3.369,3.79
28.571,0.166,15.189,1.163,3.646
22.683,3.501,10.432,22.422,7.873
10.624,22.53,7.799,14.754,1.091
1.422,22.599,5.656,2.048,0.231
12.347,0.53,27.468,2.002,1.552
4.077,0.209,13.516,14.714,23.846
31.584,4.754,12.443,7.517,9.354
5.626,0.915,33.415,28.358,1.655
0.512,11.218,0.747,31.053,1.743
14.196,0.594,11.192,19.768,12.348
4.875,33.157,12.055,0.135,7.544
12.913,4.946,16.727,4.783,13.759
0.158,0.982,6.742,12.365,4.602
3.528,22.601,29.922,7.935,13.951
22.313,0.029,5.486,13.959,7.381
6.224,3.904,9.075,10.269,0.832
1.01,15.785,12.81,2.765,18.745
19.642,56.41,20.501,12.998,0.807
3.283,18.234,4.951,4.289,6.03
12.863,3.067,5.45,35.79,11.241
1.623,5.419,7.919,25.263,2.35
23.821,41.026,2.974,7.613,7.801
1.676,14.994,2.231,2.559,10.984
9.712,8.21,6.702,9.101,4.202
0.058,7.913,21.135,41.559,30.723
15.281,18.692,8.232,26.996,6.647
2.105,10.356,1.588,18.102,8.258
0.347,3.531,2.838,9.661,17.562
15.306,7.097,42.225,3.517,26.968
3.866,14.168,8.361,1.047,10.726
3.116,15.785,0.688,21.758,1.894
5.305,2.117,7.554,5.341,7.099
1.631,5.557,0.819,28.906,6.589
9.733,35.309,9.079,11.957,25.306
12.217,1.02,24.705,0.377,2.425
16.367,8.786,11.529,63.707,1.29
3.74,12.957,12.276,21.185,27.307
1.226,3.318,12.917,2.159,2.365
0.989,3.269,8.836,6.699,7.183
8.252,1703.819,14.567,17.934,3.296
11.659,22.058,3.426,22.527,0.279
17.877,1.831,7.739,18.549,1.783
3.413,14.505,5.308,10.02,3.071
0.086,6930.771,9.957,3.218,4.979
1.938,1.816,7.543,7.341,2.057
0.461,2.337,12.122,8.631,4.47
3.234,19.609,17.639,4.028,16.329
0.486,3.933,7.959,1.022,14.611
0.711,11.44,15.744,8.515,0.741
12.298,28.877,1.402,3.333,28.17
9.933,13.402,8.376,1.755,1.79
9.202,11.866,5.653,12.698,2.773
6.127,1.187,13.536,4.255,3.974
5.228,8.085,23.953,5.07,3.01
0.139,2.94,2.332,8.44,9.125
4.342,16.445,2.555,6.822,2.39
12.661,48.627,2.753,5.041,4.435
10.006,3.668,9.521,3.83,4.242
0.579,5.076,2.481,13.134,9.959
2.624,17.225,10.56,3.259,1.837
8.421,39.288,17.529,10.866,15.016
0.75,5.152,6.162,34.895,4.296
1.428,30.095,1.459,6.649,3.377
10.247,14.977,8.37,9.516,3.659
7.783,8.842,1.74,6.555,16.988
0.584,7.0,16.789,2.549,7.169
2.823,34.101,3.52,5.797,16.655
14.774,2954.832,6.343,0.043,6.898
8.669,0.1,0.217,19.011,3.329
11.562,0.376,24.761,27.456,12.528
34.375,20.714,19.679,38.528,0.816
3.91,18.963,21.316,35.302,38.26
15.468,9477.352,11.283,19.911,2.692
1.893,6.204,25.534,12.892,1.674
0.5,0.171,2.922,3.886,6.862
5.203,3.509,10.103,4.393,0.242
18.249,2.302,0.293,14.333,18.629
5.016,6.588,2.631,14.62,16.103
12.439,0.483,7926.163,4.896,1.675
23.587,0.234,3.729,1.027,0.343
7.774,18.535,1.051,5.789,1.699
9.197,33.882,9.268,3.196,9.75
4.84,27.261,7.441,3.9,9.031
1.831,24.35,5.416,1.916,11.087
4.183,9.279,1.732,3.048,2.151
4.681,11.463,0.502,22.626,1.911
26.663,0.897,1.071,1.323,30.891
18.803,8.758,1.322,6.853,0.477
1.809,0.844,10.354,1.024,1.157
9.179,28.13,1.732,8.199,4.874
4.028,15.916,9.87,2.434,29.568
2.013,13.771,6.708,3.2,4.398
14.385,3.7,14.722,33.757,1.193
4.282,11.175,25.256,19.207,1.703
14.496,16.146,7.326,31.583,2.523
5.645,27.567,14.566,12.627,2.604
0.701,5.003,1.061,1.796,8.815
13.001,0.236,14.409,6.899,6.391
8.154,9.033,5.477,20.554,19.852
2.97,7.69,11.045,6.482,27.101
9.078,6.958,40.881,46.184,2.066
16.042,1.715,8.495,4.336,7.904
4.815,42.689,0.776,9.465,14.369
20.78,9.951,28.042,2.687,11.049
9.309,9.22,2.587,17.838,1.308
5.142,0.625,14.368,20.687,23.439
4.889,18.014,28.784,16.126,10.78
2.056,7.343,5.925,29.828,2.728
11.455,3.699,5.829,14.339,4.082
9632.079,2.816,2.958,12.527,0.372
4.432,38.003,3.238,7.379,47.449
12.176,11.115,23.971,11.037,15.008
7.301,6.678,10.092,2.448,3.186
1.031,4.015,0.812,8.516,9.128
0.238,7.04,10.484,20.283,1.087
12.598,15.256,4.229,10.902,1.738
0.435,10.019,3.61,1.071,0.618
8.952,6.865,0.03,5.355,1.059
7.874,10.62,13.26,29.134,8.538
4.974,4.808,4.247,16.081,5.805
1.873,3.976,8.342,18.384,0.802
6.04,1.4,8.982,36.505,5.83
11.159,15.8,9.685,2.599,3.276
1.074,8.62,10.87,0.502,10.712
40.702,1.774,9.746,1.499,5.154
14.189,14.229,11.24,1.61,0.119
1.464,0.389,8.365,16.236,6.415
10.605,4.751,31.166,0.958,5.983
3.001,1.412,29.623,0.596,5.284
20.827,41.896,5.331,4.496,4.744
2.388,20.52,12.764,15.796,4.392
8.599,0.867,10.573,19.042,0.162
5.586,10.453,0.24,9114.889,3.195
1.739,4.962,2.273,38.779,27.7
7.322,26.13,3.143,6.721,14.054
4.113,8.577,3.116,32.991,4.542
3.679,1.556,20.965,5.073,11.599
0.245,25.775,6.872,2.572,6.53
17.315,3.484,1.442,16.69,0.998
1.787,19.59,4.847,7.635,7.418
10.596,2.578,15.328,2.454,1.722
4.775,3.405,1.194,3.771,3.468
1.07,6.771,2.71,0.594,6.702
13.467,29.56,5.829,4.981,16.729
39.942,3.287,25.98,18.914,22.225
4.516,19.325,2.032,2.355,1.999
16.466,5.558,14.657,0.42,2.356
14.055,3.995,9.749,7.761,0.616
7.638,6.677,7.983,5.135,2.169
3.07,0.474,0.904,1.495,9.165
5.896,0.923,6.021,44.082,1.541
19.377,5.819,16.255,0.633,3.782
7.926,8.047,20.426,1.959,1.495
0.259,4.963,21.587,0.31,16.304
0.343,7.972,16.996,8.065,17.849
1.616,10.127,7.802,1.524,0.641
10.476,20.51,4.368,17.44,2.591
2.722,27.033,2.407,9.557,17.585
4.261,8.651,7.606,5.019,4.56
22.828,30.311,1.831,3.832,4.937
26.166,4.73,0.67,1.251,6.362
2.115,12.868,3.283,13.278,9.551
5.261,3.108,6.238,81.416,23.21
12.6,0.233,19.246,2.813,1.834
0.543,3.728,23.128,1.121,1.98
8.169,0.064,1.342,30.452,4.318
7.257,11.282,6.1,19.575,4.573
2.202,10.737,5.77,1.25,5.432
2.115,10.41,5.986,14.134,17.811
16.668,15.477,31.273,3.07,15.304
13.448,2.475,3.464,6.516,2.273
3.314,18.269,16.554,3.894,14.298
6.607,18.105,1.706,0.916,32.352
35.87,39.689,5.151,50.178,2.174
0.152,12.996,1.717,21.166,16.654
4.657,17.61,0.911,38.822,1.575
5.856,27.668,7.528,22.462,9.548
4.031,11.561,14.967,10.281,9.858
0.57,4.06,0.82,0.571,7.999
3.251,18.564,3.174,18.301,4.092
2.236,1.468,20.305,36.069,16.302
14.014,0.249,17.556,3.166,1.437
4.556,15.579,0.782,1.491,15.791
8.339,1.963,11.008,5.605,10.018
26.015,13.698,16.886,27.154,0.386
1.601,5.452,16.686,7.102,16.479
10.044,5.015,8.195,4.789,6.296
7.354,1.016,7.167,5.912,4.277
3.637,9.254,12.25,2.18,2.889
7.963,19.765,18.356,1.652,4.759
22.618,13.098,15.025,25.448,25.171
17.777,2.278,10.441,2.431,5.541
14.703,3.164,0.583,6.379,7.445
23.451,30.376,2.842,6.028,21.646
9.288,3.053,18.425,12.933,9.027
13.668,7.169,14.539,1.813,8.188
1.251,6.234,6.883,39.532,14.873
0.124,2.299,33.579,9.503,6.222
7.077,20.743,6.468,11.921,20.483
6.66,4.164,1.076,21.327,2.04
0.73,2.258,9.026,10.565,5.163
1.215,33.172,3.024,0.804,5.871
0.739,17.32,2.536,1.834,3.351
60.45,11.828,9.013,14.443,3.119
0.448,4.861,6.771,17.683,24.314
17.033,2.766,8.183,3.978,0.126
1.615,12.736,3.675,13.666,2.149
7.747,6.43,35.988,11.139,15.205
5.691,8.033,11.475,3.431,1.011
4.041,2.097,9.243,3.557,4.955
12.793,20.463,0.834,42.909,61.147
5.009,3.239,76.654,13.089,5.027
9.847,19.222,7.216,3.418,3.826
0.841,12.083,8.307,1.809,7.932
19.511,4.168,3.78,1.431,1.22
8.626,25.559,14.371,19.882,9.006
0.484,22.128,6.821,1.523,6.659
1.414,7.361,7.79,1.132,26.857
0.852,2.097,16.192,22.372,4.493
7.311,4.434,0.793,10.674,3.952
12.142,10.711,18.045,2.274,5.751
1.268,9.576,3.742,4.23,6.375
2.881,15.481,5.988,0.528,18.557
7.711,29.761,10.369,0.699,37.402
13.289,4.597,69.665,3.29,3.498
9.474,37.907,2.919,1.546,3.059
38.437,1.037,0.648,10.711,14.861
19.304,1.086,10.921,17.98,4.404
25.79,12.899,13.733,4.248,8.348
12.029,44.842,11.875,8.093,4.261
23.686,0.229,16.476,0.181,7.205
0.81,20.762,3.008,2.617,4.281
0.86,39.57,31.448,4.985,5.455
0.229,25.881,0.002,21.679,4.024
28.332,13.196,0.518,1.266,13.389
1.539,15.422,11.122,8.619,5.166
3.01,6.051,1.586,17.653,0.345
0.343,1.52,2.477,5.796,0.494
0.423,0.766,6.92,11.784,0.307
1.412,27.658,1.302,7.017,5.587
2.536,25.99,2.841,7.614,15.404
3.004,0.885,26.175,63.844,15.133
2.738,5.584,1.457,16.338,5.946
9.854,4.338,6.97,18.297,11.021
4.976,9.283,1.807,39.706,21.555
2.357,30.903,4.475,0.249,2.15
9.017,12.457,2.882,5.665,18.737
5.526,15.969,6.77,3.829,23.798
3.685,40.115,2.711,14.052,30.188
14.16,12.364,8.269,1.77,1.01
0.873,0.637,0.023,5.16,1.544
0.591,33.225,2.269,7.907,10.276
24.379,12.949,3.406,21.662,2.784
1.05,3.921,8.209,2.518,11.56
8.326,17.131,3.446,11.418,21.072
1.43,25.117,12.575,12.478,3.897
6.688,10.151,3.679,2.679,5.632
12.039,23.625,0.91,3.441,1.102
9.922,20.671,9.123,9.536,15.976
6.943,3.202,14.154,8.224,6.019
3.691,3.692,10.289,6.26,7.605
19.117,8.511,29.378,3.888,3.287
2.894,1.335,7.291,18.334,12.991
2.15,2.216,0.711,4.806,2.899
0.048,9.2,0.894,9.96,15.987
1.259,6.663,6.796,1.467,2.204
4.267,3.778,2.267,11.067,6.094
8.872,6.191,25.798,8.904,5.489
6.42,1.766,7.387,31.757,34.57
1.639,9.544,5.379,18.909,3.725
26.43,13.8,1.598,44.968,15.567
34.365,15.381,13.774,21.106,12.776
1.065,14.344,3.78,10.452,1.542
7.0,13.363,0.592,6.076,18.007
8.146,17.263,11.843,4.616,0.12
48.806,6.183,11.96,6.448,2.224
11.618,5.154,6.641,0.853,0.354
3.292,11.575,8.958,0.409,6.831
2.899,15.367,5.85,17.62,9.889
22.147,2.468,13.567,1.996,0.389
11.471,1.383,0.706,1.677,3.6
45.277,3.928,5.538,3.424,2.301
1.4,4.99,0.737,3.801,0.394
3.416,4.115,57.588,28.162,3.291
11.616,11.617,11.875,4.004,1.225
7.647,1.341,0.152,15.155,16.708
16.616,1.7,25.48,27.91,14.182
9.252,35.909,2.364,4.631,13.266
11.232,5417.616,20.074,0.947,22.319
35.462,9.482,4.87,11.711,0.28
13.185,36.502,5.61,16.677,5.351
16.51,2.018,2.799,14.36,5.751
14.672,23.879,0.979,21.848,3.376
21.414,13.206,14.649,3.28,1.262
3.625,5.115,4.001,9.099,2.423
0.345,4.945,24.706,1.587,2.351
11.574,25.071,7.602,8.539,19.535
6.871,5.997,1.276,10.534,8.974
0.858,9.597,9.169,6.398,31.069
8.882,2.893,0.182,1.16,2.714
3.757,18.942,2.51,13.372,0.451
16.631,4.741,4.929,2592.598,1.568
3.206,9.857,3.102,4.362,3.669
7.885,3.913,7.743,24.23,2.118
4.893,12.466,20.6,29.784,0.312
4.585,16.175,6.72,11.409,7.367
7.318,3.864,52.535,3.474,23.736
3.606,13.004,11.157,1.256,2.072
3.41,4.273,18.583,9.875,3.417
1.986,14.493,14.213,4.188,0.264
8.199,3.191,0.923,7.219,13.453
0.132,12.232,3.946,14.852,6.972
5.25,5.863,10.004,38.459,7.098
15.873,4.832,2833.7,3.628,15.22
18.64,6.449,1.056,6.924,62.239
8.911,4.366,20.021,23.63,3.757
11.949,24.151,6.677,15.622,9.794
2.489,2.988,7.786,9.273,10.35
30.741,2.248,6.316,19.854,3.275
1.757,12.1,3.003,19.051,23.747
0.692,0.533,20.254,22.071,7.515
6.153,3.971,5.466,3.069,3.138
8.113,1.708,20.769,0.826,6.494
7.252,4.656,4.406,42.663,2.008
24.509,11.412,5.381,1.527,2.809
10.261,1.477,22.635,0.81,1.915
11.786,7.467,30.855,40.414,42.295
0.175,8.677,5.883,2.52,0.557
5.332,0.84,4.763,15.016,1.605
30.73,7.817,14.415,17.549,3.503
1.602,11.399,27.229,24.782,22.772
9.306,20.381,6.727,5.724,10.831
14.87,4.147,22.963,13.514,3.871
3.551,1.954,17.023,9.609,3.572
22.153,1.752,10.881,0.789,3.99
2.575,5.398,1.766,10.695,5.232
1.94,12.312,0.533,16.191,25.267
14.498,0.569,15.692,2.197,5.372
6.801,12.495,6.484,4.132,28.892
13.816,5.769,8.762,1.262,4.782
5.397,17.086,0.727,3.673,33.676
2.215,12.794,2.443,2.275,12.821
0.946,8.073,4.207,4.984,1.749
0.017,24.761,23.215,8.827,1.514
2.293,26.972,3.913,8.146,11.997
8.372,8.36,1.944,3.523,5.972
7.514,2.998,6.988,21.404,16.634
17.192,4.499,6.524,0.936,0.892
7.105,13.001,7.116,5.667,0.077
1.359,18.311,0.307,0.231,2.306
31.177,2.629,3.956,35.354,8.419
12.861,5.07,6.996,9.682,3.484
1.602,6.476,10.208,5.702,18.903
17.488,43.178,5.514,11.547,21.031
14.764,8.28,10.329,1.614,0.543
41.344,8.304,29.189,41.331,9.277
2.571,6.087,4.401,30.711,5.572
11.708,8.527,0.605,6.857,1.392
0.236,10.901,12.466,18.763,4.594
27.817,20.363,2.558,20.871,0.152
18.419,0.268,13.518,10.364,5.462
4.433,8.441,9.113,38.065,11.187
4.451,2.204,3.046,24.727,16.44
0.552,10.485,19.786,63.896,3.427
6.852,43.174,11.743,21.343,8.968
4.653,18.516,8.105,25.803,0.365
2.825,4.133,13.056,11.118,9.93
6.754,3.112,6.667,1.054,0.363
0.264,11.578,50.425,5.842,13.662
6.123,1.478,1.331,12.794,0.732
6.331,6.666,2.317,0.119,0.508
18.95,2.937,13.599,2.046,1.486
1.674,11.762,20.299,6.608,6.99
38.206,0.303,21.165,6.751,7.154
9.561,1.572,3.633,9.975,4.796
4.302,6.29,13.129,5.302,9.582
7.36,4.74,8.969,7.965,0.481
20.295,7.602,4.407,14.455,0.57
3.283,4.773,2.636,14.628,2.366
4.141,29.296,3.974,13.156,2.679
2.494,1.483,52.728,30.891,2.795
4.615,5.655,0.144,0.774,20.881
2.901,8.601,32.464,1.44,14.51
6.246,5.981,10.377,8.984,2.752
4.699,14.863,41.108,40.909,1.836
16.047,12.738,7.217,14.443,0.271
18.28,0.136,0.013,20.14,1.199
2.836,8.251,4.075,5.922,9.512
13.322,0.755,7.856,11.34,1.735
10.437,6.63,9003.843,16.939,1.112
2.336,5.684,6.435,3.262,13.722
3.572,21.12,14.127,2.164,6.347
15.783,9.685,8.981,13.199,9.43
2.685,14.795,12.385,9.789,17.662
0.699,1.555,25.53,13.69,10.68
0.498,3.048,9.72,2.143,7.515
1.976,20.588,2.589,7.644,0.715
4.711,5.876,1.219,16.648,0.149
3.236,12.168,52.238,0.235,4.614
12.334,19.065,0.821,4.69,17.264
0.177,10.822,22.857,12.577,9.207
1.698,0.566,4.21,5.342,3.855
8.34,8.969,2.754,17.789,9.502
13.326,0.332,9.819,27.254,12.317
5.387,2.481,13.174,16.453,3.544
7.922,11.943,5.3,3.42,3.173
7.653,3.745,2.033,1.497,1.191
7.65,27.495,4.721,4.027,6.694
4.585,11.352,1.056,11.248,15.491
17.026,2.915,9.266,1.653,7.668
0.014,6.201,9.783,20.187,29.092
0.782,28.675,15.14,9.758,12.655
2.184,3.603,5.933,9.074,29.177
1.898,26.593,14.028,7.171,11.457
7.179,19.606,34.91,0.266,1.137
11.538,3.736,10.615,0.703,8.003
0.046,6.851,11.67,3.911,15.458
28.138,4.831,0.588,13.817,12.278
12.116,33.359,0.881,14.894,19.662
7.307,32.501,11.433,48.234,4.103
6.707,14.998,4.797,26.699,4.427
5.278,12.286,10.039,1.342,13.088
2.634,4.408,2.019,5.312,2.088
5.245,11.289,2.407,3.157,19.95
22.79,3.133,15.594,1.974,6.562
1.824,18.003,1.662,2.428,13.664
3.378,15.447,16.711,2.275,11.746
1.258,11.542,8.479,1.494,12.901
3.628,29.327,21.866,2.504,8.423
14.418,50.621,2.258,0.921,21.901
2.068,4.984,3.053,8.194,1.84
5.471,7.726,1.122,13.336,1.05
17.865,17.579,1.395,1.42,1.055
10.526,15.648,2.777,32.769,12.249
12.863,11.944,0.226,17.557,2.671
22.17,2.536,0.479,15.069,1.997
1.361,35.718,10.267,24.406,3.084
15.182,0.868,11.73,4.859,12.273
5.81,6.31,4.69,10.583,13.17
52.705,2.14,34.009,4.087,0.174
8.589,10.722,2.378,29.368,8.921
25.433,5.156,0.916,4.444,12.064
1.107,3.198,0.023,16.839,15.529
0.308,20.324,1.149,3.254,6.183
11.197,3.6,0.092,0.129,7.542
0.41,3.301,46.464,7.827,0.139
9.414,16.671,3.932,4.354,1.822
6.928,29.771,20.231,15.163,8.696
4.939,16.617,10.021,11.377,8.495
1.228,8.706,6.17,29.889,17.993
9.353,40.326,6.476,48.25,3.782
14.818,0.515,12.558,9.022,16.405
1.715,10.538,6913.355,18.019,0.18
9.149,13.459,0.19,4.924,2.412
2.08,7.453,1.357,12.327,8.183
12.187,7.756,0.564,4.124,40.831
58.074,0.405,0.424,19.929,8.743
3.833,17.719,3.532,6.025,8.991
0.865,19.634,0.057,6.923,1.191
3.263,9.266,1.85,1.662,0.221
7.773,16.068,5.875,1.144,30.815
26.209,12.06,0.059,6.732,2.439
1.52,7.51,0.824,11.326,54.469
1.631,19.57,8.549,0.507,0.287
13.823,6.378,0.906,2.882,5.093
0.664,5.278,0.931,7.529,9.535
20.411,18.514,1.992,9.977,16.28
7.106,2.111,35.649,4.38,6.526
8.077,8.82,2.91,8.883,8.684
15.508,5.168,2.457,1.017,0.03
26.468,7.061,32.889,1.41,4.374
1.581,19.311,9.313,0.003,17.985
0.558,7.916,6.111,28.24,0.681
7.248,5.293,0.623,24.999,0.138
11.825,39.173,6.302,0.777,13.313
18.312,29.962,1.264,19.544,29.673
15.884,47.115,8.407,11.18,6.254
10.178,54.544,16.138,1.893,3.668
17.248,0.488,10.245,0.351,3.562
27.845,6.966,13.326,4.799,0.875
1.069,4.318,3.05,6.41,2.001
6267.184,9.209,3.449,22.12,7.457
4.657,6.498,4.103,9.549,20.106
12.873,9.534,1.905,22.494,1.888
3.405,25.491,2.558,13.154,39.613
12.558,13.539,4.845,9.249,2.811
14.08,4.658,0.998,0.548,32.946
2.842,1.571,1.543,11.683,10.627
4.396,9.641,3.006,1.384,3.905
11.571,11.743,15.835,31.068,74.474
17.558,1.879,6.981,0.075,3.459
24.156,6.905,6.107,1.144,2.068
10.542,1.859,0.676,7.021,5.355
0.01,9.599,3.262,18.336,8.397
463.752,5.171,8.934,2.167,7.107
4.759,15.261,7.188,28.316,14.411
27.795,0.147,1.97,25.958,4.991
14.953,41.844,3.441,0.305,3.013
0.465,7.567,3.814,11.36,10.583
28.819,6.628,3.814,3.562,1.568
6.974,5.355,3.534,24.706,3.062
0.704,13.969,13.348,0.275,5.965
10.146,11.131,1.135,2.791,1.752
20.412,11.253,3.085,21.088,2.944
33.223,3.912,9.157,16.517,7.32
0.837,9.341,10.242,0.864,13.012
16.593,6.04,23.376,4.709,0.726
0.558,11.326,9.274,4.709,10.451
1.596,22.1,11.807,5.298,2.928
2.228,1.04,0.531,34.681,12.534
8.074,13.522,6.813,14.957,5.553
4.368,19.171,6.453,28.076,1.693
0.509,1.865,4.19,4.101,17.017
4550.369,4.502,14.71,3.036,2.423
3.682,6.156,31.219,4.645,0.304
1.445,4.747,0.924,6.566,1.177
8.879,10.859,1.144,7.616,0.378
3.373,9.248,9.145,4.029,26.386
6.128,20.659,2.942,14.572,5.461
11.041,5.272,0.101,21.556,43.398
5.623,36.79,4.502,0.334,3.757
5.633,23.062,9.339,1.63,32.475
39.172,2.017,10.396,1.016,9.65
4.971,9.748,4.133,4.348,13.921
16.935,32.736,9.409,4.09,30.638
1.396,7.73,25.956,13.103,36.058
1.228,15.356,12.581,28.08,8.679
1.845,70.384,0.826,5.762,5.471
1.903,33.708,23.266,4.638,9.744
56.701,10.433,8.825,0.411,4.734
29.99,2.906,3.091,15.791,3.504
9.997,19.065,1.205,15.386,9.469
36.99,2.931,17.572,0.119,12.792
3.151,10.248,3.175,25.212,3.762
3.194,7.419,43.726,2.506,4.75
9.565,25.995,16.308,2.68,10.866
12.986,7.432,1.068,5.884,8.017
4.84,16.721,1.649,6.116,6.739
1.69,1.594,10.783,7.749,24.237
3.384,2.782,0.146,11.363,15.14
5.736,3.059,8.866,17.484,27.59
2.897,12.536,1.711,9.215,1.49
5.988,1.69,1.942,88.308,2.881
0.552,1.238,16.599,2.1,2.595
3.833,16.65,13.324,16.259,6.808
0.182,9.556,7.998,2.199,2.286
17.409,23.066,11.9,10.682,7.117
0.151,3.464,54.863,1.706,0.684
1.743,9.97,3.1,4.664,4.891
8.194,9.348,3.088,8.718,0.646
1.468,6.607,3.814,14.002,2.833
1.737,5.898,31.415,0.919,1.429
24.163,5.008,6.523,1.648,0.854
8.956,0.315,28.937,2.833,3.841
6.733,4.968,2.125,28.025,15.421
6.995,18.017,9.552,48.751,27.244
10.165,4.407,0.061,0.886,14.248
12.268,1.448,0.102,4.042,7.382
8.583,2.291,3.95,3.352,3.713
0.144,17.51,4.444,1.007,4.12
15.126,19.638,8.81,46.43,18.43
1.033,1.121,17.193,4.486,1.74
5.941,3.082,0.458,3.766,8.192
8.059,12.246,2.944,30.253,13.399
4.311,0.057,0.542,3.865,19.796
5.222,12.043,1.048,12.985,7.396
1.462,6.805,0.809,31.168,0.04
8.482,20.735,6.201,9.653,4.892
3.401,10.209,14.716,6.41,24.993
3.925,1.901,0.532,2.055,2.193
0.516,14.507,2.645,7.712,18.966
12.294,29.249,2.697,2.274,3.709
27.986,15.037,6.148,1.792,1.162
16.628,0.672,22.644,1.77,8.156
6.395,7.639,0.58,10.812,14.316
0.017,25.231,3.424,6.556,1.295
22.7,23.697,6.403,21.415,27.83
37.292,22.595,20.39,2.935,0.245
5.415,20.148,9.175,8.238,13.0
3.504,9.151,1.709,12.12,4.693
5.719,0.572,0.37,16.662,0.144
7.603,2.73,14.75,4.071,1.298
0.069,6.202,3.88,13.66,4.597
0.809,18.812,18.761,1.067,2.305
3.2,10.786,1.86,3.118,4.097
3.138,26.5,7.858,9.494,7.822
0.09,12.452,0.161,3.907,1.87
7.883,0.515,16.44,1.189,5.255
5.504,54.171,3.72,0.992,17.665
5.683,4.998,2.851,12.311,5.351
15.153,0.32,3.889,1.432,1.613
1.861,27.709,7.405,8.291,10.842
1.849,7.324,1742.154,2.387,9.916
0.005,19.219,15.07,1.694,4.462
25.202,4.571,0.61,9.148,4.712
1.366,26.924,12.66,2.495,0.151
7.511,9.985,6.894,8.622,10.678
19.84,5.665,0.576,14.094,7.686
5.347,18.682,0.828,3.406,6.601
4.413,7.39,2.289,12.131,7.933
16.696,13.777,0.76,7.318,13.893
6.141,19.736,1.268,14.558,5.587
9.594,18.831,0.894,25.403,42.886
2.688,9.128,0.496,4.773,1.196
7.225,9.9,1.658,2.007,3.982
12.222,4.99,21.571,2.936,18.544
9.531,28.541,7.942,5.019,5.824
4.755,12.662,5.632,2.065,27.001
1.216,33.999,0.948,17.818,7.469
17.883,11.387,5.08,1.619,0.034
21.59,8.212,3.438,5.538,2.037
12.76,17.7,9.883,12.644,32.283
12.807,29.687,3.338,25.765,13.716
16.874,0.674,12.919,0.574,4.861
1.975,8.443,2.706,5.466,3.927
2.156,19.391,1.743,5.467,0.002
0.92,1.716,33.353,4.667,6.111
18.587,26.379,9.619,2.681,6.59
17.052,6.422,0.392,3.879,0.568
2.088,26.416,11.621,21.308,0.04
3.477,4.341,5.729,6.732,9.98
5.118,19.923,14.513,6.563,10.848
2.324,27.939,3.332,2.364,0.649
26.067,4.14,8.259,10.852,5.912
0.228,17.569,6.705,25.932,0.946
8.195,22.521,11.534,26.109,15.907
40.697,1.24,1.723,1.969,0.193
6.776,14.419,0.854,21.668,15.31
2.261,14.844,5.44,30.157,2.736
16.899,24.947,11.234,5.6,8.615
13.072,3.103,5.555,6.32,5.609
11.494,6.789,0.982,4.26,0.21
0.695,24.641,12.832,35.983,8.126
11.635,39.009,2.996,3.64,4.659
1.569,15.819,3.114,12.438,31.882
8.443,8.662,0.91,12.101,1.084
18.851,1.3,6.754,7.535,7.567
7.158,14.759,6.443,2.55,12.544
36.961,0.542,7.391,12.858,5.316
18.253,2.867,5.283,2.73,4.768
0.663,7.27,1.44,0.053,14.193
11.163,22.591,15.776,11.89,7.131
2.244,28.559,18.716,5.745,15.578
15.053,7.989,0.021,2.541,18.83
8.524,0.904,19.281,3.824,0.062
7.605,4.623,4.368,1542.41,0.363
6.543,4.362,6.315,3.667,5.372
12.53,4.899,8.37,2.973,6.489
0.796,14.272,7.94,1.878,10.751
0.224,7.034,6.67,13.955,3.06
1.234,14.102,11.925,0.997,7.773
0.811,20.526,5.737,0.227,0.667
6.544,31.276,16.665,18.045,1.675
0.554,13.832,15.353,0.914,5.847
7.901,11.789,0.01,23.384,14.749
5.349,4.192,0.08,2.255,21.449
17.05,27.216,0.848,1.226,1.112
1.265,10.912,4.048,6.891,1.517
21.503,24.458,3.026,9.875,0.397
5.133,13.132,7.311,25.38,14.751
1.558,2.318,3.979,8.405,11.963
0.056,24.028,0.81,1.569,2.241
0.607,2.877,26.799,1.14,3.285
24.402,4.139,21.563,7763.767,7.697
7.683,25.063,4.353,25.181,39.48
14.089,1.894,0.706,1.137,0.423
4.274,2.304,0.225,11.546,2.162
23.171,12.016,4.49,0.033,0.756
4.51,15.133,5.673,0.365,10.162
2.613,7.863,3.443,0.576,14.714
7.375,1.001,0.776,4.471,24.529
10.133,29.511,5.024,8.345,3.426
13.659,33.765,22.66,6.946,11.599
3.981,2.026,22.774,1.707,1.602
2.813,14.023,4.611,0.512,7.061
2.049,13.817,7.975,27.806,61.812
31.587,2.066,9.328,6.197,5.454
1.237,5079.523,16.854,4.93,9.838
1.201,0.203,0.658,28.37,7.501
17.726,13.649,3.629,20.652,5.093
7.393,1.482,4.657,2.791,4.422
3.625,18.819,1.566,14.371,0.894
7.378,31.617,5.61,13.772,3.797
6.19,7.252,0.715,3.373,7.206
21.255,69.832,1.206,2.692,3.157
0.06,14.992,1.723,19.87,1.149
9.844,1.255,29.743,9.98,0.384
9.762,14.508,0.449,11.815,1.997
5.094,5.477,0.469,15.056,6.653
1.112,8.806,2.02,0.114,1.171
11.441,23.289,10.795,10.27,1.983
29.171,9.319,7.619,1.491,4.763
1.229,19.135,1.076,12.797,9.12
4.512,19.481,1.46,5.191,16.112
7.757,5.733,1.712,12.68,6.169
28.676,0.695,23.989,3.755,0.614
3.223,46.362,8.455,0.406,3.559
0.853,1.866,54.222,12.009,3.795
19.84,2.377,5.326,0.095,1.96
4.947,4.71,1.835,23.234,2.668
3.11,34.951,15.237,24.543,27.753
6.466,3.19,22.415,2.468,1.555
4.035,5737.7,1.753,11.459,1.021
3.744,12.52,3.851,7.095,1.422
1.723,19.626,1.763,10.552,3.606
0.319,10.412,0.383,30.362,15.636
14.438,1.936,0.991,10.537,2.621
7.174,25.903,4.617,22.209,9.014
10.176,12.232,0.827,0.515,35.678
71.258,0.405,9.992,0.652,7.582
15.91,0.043,30.586,0.062,10.824
4.592,5.259,1.099,2.824,2.993
25.669,0.092,36.579,7.121,0.526
1.898,39.002,1.638,21.09,34.478
2.815,9.314,1.083,21.778,3.834
15.583,3.68,0.621,8.357,1.031
7.481,10.842,0.489,12.153,8.353
0.935,1.755,0.448,3.383,18.035
20.401,2.323,0.483,9.1,23.163
25.337,17.131,2.775,20.751,8.903
3.567,8.821,13.152,6382.049,10.606
5.821,6.871,1.687,16.467,7.691
7.777,11.082,2.958,21.87,1.544
3.775,8.511,1.894,19.136,3.972
14.701,24.365,0.327,8.563,4.73
3.792,4.965,1.681,10.712,20.041
3.172,25.761,6.887,2.508,4.629
2.441,27.39,0.664,17.587,0.856
7.428,13.581,2.961,47.284,51.04
10.488,0.835,15.216,1.862,1.932
0.202,0.109,1.703,14.62,23.542
0.287,6.723,11.175,2.177,5.352
3.686,22.015,0.958,10.134,0.214
4.155,1.974,37.038,0.585,7.978
0.696,3.664,5.631,4.744,8.264
3.12,12.131,6.189,2.241,3.879
2.983,13.01,9.543,0.256,16.476
6.863,29.229,2.789,1.973,1.62
2.329,20.89,2.447,9.868,10.087
8.045,1.019,0.148,7.468,6.77
0.248,8.34,7.719,3.603,4.022
6.745,12.188,4.307,11.199,2.961
28.884,0.652,0.019,0.771,3.244
3.877,9.248,1.765,4.589,5.065
18.026,15.51,14.34,24.169,22.565
1.82,40.726,17.98,15.53,2.074
26.527,17.414,0.686,2.916,12.45
5.948,28.328,24.708,0.921,12.807
15.732,19.708,7.35,11.657,10.026
4.772,5.095,1.758,27.41,12.361
4.379,9.964,3.727,4.266,3.742
40.398,7.408,19.554,1.772,12.909
25.502,5.356,34.82,8.944,6.387
1.518,6.862,3.799,4.48,7.176
3.926,20.858,9.139,5.077,13.974
0.856,12.066,7.469,23.982,4.49
36.159,2.476,30.097,0.632,3.419
4.276,7.6,6.398,20.387,1.235
2791.361,7.265,13.148,7.436,21.162
8.467,9.436,0.89,8.102,1.356
0.889,4.442,11.17,5.387,15.342
19.236,30.729,3.237,17.068,0.292
3.285,1.421,31.38,4.979,1.084
3.184,21.346,2.666,10.908,16.634
1.116,46.356,3.36,6.401,19.62
1.842,1.691,18.446,2.373,1.747
4.154,7.759,6.683,42.651,21.186
9.981,50.143,5.213,14.068,17.332
4.479,9.779,0.241,25.592,9.48
0.23,16.557,7.7,13.705,16.34
4.653,12.476,9.35,6.6,3.828
1.289,16.888,4.477,14.291,10.391
16.567,1.352,16.421,2.636,6.033
1.319,14.593,3.94,16.038,0.933
1.032,43.093,8.268,10.074,5.752
27.014,15.852,2.121,20.322,7.519
7.041,37.94,0.638,7.86,3.604
6.655,36.591,14.717,3.107,16.992
4.244,47.963,10.215,1.935,22.546
0.958,0.032,7.74,0.326,1.479
10.565,3.42,37.223,1.541,3.203
6.564,21.224,16.401,11.083,5.395
20.749,4.147,13.334,0.911,5.298
25.585,13.259,3.251,0.493,0.023
25.656,10.637,31.969,2.508,0.134
7.137,38.924,1.267,14.584,8.926
5.102,0.301,0.931,13.715,5.242
1.266,9.054,2.048,13.585,5.253
9.157,2.725,11.712,0.822,3.503
3.325,21.137,5.749,7.95,23.746
12.298,6.185,14.315,1.11,2.335
1.142,2.747,3.451,6.995,13.073
5.897,24.438,1.927,7.732,0.77
2.934,19.368,2.292,0.865,17.716
4.529,5.044,0.565,2.305,3.926
0.645,0.519,39.929,1.336,13.246
0.243,32.338,2.127,0.657,0.39
8.602,17.789,0.404,1.616,2.517
0.254,14.761,26.839,0.454,7.867
8.082,8.915,0.868,2.325,7.906
16.225,36.415,3.083,1.523,2.176
5.639,17.82,6.588,19.105,14.951
20.313,32.648,14.724,0.104,3.91
35.739,14.558,5.987,10.284,4.421
0.131,46.106,4.084,6.128,16.963
3.807,22.943,2.663,9.89,16.197
9.769,14.503,0.575,0.358,14.017
0.032,3.508,2.025,3.211,8.371
17.879,2.272,6.096,7.358,6.247
0.906,29.004,5.897,1.491,11.275
11.17,19.031,7.781,15.536,5.26
0.629,5.446,5.523,1.028,3.047
1.711,33.536,1.534,17.226,9.079
0.266,7.766,6.748,9.484,22.378
12.738,7.047,3.818,32.409,3.036
13.726,3.867,0.421,1.493,16.928
8.418,12.547,1.389,3.184,10.032
21.501,14.213,6.831,5.087,3.162
12.006,4.232,0.109,2.172,1.806
6.695,20.858,8.719,4.46,5.974
1.857,6.237,0.584,2.267,11.347
7.598,9.717,6.79,1.99,3.117
16.345,0.998,7.952,4.426,1.475
7.985,21.819,6.213,6.64,7.388
6.936,18.991,10.701,8.49,0.346
9.208,16.404,5.71,1.715,2.15
4.271,6.515,0.347,42.562,9.153
5.883,15.971,6.962,9.009,11.69
7.773,25.612,0.8,5.232,3.607
12.82,40.37,16.972,10.015,5.153
7.658,0.011,0.099,16.559,9.6
50.667,4.994,2.419,15.616,2.329
1.513,10.164,2.628,5.515,6.494
7.201,13.967,0.01,0.613,2.057
8.321,11.162,0.565,4.357,9.347
2.023,2.378,0.905,1.089,2.891
2.256,10.331,1.357,2.925,26.663
16.1,7.017,17.287,4.678,0.18
5.787,29.647,14.619,11.018,16.986
7.756,13.211,2.624,2.202,9.905
73.412,3.555,0.96,7.698,2.055
20.569,22.335,4.922,21.509,6.128
29.571,0.741,5.742,2.193,2.726
29.939,7.006,30.405,1.217,3.505
11.113,0.703,7.366,2.657,2.283
4.967,25.741,1.506,9.777,13.295
3.187,21.681,1.512,10.217,14.018
26.63,9.596,5.629,12.294,5.923
13.96,27.96,9.185,4.118,7.509
13.93,28.939,1.888,16.818,4.865
11.229,10.682,0.246,8.64,7.502
7.327,9.92,0.011,11.521,5.246
8.771,17.347,4.594,1.087,11.762
10.334,5.28,1.488,23.41,12.854
0.755,14.357,12.414,14.892,6.021
8.905,1.979,0.627,11.677,4.915
3.61,13.853,2.515,17.1,0.91
10.87,21.203,4.781,2.536,4.905
10.355,0.858,30.307,4.553,2.89
1.986,0.856,1.784,30.719,20.875
23.016,25.055,0.278,26.155,2.707
4.767,12.979,5.802,1.439,5.202
5.61,25.44,0.052,6.896,4.305
0.851,9232.781,29.659,19.518,20.585
2.584,1.086,0.841,4.458,22.642
6.013,25.972,7.393,18.968,7.737
6.041,6.499,2.935,15.71,1.647
3.313,8.231,2.303,39.067,5.16
3.52,2.551,2723.476,11.965,0.02
1.267,12.022,15.1,19.227,20.33
10.278,17.526,3.47,0.746,14.163
13.609,34.574,12.65,8.517,27.314
13.498,12.273,985.13,2.461,13.486
16.873,1.959,1.031,9.831,1.955
9.533,44.646,6.695,1.335,4.814
20.18,4.084,37.744,6.278,1.556
2.543,1.634,5.743,9.916,16.199
16.192,12.674,0.648,3.197,5.955
0.024,19.846,6.125,0.058,21.218
2.305,20.569,13.667,30.89,10.941
3.51,8.595,4.24,7.194,30.822
3.201,19.723,0.655,3.683,4.964
17.209,19.861,8.884,7.288,9.859
13.109,8.823,13.51,0.66,7.885
7.987,8.92,3.994,4.555,6.085
31.261,23.679,11.887,51.41,27.153
33.095,27.603,11.167,17.555,8.741
2.74,21.367,2.668,12.563,7.906
11.672,21.989,0.855,3.221,13.545
0.301,27.618,29.825,16.498,19.689
1.274,7.956,0.676,11.768,7.493
30.726,6.562,19.008,5.366,0.458
5.026,8.326,1.182,21.449,22.004
1.126,20.458,17.179,2.344,0.784
10.829,19.391,11.914,13.912,7.342
14.506,0.681,18.042,1.352,8.948
2.111,13.287,1.231,21.306,13.306
0.594,13.096,10.241,14.582,30.277
9.342,0.315,4.78,3.859,3.818
4.841,25.064,50.198,1.351,0.166
4.347,1.38,0.189,7.179,9.758
43.677,0.835,7.242,2.537,5.423
1.026,7.399,14.027,13.682,38.911
17.698,22.881,4.706,3.418,6.733
8.41,12.643,1.532,1.555,5.217
3.684,9.609,6.212,4.399,5.843
0.936,7.057,2.174,11.934,9.077
14.32,4.325,19.672,0.624,4.217
1.545,14.393,8.427,5.766,1.221
0.398,13.666,10.381,10.157,18.761
0.804,75.684,2.37,0.831,4.8
4.067,7.879,7.53,0.445,13.471
11.433,18.487,2.045,9.476,19.282
13.771,5.932,7.717,0.202,0.96
11.472,1.737,19.612,4.132,5.288
6.049,26.353,3.724,2.129,15.543
34.295,4.215,0.693,7.348,14.598
4.134,6.754,6.686,12.688,13.19
2.935,34.068,11.482,1.034,3.28
2.259,6.073,8.48,2.982,19.771
1.307,7.517,1.831,22.798,5.372
11.502,38.242,0.233,2.734,38.389
20.236,0.735,7.458,10.243,9.29
3.895,6.226,8.985,0.163,4.563
1.433,62.319,14.035,3.793,6.058
16.463,8.708,10.893,5.717,9.169
3.11,15.547,5.451,18.289,0.928
8.84,0.088,5.942,1.775,5.71
20.169,17.041,1.129,6.143,2.72
5.495,35.717,3.81,24.309,11.8
16.186,11.434,0.634,0.494,14.198
0.469,4.955,3.46,6.592,14.447
12.927,18.354,0.825,5.035,4.51
6.922,2.582,0.183,6.814,11.822
4.566,26.378,11.715,23.763,13.994
5.169,15.175,15.647,8.283,16.775
0.026,13.986,3.91,26.849,18.557
12.935,1003.62,13.405,7.858,13.31
10.245,1.34,3.261,3.243,2.02
11.356,14.416,0.008,1.901,4.708
7.359,2.245,6.451,0.527,1.898
18.065,2.773,5.686,8288.876,4.147
12.506,0.244,0.74,0.932,13.624
0.164,35.181,13.732,11.82,4.976
4.333,41.966,6.053,3.019,20.025
0.641,5.283,1.388,7.727,13.983
4.818,14.507,5.426,7.34,18.0
7.064,0.117,41.743,1.018,2.314
6.347,17.831,14.014,13.122,16.689
6.667,25.322,2.05,11.574,7.719
5.842,11.335,3.563,9.314,36.716
10.731,2.137,0.91,1.606,34.66
11.766,13.821,2.299,27.554,16.435
0.604,4.536,3.269,6.639,10.764
9.239,3.356,5.414,0.114,3.296
31.554,0.904,2.018,10.539,3.111
3.314,17.364,3.084,16.711,0.689
11.678,18.654,9.156,7.026,4.071
20.023,12.612,4.714,10.832,4.835
0.28,37.433,21.058,34.342,18.642
11.483,12.655,6.233,15.982,3.828
2.295,8.032,4.441,3.078,17.877
12.71,29.008,3.058,43.269,10.747
19.257,6.591,17.053,0.211,10.959
6.604,0.063,30.484,3.541,9.071
4.481,13.825,5.179,4.398,1.124
0.434,8.116,3.59,10.3,17.259
9.7,62.516,1.598,0.994,16.831
4.181,42.706,2.494,8.121,2.657
0.61,23.035,2.582,4.459,7.285
15.61,23.313,11.806,6.3,21.377
19.994,17.184,10.34,5.537,4.385
11.603,2.202,0.375,3.439,18.595
15.164,3.796,0.471,4.256,21.723
41.95,3.432,0.316,1.575,13.198
9.359,0.48,11.933,4.976,0.437
7.724,19.465,7.411,3.418,1.397
16.486,0.428,14.658,0.467,13.109
6.536,5.961,43.141,4.912,0.233
8.133,9.337,4.52,37.94,2.476
28.652,21.188,2.631,26.56,1.289
8.675,4.58,0.018,3.038,6.893
5.834,7.971,6.059,4.737,4.741
0.153,9.862,1.112,1.378,12.427
7.296,4.945,4.023,7.934,9.384
7.828,19.164,10.703,5.62,3.791
5.976,3.653,9.462,22.482,33.046
0.048,1.078,0.767,1.106,7.157
3.081,24.786,4.374,33.767,6.604
21.881,36.02,9.343,8.069,4.289
21.371,3.427,0.372,16.934,31.946
22.312,6.395,0.808,2.65,2.109
20.032,2.387,0.264,14.504,20.725
14.632,15.359,8.911,21.903,8.687
40.975,7.533,13.377,14.93,8.848
4.832,4.495,1.53,2.979,0.566
5.109,6.559,0.507,32.154,9.928
3.604,17.546,5.699,0.754,10.58
23.064,42.849,18.923,8.266,18.097
1.589,2.052,11.8,2.446,12.466
8.361,62.465,9.834,21.79,17.244
0.338,6.038,5.331,1.241,1.235
50.288,1.124,0.94,8.032,16.369
5.657,7.474,0.737,6.721,7.662
13.428,37.46,5.678,11.434,12.57
1.821,20.451,6.735,1.479,7.803
11.591,10.993,4.712,1.44,1.703
1.958,50.594,18.768,2.015,3.457
6.008,21.494,5.629,1.639,2.813
0.501,14.164,6.277,2.244,5.422
2.238,14.529,12.421,1.44,4.563
6.057,6.508,42.31,6.172,0.18
18.654,4.795,18.586,0.16,2.326
35.924,5.715,12.04,1.172,2.624
3.614,16.557,1.272,13.873,16.883
2.658,5.536,0.962,4.67,25.21
1.332,7.652,5.741,2.774,1.625
0.173,1.782,0.97,0.325,11.308
0.129,12.669,10.044,5.054,23.831
10.663,10.202,7878.769,3.8,3.721
2.363,16.815,0.02,13.206,14.312
7.056,11.849,0.267,3.135,0.789
4.016,19.792,3.68,3.39,0.905
6.338,54.099,30.015,4.095,6.703
6.15,2.015,0.019,17.857,10.108
7.988,38.754,4.638,0.412,3.581
3.629,24.754,4.147,5.861,5.946
0.91,13.627,1.518,22.363,1.366
9.066,0.388,0.965,20.223,5.559
12.053,0.725,0.359,4.055,1.635
36.139,8.106,0.181,14.353,2.387
15.726,18.468,10.055,11.302,10.946
10.503,21.424,13.023,14.623,16.803
4.202,0.865,22.353,4.283,0.276
1.525,16.246,3.151,3.785,9.032
11.877,5.698,2.471,16.574,13.249
22.182,4.741,6.272,1.481,5.371
4.037,15.354,4.458,6.023,15.06
22.605,17.47,9.29,0.875,4.518
8.905,16.097,5.926,34.831,13.521
5.916,1.391,18.372,3.1,0.554
0.965,36.605,44.122,11.752,36.737
21.88,9.844,7.321,3.406,2.938
4.579,28.978,2.196,16.866,2.407
2.174,4.989,9.778,11.968,23.682
24.749,2.878,27.631,11.328,3.535
15.748,6.011,1.584,39.931,2.967
1.574,19.9,2.042,0.31,1.011
13.742,18.69,2.006,3.91,3.949
29.43,7.233,0.103,6.548,41.498
1.492,22.667,2.59,10.957,11.069
18.932,10.321,0.85,14.823,0.809
3.666,4.653,0.456,11.838,26.075
1.683,3.321,0.466,10.011,2.453
10.126,20.053,2.949,5.521,9.938
10.596,0.571,6.318,2.276,5.534
4.217,25.275,14.944,3.033,19.108
3.287,6.479,2.373,9.461,27.279
24.876,3.566,11.541,4.786,0.708
0.76,7.205,0.102,27.901,11.837
15.216,31.298,6.054,34.83,25.382
4.028,27.107,5.423,3.973,0.416
0.651,14.466,0.453,0.903,11.148
16.457,27.531,2.709,2.467,12.323
14.943,5.619,0.278,7.279,1.66
35.678,5.207,18.862,9952.331,26.762
1.863,22.335,7.702,8.079,21.366
2.085,15.262,1.454,7.557,5.142
3.56,12.38,4.432,5.377,5.607
9.29,22.973,2.053,5.749,0.482
5.905,13.523,1.166,5.239,8.07
5.564,26.522,0.821,8.472,18.26
8.219,7.663,0.369,9.958,3.625
0.096,8.344,2.019,2.983,2.426
12.981,2.585,47.569,3.808,0.749
6.257,2.529,5.859,11.898,14.688
1.598,6.938,6.358,42.547,4.069
4.332,4.848,5.104,24.15,49.403
16.585,1.298,1.033,7.151,20.18
2.23,15.217,1.769,13.019,6.001
3.304,4.509,3.9,15.726,4.687
1.211,20.249,0.41,0.849,0.635
5.726,0.93,49.756,5.569,7.925
4.772,2.532,2.767,56.312,25.435
11.734,5307.749,2.621,23.308,10.952
43.078,11.563,7.858,1.22,3.399
2.919,10.199,6.797,18.296,15.88
5.713,6090.863,7.21,13.921,1.042
18.57,0.852,23.431,11.489,0.398
4.146,7.271,0.741,26.214,4.129
1.188,15.936,2.074,5.961,14.514
4.621,3.819,0.147,15.808,1.895
16.713,8.843,4.241,18.471,9.176
6.056,56.768,0.428,2.29,17.578
1.341,39.305,14.671,4.905,35.192
8.496,18.497,3.269,19.773,11.068
6.418,24.091,4.879,9.772,0.151
4.526,26.99,3.826,3.807,9.954
9.942,0.712,1.06,13.662,18.255
2.353,12.959,7.166,16.111,2.497
56.4,2.034,7.616,25.734,3.753
8.875,30.483,2.498,0.236,12.953
1.805,32.659,2.702,0.415,3.585
10.006,2.096,2.628,1.405,2.053
2.498,5.799,1.184,12.685,16.098
1.731,12.029,4.476,19.668,5.884
9.492,26.508,2.407,27.383,8.213
22.017,5.281,11.367,2.282,1.87
1.649,13.706,2.989,9.153,27.823
22.533,0.487,2.035,3.625,0.116
60.508,20.351,15.808,5.146,7.974
6.841,35.025,2.913,26.125,12.422
6.544,13.855,10.933,2.668,18.253
12.271,23.742,1.43,28.65,4.173
4.269,10.181,1.576,14.746,1.239
6.915,0.678,0.593,30.034,11.323
0.412,10.336,6.421,1.531,14.407
12.045,23.991,2.354,1.178,6.582
0.269,22.518,2.356,1.797,4.349
13.061,12.38,0.162,6.862,35.931
6.506,7.629,2.471,2.672,1.544
10.608,4.75,8.778,1.039,0.347
3.095,6.154,1.047,13.341,8.026
2.304,3.448,1.283,7.495,1.96
34.555,11.506,1.37,25.265,8.431
32.796,22.098,0.15,3.255,4.926
0.751,20.716,0.605,6.222,11.344
14.134,0.252,13.365,5.221,2.618
5.106,21.596,7.729,6.893,0.45
8.57,18.958,2.948,2.653,25.196
5.751,27.675,10.379,13.777,25.547
39.72,21.117,0.458,27.776,0.876
2.393,18.648,26.093,5.279,26.45
10.907,8.337,0.105,22.255,12.485
16.656,3.202,16.76,6.025,2.058
9.471,36.849,22.642,30.588,4.437
0.938,2.873,0.744,0.291,16.62
1.076,22.94,0.937,2.508,2.297
7.12,9.058,6.724,24.929,1.238
5.151,6.44,1.582,11.055,11.302
2.54,26.818,21.373,19.439,1.359
13.681,58.628,28.425,5.403,7.687
0.982,21.901,7.386,1.683,13.382
10.034,7.222,33.152,0.527,4.698
14.267,2.878,0.086,10.42,3.308
12.14,21.774,0.984,6.072,5.738
4.793,0.646,3.326,0.509,3.262
7.157,22.969,10.769,7.439,9.647
1.13,10.527,7.34,10.67,0.528
20.853,1.964,6.59,2.521,4.241
9.464,27.537,17.777,13.317,0.548
1.486,11.896,3.527,23.356,4.39
4.245,1.505,0.322,6.676,8.359
5.85,36.276,1.394,10.407,10.055
1.195,6.595,6.99,39.578,3.341
1.746,7.241,4.702,3.566,18.5
2.829,1.188,0.325,4.465,16.671
3.011,22.084,13.419,14.679,9.967
3.608,15.884,0.222,9.48,7.672
35.121,45.177,9.932,3.703,10.582
16.425,11.314,2.053,15.619,0.775
13.398,9.132,4.001,41.943,10.789
13.414,1.022,40.535,0.443,8.005
1.478,9.639,10.383,6.262,4.553
4.734,42.279,3.172,0.787,0.129
12.142,7.379,26.659,5.519,0.381
25.409,4.625,16.194,3.031,2.797
10.139,22.959,26.498,8.275,18.017
4.94,14.208,4.732,1.679,1.948
16.528,14.842,1.842,7.615,9.155
3.62,6208.396,2.414,2.597,12.031
3.353,9.202,8.366,10.122,11.976
38.464,1.8,17.204,3.811,5.022
20.568,46.74,2.06,10.785,5.501
20.964,2.4,9.968,4.133,8.923
1.715,6.298,4.609,30.333,0.77
0.054,4.283,2.16,1.061,2.563
5.562,27.117,2.562,3.422,14.769
3.287,17.489,4.553,17.049,1.196
8.91,29.537,2.681,13.152,29.52
7.24,68.42,0.46,13.231,0.19
1.554,6.162,7.474,3.074,23.588
8.666,55.692,8.253,17.626,13.104
12.755,41.778,0.673,0.058,15.277
9.51,5.705,0.328,12.906,2.457
1.158,2.371,0.377,9.964,5.472
2.593,3.083,22.39,1.812,0.298
14.784,4.911,14.204,2.727,12.923
5.167,30.508,35.667,5.072,21.429
5.097,3.363,30.47,0.417,5.815
8.12,20.487,3.297,11.425,4.703
6.331,2.32,0.654,16.625,0.947
7.509,10.489,1.52,0.988,2.539
3.409,15.791,2.451,7.987,16.596
5.086,28.917,4.84,1.012,0.741
0.37,11.585,3.335,14.955,0.159
6.606,4.662,2.722,5.17,3.826
4822.23,28.863,5.074,8.452,26.045
2093.034,3.585,3.707,36.542,3.999
4.517,10.08,5.226,0.051,8.693
4.187,33.983,1.181,4.579,25.058
2.415,16.371,3.01,6.178,3.04
3.406,4.593,4.679,3.654,6.279
5.202,65.095,15.466,2.105,2.227
17.779,2.641,11.056,2.679,4.194
4.084,7.212,4.188,16.537,13.334
10.571,3.084,13.476,0.174,3.613
9.929,13.766,43.975,2.683,2.187
11.202,1.992,0.271,7.046,21.679
10.268,22.186,1.322,18.909,1.272
2.556,2.248,18.097,8318.548,8.718
18.501,17.851,5.68,6.622,2.328
9.267,14.563,19.507,12.164,28.462
6.2,9.908,3.095,2.912,8.619
0.528,16.641,4.409,2.834,3.254
19.742,2.461,0.676,28.668,5.855
4.302,9.836,0.509,10.143,30.564
5.216,24.592,13.198,16.423,23.761
9.628,12.548,4.61,8.321,10.218
1.173,9.889,3.392,10.352,11.038
0.112,18.903,0.08,4.157,9.213
7.999,22.487,1.75,22.325,2.631
0.789,14.521,5.233,22.801,11.563
8.172,2.229,20.195,2.162,18.665
13.434,5.54,3.2,18.78,12.477
0.43,0.25,0.502,7.94,0.085
6.143,22.77,5.746,4.099,13.289
18.895,1.024,8.46,5.28,1.979
5.311,19.782,4.014,28.039,6.164
0.211,20.008,1.777,17.204,1.276
1.749,24.696,2.862,10.372,15.353
5.166,9.824,1.086,4.67,1.17
27.485,75.899,9.665,22.47,20.666
10.646,16.511,2.625,32.139,12.212
3.505,11.057,3.038,21.834,23.912
16.385,1.421,9.458,6.177,8.247
1.254,29.842,11.842,11.941,14.997
0.5,8.658,25.317,2.097,13.349
7.467,1.309,52.121,8.333,3.098
13.735,8.028,3.505,8.876,4.695
5.202,17.18,17.032,1.656,16.292
3.387,18.116,10.453,7.213,0.616
16.29,10.583,0.105,6.454,31.055
3.534,35.773,1.324,7.418,18.848
1.359,6.873,5.463,8.316,5.737
0.613,7.231,3.113,14.209,0.28
16.003,1.679,1.732,0.975,1.0
7.648,14.73,2.987,0.781,2.24
2.726,23.571,16.266,0.469,19.668
2.742,7.328,48.257,7.705,2.775
22.838,26.078,1.865,397.293,5.204
29.194,26.95,11.162,38.657,18.668
11.602,19.675,5.913,9.072,18.9
3.942,1.729,0.319,7.057,15.867
6.83,0.927,17.404,7.16,0.735
2.684,8.886,1.701,6.878,34.909
0.62,10.85,3.118,3.098,2.241
0.519,29.957,2.219,27.737,3.212
1.234,4.772,0.873,6.635,16.952
14.691,20.019,1.045,4.522,1.652
4.612,14.394,3.966,4.834,20.167
18.878,11.367,10.903,5.2,6.121
6.174,22.384,39.391,2.236,36.198
2.168,4.885,1.342,41.246,0.478
6.683,13.119,2.331,14.237,0.55
3.963,0.299,23.164,5.589,34.708
16.737,16.104,0.956,33.87,17.369
0.5,16.538,6.216,5.549,11.355
8.824,7.03,11.604,9887.866,4.684
2.213,18.546,8.222,25.732,1.307
0.718,5.095,4.184,1.383,12.9
16.491,13.139,2.06,16.234,2.514
7.13,7.78,0.501,0.79,14.663
13.546,31.912,8.109,4.399,4.571
2.827,21.089,15.749,12.646,3.298
31.72,10.503,0.526,10.1,8.437
6.538,11.148,3.653,1.323,4.947
8.223,3.842,1.824,40.384,9.067
3.809,2.064,23.911,3.02,3.991
4.794,7.772,6.766,16.352,7.821
11.243,7.314,14.616,0.762,0.87
28.495,6.125,17.969,2.755,3.993
3.433,18.927,1.943,4.013,0.365
14.013,2.615,2.96,2.252,2.239
10.437,3.609,0.054,2.286,1.751
8.087,10.147,0.009,1.6,19.532
30.881,5.221,0.518,41.05,4.26
3.893,6.565,4.42,2.491,13.482
0.485,25.078,4.14,7.804,0.606
5.289,6.285,17.884,9980.989,0.716
43.779,10.523,6.261,7.599,2.366
2.695,15.448,18.449,3.389,7.678
8.256,2.277,20.036,4.997,2.359
25.079,43.342,12.757,22.583,24.748
11.018,18.205,5.315,2.979,3.553
0.645,2.016,0.551,2.221,14.643
1.031,20.74,31.704,1.237,8.265
2.594,2.314,5758.748,2.781,7.343
2.211,4.526,2.329,5.916,3.78
5.09,0.497,0.573,0.178,3.744
5.846,10.124,7.63,2122.339,5.275
30.372,1.54,0.829,9.733,5.473
3.951,1.674,2.278,18.531,15.885
12.919,7.374,0.772,2.066,37.835
59.981,0.073,11.372,2.912,0.371
2.862,1.97,0.561,76.787,11.186
0.593,3.895,4.398,4.883,18.72
0.37,7.377,7.39,2.083,5.827
7.517,7.452,2.799,10.25,2.205
1.618,6.037,3.757,28.487,15.733
7.118,11.04,5.693,18.583,4.314
0.758,21.161,2.992,13.887,10.431
8.875,29.896,5.272,1.882,12.974
6.718,12.411,4.063,0.792,8.414
10.07,40.285,6.995,5.693,22.036
7.488,1.522,35.491,2.644,0.125
1.757,8.889,2.171,4.194,3.898
5.543,45.163,9.999,1.066,3.889
15.818,25.154,0.626,24.6,32.604
12.935,10.736,2.623,9.434,10.029
3.774,40.969,8.216,4.788,6.501
1.749,5.393,6.008,3.041,16.68
11.993,0.136,7.906,5.755,8.067
29.108,3.133,11.145,5067.94,2.822
15.232,0.793,0.362,0.632,1.186
3.683,4.587,3.818,23.761,7.463
16.917,1.236,0.251,20.927,2.533
1.169,0.524,20.987,3.012,6.701
3.886,33.653,2.769,15.426,1.312
6.24,3.034,13.044,1.529,2.068
3.362,20.043,2.374,0.747,2.056
15.852,5.69,2.635,34.092,26.379
3.819,16.522,7.033,19.735,11.984
1.243,22.405,9.547,14.178,2.668
0.649,3.234,3.798,22.061,21.234
3.414,0.882,27.95,1.267,0.704
0.75,13.756,18.624,3.394,22.502
34.301,8.954,0.874,2.024,13.773
1.848,6.043,2.659,2.09,8.22
9.385,3.95,0.236,22.869,4.068
29.215,9.286,22.726,0.305,1.723
1.781,9.117,5.101,1.799,3.985
1.046,6.877,6675.288,12.055,14.887
1.981,12.967,7.356,18.351,7.084
18.057,27.258,2.15,9.944,26.611
8.615,22.848,9.884,7.806,6.104
0.643,14.956,4.466,2.571,1.524
1.811,23.429,13.637,0.196,4.623
16.589,17.171,12.917,22.661,33.795
2.071,4.628,1.915,1.738,1.364
1.21,19.045,1.347,1.646,5.4
53.565,5.03,13.47,9.327,7.931
4.532,8.267,3.897,16.216,22.261
18.042,1.821,0.235,28.144,7.042
17.906,14.617,10.207,0.058,5.529
23.331,5.913,22.215,2.475,0.671
1.055,8.267,0.04,1.455,0.777
3.432,9.627,3605.301,20.109,2.514
19.459,2.258,0.443,4.112,5.426
7.057,24.667,16.209,4.289,3.361
17.647,9601.0,1.287,0.733,18.219
7.402,5.079,4.022,10.132,11.674
1.536,17.639,4.088,43.612,12.986
0.582,9.153,19.546,1.202,27.412
9.855,9.722,4.605,30.863,3.29
7.059,6.109,1.386,17.127,6.27
17.217,1.198,25.54,0.237,2.387
13.002,4.243,0.529,13.939,0.263
3.909,5.135,3.498,6.097,14.213
0.019,13.801,11.026,6.391,14.283
4.858,17.092,0.01,8.331,32.575
0.346,5.495,3.997,6.409,3.027
1.722,8.044,0.133,0.771,8.897
0.65,14.893,2.54,0.387,9.372
52.981,2.544,18.669,7.477,12.504
1.935,7.44,5.508,4.9,0.89
4.862,33.907,4.209,7.79,7.229
22.015,0.274,13.545,3.247,2.484
9.536,10.579,2.572,8.319,4.987
5.983,17.584,13.127,2.768,6.256
12.46,7.656,1.439,8394.946,9.329
3.247,11.773,5.144,4.524,1.709
8.979,6.46,2.501,5.771,2.738
0.354,1.251,0.392,20.878,6.927
22.521,8.675,11.726,0.662,0.996
0.059,64.572,19.392,2.444,14.089
15.555,25.527,2.557,45.957,10.882
2.359,26.065,8.291,14.303,19.154
4.865,19.166,3.885,11.561,4.752
3.01,5.234,4.262,1.958,7.674
5.047,8.92,2.594,4.536,1.355
8.967,0.575,0.91,11.254,2.199
24.671,27.814,6.315,11.831,14.953
3.169,4.573,0.285,2.448,2.563
11.875,26.862,16.678,5.7,5.527
0.243,4.541,0.837,29.955,9.063
21.536,6.806,1.921,37.067,15.336
0.433,7.931,5434.675,8.961,12.864
9.613,32.281,7.858,16.882,6.442
11.205,20.623,6.198,13.677,29.231
25.373,6.022,23.437,5.926,3.279
14.306,15.591,6.944,2.155,1.967
13.839,9.335,1.083,8.819,1.926
2.895,15.689,1.396,10.368,7.914
21.462,1.875,3.584,9.12,3.581
0.203,6.016,6.923,1.125,7.517
5.206,19.028,15.69,23.902,2.779
2.902,24.937,9.821,2.795,9.926
6.768,16.906,7.13,0.62,16.642
39.49,2.705,21.26,0.635,2.33
3.258,48.963,3.438,30.38,10.284
10.268,15.828,8781.918,2.106,4.871
17.693,24.619,1.698,7.88,2.336
2.369,12.888,21.68,7.253,39.292
15.519,3.468,0.131,1.697,16.205
32.154,8.724,4.322,3.664,3.029
4.474,40.063,0.199,5.35,8.497
5.549,27.658,7.308,21.574,29.908
10.085,58.02,23.758,20.635,14.798
7.767,4.823,21.875,2.729,2.042
13.107,1.52,6.448,5595.04,13.192
7282.674,1.118,13.66,14.896,4.195
7.523,0.655,2.691,0.079,1.632
28.632,0.474,4.873,0.552,1.502
4.721,12.341,19.243,11.326,21.079
15.903,21.098,3.348,27.268,3.179
12.837,16.529,0.177,32.616,29.553
45.775,2.255,12.825,9.088,4.406
16.443,9.334,1.386,10.044,0.178
7.924,4.593,1.277,22.064,16.414
7.563,15.636,8.022,4.536,5.932
9.113,12.764,7.734,16.239,10.583
12.288,12.777,4.782,22.41,7.714
4.418,1.135,8.84,6.003,13.12
4.926,23.704,2.651,25.913,2.355
29.017,31.305,1.066,7.336,9.534
26.949,4.429,9.003,1.869,2.423
10.359,15.624,3.657,14.203,10.233
3.942,14.256,6.61,6.539,3.541
9.881,20.718,6.668,7.832,1.857
3.005,1.998,31.723,2.373,7.065
2.4,5.638,7.053,1.181,8.651
16.422,6.751,24.986,4.395,2.702
24.194,1.445,0.499,4.628,3.087
4.859,11.41,6.322,34.005,3.457
0.683,5.536,3.813,11.916,12.252
14.749,15.855,0.966,4.37,6.384
3.779,7.476,0.349,12.201,26.285
69.654,4.49,34.078,4.686,26.588
17.976,5.657,1.098,6.06,1.859
9.359,29.819,13.31,4.098,4.047
1.269,9.447,6.117,4.85,4.589
0.201,21.18,4.863,35.383,8.404
6.063,19.913,10.683,6.196,17.656
1.772,14.319,0.478,6.522,0.537
8.017,4.285,6.611,1.171,4.182
4.575,42.684,12.661,10.08,1.5
3.107,19.946,2.355,18.198,0.334
5.644,51.237,0.276,9.35,20.218
14.075,28.692,2.915,2.759,1.078
7.657,13.489,2.75,9.079,1.387
5.522,16.709,0.918,31.53,3.517
18.359,28.348,9.837,10.973,20.047
3.384,1.118,3.149,0.242,2.06
0.729,6.048,5.054,7.985,1.594
4.195,9.809,3.053,4.415,0.9
37.058,2.353,0.839,9.607,1.357
3.438,7.995,8.292,0.904,4.144
6.417,19.989,8.555,0.24,5.235
8.326,22.656,11.666,0.708,7.641
0.552,13.115,6.411,0.155,0.893
25.03,8.882,0.796,9.416,2.924
0.372,23.661,7.986,9.624,11.925
22.965,2.217,0.448,22.636,19.803
7.035,13.842,10.865,27.188,10.154
5.629,34.621,8.579,44.444,11.511
18.661,33.436,4.423,4.563,7.142
29.828,2.711,7189.597,8.126,1.183
5.086,17.252,3.957,26.402,7.501
1.395,3.07,2.312,3.422,3.958
5.063,1179.468,9.548,14.939,23.413
1.994,3.678,1.602,12.863,25.546
7.655,20.105,0.761,8.847,41.808
13.135,1.299,3.545,11.061,6.335
0.222,24.992,2.588,4.957,4.277
10.262,5.975,0.626,5.747,0.67
14.945,15.967,4.828,6.316,0.866
2.629,12.361,0.467,6.368,2.088
15.685,36.075,5.854,15.95,4.431
1.34,15.951,0.36,1.665,26.308
0.754,5.808,0.848,8.911,12.257
5.797,13.175,15.067,9.97,27.222
4.059,3.007,44.97,13.05,1.118
9.736,6.766,22.859,2.121,1.325
5.124,10.497,9.525,51.22,5.993
12.222,36.379,5.125,11.833,8.41
7.017,5.706,2.069,9.1,3.67
22.655,0.099,1.422,0.527,1.147
3.552,2.711,0.367,15.572,3.954
18.217,39.509,0.896,1.963,19.075
20.701,30.577,0.741,0.384,4.364
1.203,11.283,0.212,45.465,6.693
18.968,0.338,15.922,4.942,4.94
9.313,18.616,4.513,3.616,4.013
0.231,24.136,5.307,10.523,1.237
4.101,2.057,16.142,5.024,0.281
10.228,6.611,1.24,12.576,2.768
2.057,3.154,6.272,17.042,21.116
28.895,2.634,7.265,1.854,3.549
1.037,218.948,12.47,1.146,0.889
7.779,14.21,0.369,8.921,8.669
1.023,8.865,10.721,2.993,4.817
25.222,33.244,13.645,5.864,4.047
5.682,0.473,4.59,26.438,22.86
3.265,13.037,6.444,29.436,7.97
6.647,10.948,1.369,14.081,0.639
15.549,29.385,0.081,4.42,41.137
0.007,3.972,1.06,8.434,2.757
21.993,0.71,4.386,11.129,5.918
7.869,21.71,7.422,1.099,20.368
2.914,10.81,1.388,11.089,3.259
0.473,16.07,3.471,7.86,17.55
2.483,17.365,12.223,2.843,2.307
15.024,0.935,0.434,1.184,5.562
15.111,9.914,0.787,15.733,2.682
16.081,21.697,3.173,15.815,5.49
4.107,19.808,0.671,24.226,5.811
4.901,12.728,1.224,10.205,11.994
7.279,25.568,3.89,11.793,7.853
1.288,8.482,6.74,8.319,17.805
11.436,16.501,6.215,5632.926,14.521
13.782,9.454,1.29,11.495,3.423
9.843,0.145,0.555,7.854,0.542
1.769,10.813,4.563,15.353,7.126
26.069,0.228,1.423,19.021,3.446
8.641,35.626,7.694,1.17,1.49
0.751,13.722,1.068,13.605,12.892
0.7,10.298,10.024,1.497,14.983
20.82,10.551,0.464,14.166,12.877
26.536,32.531,5.28,2.997,9.433
15.305,6.956,0.03,6.197,7.697
2.595,1.612,0.943,11.6,30.802
7.7,13.288,5.016,7.174,5.598
5.32,20.312,1.614,41.612,30.994
3.74,1.138,2.442,7.319,7.475
1.273,2.816,5090.832,9.217,18.36
5.796,14.901,10.66,33.508,6.701
17.783,2.413,0.968,1.809,15.538
14.124,30.198,4.212,18.99,13.274
1.749,77.734,7.648,975.967,27.282
16.025,6.753,1200.196,0.159,10.524
2.95,0.673,2.084,7.253,8.159
6.498,2.877,32.722,7.255,3.327
2.143,2.416,2.515,10.517,15.398
7.824,13.721,6.622,2.401,6.289
1.831,7.99,2332.236,2.25,7.112
7.548,20.302,0.746,3.442,21.192
19.151,34.154,5.343,5.402,9.127
0.414,10.688,6.299,10.646,0.224
0.34,44.423,4.523,2.154,3.769
2.276,1.04,0.078,19.337,19.76
6.057,8.522,2.926,29.674,0.017
2.643,2.528,5.658,13.761,23.251
1.03,3.273,47.851,12.728,4.865
26.08,3.37,12.252,10.506,9.516
1.978,14.478,14.475,0.649,9.894
5.674,1.135,0.428,34.071,12.919
4.868,19.002,8.777,1.411,8.837
6.731,22.83,20.987,1.232,8.187
2.227,16.702,9.912,4812.432,3.991
9.989,0.35,8.96,2.425,0.54
0.992,11.824,10.461,3.196,10.346
2.741,13.427,4.153,1.265,31.13
22.969,3.28,22.185,4.759,6.898
4.294,23.603,2.617,2.364,1.243
1.859,5372.372,0.82,15.355,4.998
2.546,0.633,794.759,2.18,16.019
5.885,3.916,1.881,36.688,0.895
9.977,23.091,7.311,15.812,23.877
1.732,10.084,1.48,9.821,6.05
2.296,10.021,0.151,10.761,0.596
10.137,13.789,9.423,7.245,18.679
1.646,12.281,8.747,9.087,9.091
2.836,5.526,8.946,6.152,10.12
3.564,3.329,1.012,2.75,30.402
3.368,14.274,4.937,13.309,12.947
0.058,25.578,7.821,15.449,8.016
12.753,16.689,3.729,18.126,1.407
3.301,0.27,8.597,0.157,1.472
6.671,10.217,7.276,31.275,0.991
7.255,46.604,0.769,10.929,3.698
0.507,28.305,2.864,7.94,7.804
30.707,0.953,4.996,3.835,0.298
0.774,0.281,0.118,9.344,3.407
5.356,2.825,0.672,11.467,4.199
3.426,7.726,5.364,18.945,2.927
6.634,0.183,0.541,0.333,8.112
5.893,11.707,10.916,24.566,23.987
4.697,38.556,1.203,16.667,12.353
1.592,10.966,8.028,7.369,10.466
7.007,29.74,9.246,2.872,22.888
6.367,6.612,2.515,56.129,3.225
16.863,29.943,8.448,14.857,18.327
2.522,10.553,14.87,2.676,13.228
5.269,5.556,2.565,14.27,8.03
7.567,6.763,0.029,6.408,5.637
0.474,1.228,38.006,2.017,3.142
8.725,31.848,13.697,10.041,4.716
3.734,0.047,4.854,1.34,5.62
7.352,9.04,6.141,5.897,5.39
3.385,24.582,21.654,11.999,37.301
9.829,4.264,52.759,18.987,2.202
1.344,45.616,0.717,16.612,1.407
6.188,1.601,2.511,14.533,13.517
3.506,4.573,7.215,11.957,16.273
10.992,7.416,2.092,4.641,2.602
1.631,13.135,1.129,6.647,11.484
18.073,4.523,6.533,0.778,2.02
5.02,24.482,8.041,17.319,1.848
22.912,0.409,10.146,3.933,4.812
21.284,4.354,11.495,4.47,0.462
9.767,12.772,3.939,10.99,6.788
12.55,22.307,2.199,38.38,5.686
10.257,22.03,10.36,17.271,6.557
16.405,28.14,7.567,3.787,0.623
0.176,24.768,5.154,7.526,12.683
7.214,12.439,0.722,3.241,22.363
5.142,1.674,0.232,17.745,30.911
5.686,2.487,0.152,12.452,0.362
25.285,4.863,8.578,2.966,5.632
6.291,13.637,3.586,1.011,6.628
5.439,8.915,4.861,1.054,7.405
0.459,13.191,0.247,6.797,7.963
2.626,66.51,5.574,16.267,1.888
2.875,2.768,2.559,11.849,5.24
5.518,6.794,3.187,6.304,12.341
2.632,2.862,0.293,11.222,4.819
4.016,18.227,13.625,15.203,4.754
19.224,11.525,10.833,5.761,7.973
32.413,6.985,8.805,4.594,2.883
21.894,5.295,3.876,3.401,1.304
2.095,0.193,0.116,1.939,13.363
11.782,3.853,25.531,1.331,2.97
33.211,2.39,13.552,1.417,9.082
27.605,14.801,0.011,7.662,3.206
5.323,1.394,0.437,9.758,3.695
4.991,28.806,22.309,0.288,26.538
2.155,24.141,2.546,19.795,15.991
1.983,10.242,0.905,0.84,5.017
12.622,4.591,28.743,2.387,5.062
0.409,10.486,9.271,8.059,8.075
0.814,13.833,0.773,1.046,0.42
3.241,17.66,15.001,22.177,1.242
22.391,3.064,9.601,4.5,0.438
11.557,13.044,6.123,17.856,6.675
4.18,4.671,3.794,4.987,6.363
33.66,7.371,13.624,0.782,2.337
9.623,12.49,3.679,22.985,18.226
2.575,4.858,6.253,7.286,24.489
16.731,5.428,15.198,1.119,10.035
13.835,15.423,0.926,18.648,28.031
0.894,4.558,0.827,3.612,13.004
33.111,1.192,15.32,10.206,4.36
14.599,3.219,35.774,2.397,3.375
1.964,3.041,51.486,15.133,6.15
5.028,11.725,18.118,11.782,25.124
8.834,0.378,19.303,1.088,7.999
1.607,11.714,2.642,53.705,15.399
1.731,14.038,6.677,0.126,19.81
29.585,0.544,5.49,11.171,3.057
9.889,20.337,2.08,12.422,3.639
8.098,10.297,4.835,3.635,13.529
4.047,15.0,11.773,7.285,13.801
7.438,13.2,16.573,7.625,19.088
2.528,11.628,5.663,13.721,26.513
7.578,3.743,55.984,20.295,0.991
4.37,7.792,0.99,6.222,30.562
2.527,12.268,2.394,44.975,22.727
0.53,2.583,0.942,9.268,8.704
34.154,5063.884,8.539,2.001,19.477
1.366,11.894,0.004,17.669,0.577
8.47,5.157,0.618,6.326,2.464
8.163,13.257,2.599,22.793,12.919
2.778,9.824,2.975,8.105,6.3
6.306,8.892,1.521,50.418,2.02
17.028,17.913,0.829,6.139,7.833
9.411,18.157,12.294,2.505,32.104
4.617,6.724,1.305,4.503,6.471
51.2,6840.89,29.307,40.711,6.387
6.292,23.769,0.9,9.988,3.233
0.177,12.954,3.278,3.057,41.57
7.685,16.24,7.409,18.072,5.9
2.229,2.555,2.079,7.551,3.989
0.068,8.682,2.777,3.648,3.626
22.867,1.233,0.28,3.713,16.962
4.761,7.46,3.589,42.892,17.455
19.327,3.318,16.379,6.299,0.868
5.296,19.276,1.518,0.474,3.429
2.859,3.838,4.898,4.942,9.884
0.702,8.673,1.199,11.627,1.36
6.99,10.264,8.082,13.054,22.45
18.631,13.954,0.968,0.114,1.152
1.845,2.3,47.195,5.26,3.699
34.454,0.981,2.59,4.518,0.856
0.473,0.396,0.237,12.021,3.27
38.334,6.519,4.209,5.305,3.596
17.252,0.75,21.436,3.981,6.088
2.571,8.312,16.642,8.037,18.691
3.295,14.984,11.237,48.927,2.104
7.347,30.705,19.571,13.729,30.797
1707.337,0.208,0.613,13.405,5.149
2.4,12.821,8.113,0.197,8.448
1.14,3.176,0.187,10.117,4.113
1.141,26.508,16.83,4.445,1.247
1.261,18.884,16.889,35.397,13.849
5.462,12.74,7.716,1.014,20.945
2.378,8.23,3.421,3.416,3.937
9.498,25.041,0.641,13.762,14.447
3.322,42.379,13.311,15.86,1.507
8.212,11.007,0.446,1.225,15.094
2.856,26.292,6.771,34.658,3.723
26.49,5.743,6.199,3.361,3.545
14.957,10.87,8.046,4.038,4.027
7.477,3.148,12.88,2336.231,11.756
10.58,6.076,5.274,10.179,7.766
7.393,19.269,16.226,16.514,33.247
2.156,2.643,0.342,1.653,0.116
7.139,14.76,1.417,13.365,13.101
4.28,11.18,4.358,7.893,0.42
27.026,3.348,12.82,4.092,0.675
5.896,13.095,6.968,24.068,3.951
1.716,17.572,20.183,0.192,27.805
0.453,1.076,0.106,4.023,2.563
7.09,10.913,2.33,42.22,30.199
3.323,11.166,2006.37,5.081,6.048
11.242,9.557,35.523,1.866,2.564
13.645,1.568,0.014,11.994,7.42
3.822,8.105,0.586,7.738,11.17
21.176,15.23,0.968,4.007,0.067
27.522,44.025,1.343,2.791,9.83
6.063,0.102,1.067,13.085,20.26
12.508,0.699,5.211,5.77,5.21
6.802,11.514,3.602,3.673,5.873
3.813,31.581,12.976,10.145,10.812
10.437,15.824,4.538,11.87,16.704
0.313,3.594,0.254,5.226,26.247
3.666,17.468,13.47,0.073,20.578
0.446,6.96,5.737,0.403,6.163
15.083,6.893,0.278,1.361,1.939
0.319,5.576,1.295,8.485,4.797
13.444,2.903,0.593,26.839,7.243
8.566,13.225,3.526,3.966,5.352
13.121,18.693,6.815,9.737,7.952
3.063,19.216,3.046,12.821,4.074
13.987,2.881,3.178,8.463,4.229
30.558,1.621,3.566,8.792,0.201
2.201,4.912,6.788,0.971,10.993
9.107,6.123,0.324,8.775,8.859
1.064,0.004,1.367,5.773,6.338
9.827,6.762,0.787,15.937,3.528
3.94,7.655,4.77,32.45,6.302
2.515,49.698,0.072,30.253,0.514
11.753,26.444,6.172,10.027,0.809
7.083,14.734,8.771,4.86,15.747
7.487,0.689,11.073,5.469,13.168
1.946,11.535,5.665,1.962,7.832
6.593,15.348,7.27,12.57,1.016
33.239,2.315,13.1,3.078,4.454
16.8,12.636,2.303,30.038,4.215
4.455,13.951,9.352,4.143,11.183
5.008,34.081,1.538,5.284,3.355
4.198,12.27,2.301,8.557,19.656
0.448,12.917,3.777,6.645,4.785
7.101,10.849,6.211,2.983,4.882
16.645,14.465,0.97,33.931,14.4
1.349,9.539,3.711,5.104,6.768
2.963,11.294,2.311,9.305,0.896
17.962,11.615,19.97,1.984,0.825
5.85,29.727,23.226,41.047,10.905
23.912,0.605,31.7,3.76,1.814
4.509,22.408,19.295,8.078,9.329
2.009,16.545,4.513,11.693,12.794
6.137,22.582,7.974,5.988,0.392
2.34,13.323,8.121,29.991,2.217
11.051,23.231,10.107,3.996,24.92
3.831,4.585,1.043,8.485,27.332
2.034,16.106,5.436,6.326,0.028
6.818,6.16,0.89,9.636,10.205
10.911,4.632,0.709,22.232,16.747
0.759,18.664,8583.0,4.768,9.508
4.446,21.027,3.787,49.15,1.99
3.295,41.495,27.301,6.06,10.545
9.623,21.452,6.555,7.227,6.652
3.684,20.997,16.788,0.819,26.392
5.884,6.276,12.08,9768.189,7.601
3.869,2.744,5319.776,12.367,2.618
0.721,12.889,2.342,25.939,3.731
3.977,12.333,1564.402,1.286,12.483
2.623,29.774,1.576,0.038,2.227
8299.846,31.028,1.126,18.664,1.264
10.729,22.42,7.432,2.882,11.593
14.218,13.236,0.524,0.865,1.438
8.772,13.092,0.867,5.409,11.45
3.249,13.392,4.632,17.06,1.987
18.732,17.942,3.925,8.57,2.381
12.26,13.443,3272.337,1.152,29.609
2.542,37.036,8.303,9.07,7.019
36.134,16.039,0.631,0.245,0.392
5.67,0.334,1.892,0.528,0.754
6.498,31.333,14.168,12.39,0.058
8.111,4.407,5123.268,1.108,4.483
1.931,2.706,1.649,1.133,1.038
11.035,11.348,8.033,11.66,11.177
1.401,10.586,11.077,15.795,8.69
11.573,18.279,0.958,8.396,8.883
1.274,627.651,14.52,8.145,6.573
0.904,7.709,12.177,0.994,4.265
5.653,2.35,0.038,4.8,20.668
12.591,23.698,4.825,6.55,21.468
9.705,19.021,2.382,4.912,0.65
0.285,15.019,8.92,2.065,10.354
12.378,3.766,3.169,4.54,3.036
20.363,19.834,4.643,23.502,25.976
3.332,11.452,2.707,5.103,4.235
3.173,1.852,15.607,0.268,3.227
9.976,4.145,3.735,3.659,3.419
3.677,6.275,4.132,4.101,13.769
0.133,5.333,0.896,1.74,0.909
12.069,9.212,3.75,9.909,12.339
7.707,1.036,5.67,5.331,7.495
26.169,0.255,7.271,9.564,6.74
8.429,10.657,0.909,6.644,11.654
5.955,7.152,1.297,4.596,6.624
42.03,50.135,4.989,11.614,14.977
26.549,8.705,3.5,8.809,2.517
17.969,3.02,18.0,10.439,18.726
5.689,10.434,1.512,11.478,10.083
15.495,0.293,1.982,4.148,1.357
6.516,26.025,9.823,6.199,6.702
32.921,15.639,2.706,30.741,2.171
4.926,16.253,1.897,14.855,0.933
16.101,18.42,2.744,11.97,3.028
5.036,14.521,3.978,14.873,3.825
37.856,10.495,0.472,9.883,26.841
0.521,11.216,2.199,36.605,6.866
0.094,47.068,4.139,2.973,24.885
3.823,21.155,9.734,17.793,16.69
0.835,0.21,0.816,11.248,7.045
0.301,8.914,6.536,18.994,10.314
39.987,13.032,31.936,5.76,1.249
3.095,12.964,6.687,1.005,11.31
2.694,22.938,32.89,2.014,18.179
4.492,9.718,2.062,18.9,13.861
0.288,48.387,9.727,18.477,8.832
27.42,1.018,3.565,9.272,0.604
1.76,6.771,1.849,19.659,8.416
2.218,16.129,6.11,5.429,11.55
9.68,31.789,1.943,10.072,7.502
5.909,38.55,14.27,14.366,8.175
10.563,9.417,4.424,12.471,3.095
0.107,13.988,13.224,22.718,5.732
6.649,11.455,6.224,8749.284,4.937
29.461,2.67,12.902,2.937,0.493
1.334,7684.672,11.528,14.068,0.479
6.008,13.131,2.972,11.425,2.181
4.8,2.803,0.028,36.472,3.31
2.257,4.944,55.845,10.617,0.683
3.349,11.173,4.332,1.051,5.334
19.909,10.966,5.592,1.513,1.69
16.395,26.177,5.893,4.285,10.978
14.945,40.548,1.31,3.347,5.421
1.022,22.613,14.522,0.469,0.602
25.461,1.43,2.86,3.516,2.991
8.65,10.371,0.399,4.756,20.401
4.215,15.353,4.947,5.038,7.028
0.307,12.525,3.16,1.975,0.31
24.585,58.755,12.886,11.323,2.444
0.477,27.864,2.229,6.254,48.204
12.267,27.699,6.892,3.684,3.281
15.842,13.645,4.635,26.299,23.311
3.508,27.411,20.542,0.137,3.987
1.197,46.196,7.885,5.528,0.328
13.758,0.824,7.592,4.087,0.032
2.208,4.856,1.581,6.925,8.03
3.047,6.803,5.964,13.711,5.447
1.91,7.829,1.474,8.173,3.735
3.597,44.765,0.064,7.623,18.045
6.241,20.178,7.811,12.807,26.869
29.768,3.886,2.538,7.82,2.604
38.989,0.255,3.703,22.211,3.197
0.019,10.595,5.118,3.122,5.416
3.164,0.167,1.417,21.643,17.271
13.193,18.597,7.451,21.31,3.282
16.836,4.258,5.907,5.1,6.147
4.546,13.082,0.946,6.152,34.198
28.182,45.98,5.121,6.953,21.851
4.798,11.829,6.796,10.467,21.781
26.187,14.575,0.883,0.351,13.432
4.687,18.035,11.104,4.819,3.341
7.832,3.004,0.901,0.143,5.426
12.802,7.895,0.643,9.89,1.218
14.381,2.769,1825.317,9.238,0.217
19.353,0.023,40.794,13.833,8.113
1.916,1.543,0.226,7.477,0.528
0.024,0.574,25.186,8.691,2.28
3.884,13.268,2.22,10.673,23.831
4.228,27.88,2.434,3.738,41.376
0.379,1.902,1.966,9.804,7.928
25.608,52.543,9.487,19.029,3.041
8.969,5.697,7.197,41.117,35.966
4.99,28.462,15.216,37.791,0.973
15.418,29.249,3.523,7.325,8.497
7.955,8.528,6.742,6.349,13.714
2.736,15.037,9.502,8.923,2.921
13.877,5.049,22.525,1.013,2.515
0.242,18.427,2.011,13.338,5.958
15.211,2.203,15.789,4.242,0.837
3.639,16.004,0.153,12.449,1.578
1.121,11.806,7.982,2.921,9.39
6.462,11.02,8.982,15.293,14.668
0.947,29.831,28.02,5.712,10.893
1.287,54.445,8.976,0.913,5.646
15.426,21.937,4.406,1.926,13.483
1.594,22.849,21.261,2.182,9.08
3.079,29.781,15.374,41.139,0.46
9.613,12.322,2.599,4.234,5.986
2.674,10.281,5.238,1.493,27.246
7.32,14.147,12.306,1.845,16.794
1.354,7.949,3.406,1.145,1.326
7.393,14.547,0.357,2.061,28.571
3.245,38.383,9.05,30.243,12.085
23.852,42.003,4.128,1.505,7.342
1.749,5.075,3.879,10.119,11.688
4.86,9.236,0.185,11.65,2.955
1.575,9.994,6.288,25.719,4.404
6.457,2.648,0.368,17.009,3.361
4.106,44.141,15.756,21.497,11.613
4.154,0.846,0.954,1.795,8.588
0.735,12.475,15.01,3.519,22.072
0.994,22.368,2.805,25.896,9.917
12.058,0.926,15.502,5.023,0.469
1.799,10.711,1.813,3.592,20.67
1.052,36.997,18.366,10.593,7.764
9.547,16.03,8.396,9.258,1.336
7.659,0.813,0.038,0.708,4.758
15.888,19.585,9.803,20.41,52.098
4.422,32.864,7.988,50.963,11.748
10.84,9.915,3.156,18.57,3.953
24.108,4.42,44.413,13.815,0.898
6.105,29.055,1.024,5.385,52.338
7.505,6.543,0.709,0.876,5.054
3.813,19.87,6.469,17.207,9.833
1.456,2.048,48.017,6.667,12.118
3.137,22.031,1.977,9.326,38.224
10.36,0.695,0.077,4.789,13.489
20.054,12.591,25.744,0.83,0.639
0.193,9.285,4.054,2504.184,5.428
12.676,4.961,1.072,0.421,7.935
0.533,37.936,0.741,2.776,2.072
0.291,0.545,2.175,6.622,15.471
4.327,6.468,1.116,0.299,7.679
0.302,9.017,1.11,0.434,2.257
4.099,6.157,0.453,3.822,20.606
1.739,15.817,2.645,15.787,1.376
2.54,7.042,1.572,1.16,8.63
10.092,13.934,2.192,15.487,22.213
3.797,14.459,1.869,3.802,4.125
34.529,9.344,6.608,2.037,0.224
0.738,3.664,0.094,30.572,4.428
2.208,40.418,19.578,12.095,0.129
28.292,0.752,0.584,0.11,1.231
2.777,10.768,1.501,7.821,7.348
2.391,36.534,9.235,3.875,12.438
2.413,21.964,11.328,4.733,7.627
2.0,4.919,1.806,10.928,8.844
5.311,17.113,1.38,4.52,4.394
5.174,11.435,10.129,56.252,1.486
0.321,19.645,23.124,3.15,4.482
1.374,9.813,3.739,7.973,2.992
2.54,3.075,2.007,8.446,1.388
3.904,8.271,2.781,4.563,11.686
1.627,14.983,69.928,6.23,0.804
0.865,10.228,0.509,12.482,4.121
23.108,11.921,14.82,0.331,2.276
2.807,5.946,0.025,13.503,1.211
1.865,4.865,40.31,2.386,2.967
39.516,12.302,0.875,0.691,13.996
1.218,24.735,0.447,17.886,6.363
4.398,7.51,5.238,14.195,5.519
5.505,17.002,1.724,5.626,0.721
6.833,25.146,3.119,2.813,7.603
4.104,12.296,1.471,10.253,3.839
14.972,1.935,2.975,1.344,0.805
9.402,13.225,9.048,26.886,8.103
4.888,6.508,8.52,5.658,11.019
9524.614,6.045,15.255,2.245,7.461
16.322,3.385,27.22,7309.505,1.157
7.497,2.318,1.02,0.964,6.72
3.003,2.836,1.835,7.353,1.112
1.365,13.941,2.314,8.909,7.761
2.473,23.375,8.206,3.428,5.349
0.371,42.231,24.668,3.323,0.87
3.463,8.336,1.781,2.294,3.764
7.092,2.473,0.884,8.251,15.071
11.96,8.11,23.672,1.651,0.927
3449.924,13.644,24.525,17.331,0.746
11.086,9.779,7.444,13.732,11.442
5.883,13.656,5.013,7.826,0.877
5.648,4.221,0.819,0.393,4.299
4.381,42.613,2.637,13.835,6.2
26.382,4.842,9.805,6.193,0.615
6.592,21.031,0.183,2.808,18.988
22.941,3.065,33.832,0.721,11.416
37.455,0.874,11.588,12.146,1.605
15.384,0.299,2.398,0.079,1.291
2.854,12.759,18.907,2.111,33.46
8.672,21.85,10.951,0.857,4.734
2671.526,8.496,5.857,0.711,29.958
1.199,37.837,17.777,0.812,5.072
1.323,0.619,29.406,1.283,0.658
99.784,2.347,6.289,7.732,9.645
0.759,18.108,9.826,19.329,6.161
14.151,9.894,0.446,22.406,1.705
0.078,41.945,11.979,10.111,6.766
22.682,10.685,5.891,5.961,4.078
8.649,9.4,0.1,6.974,2.019
0.115,12.8,14.133,6.005,23.779
4.684,21.437,0.401,19.957,1.001
0.568,48.037,3.487,5.761,3.698
7.96,9.735,2.884,22.896,20.802
0.914,30.393,1.344,1.869,13.973
0.145,38.962,8.511,16.236,0.903
16.48,8.617,0.047,2.774,17.463
11.37,8.946,0.965,1.051,8.703
0.534,15.118,3.946,11.698,4.525
1.75,6.381,0.779,3.038,13.156
3.582,24.552,4.781,3.784,27.846
25.43,0.611,1.496,15.479,3.3
1.247,15.423,11.833,27.687,3.161
19.835,5.336,9.812,3.156,4.941
4.58,0.692,12.091,3.402,14.001
3.055,21.107,6.153,16.629,4.689
3.464,7.53,51.475,0.799,4.629
0.566,25.915,5.456,3.482,34.153
6.825,9.997,4.353,2.561,2.71
3.345,39.096,0.003,9.673,2.371
8.718,2.431,11.192,5.963,13.149
6.92,22.216,7.924,10.224,6.281
3.027,10.373,6.681,11.97,5.338
7.146,14.837,2.271,3.232,2.82
8.111,4.698,2.264,10.048,9.917
29.985,31.993,20.188,16.382,33.15
25.019,5.604,14.692,0.845,8.224
6.75,29.275,8.688,7.56,3.764
10.876,4.275,5.517,16.782,12.721
0.083,15.27,5.563,9.294,33.481
3.134,12.116,2.537,3.15,2.645
1.616,22.937,8.073,0.844,3.412
6.503,2.4,1.284,16.603,12.102
3.828,26.629,6.829,0.867,0.316
4.124,44.916,9.991,5.671,17.828
0.142,2.283,1.353,7.645,1.253
6.731,5.317,3.006,15.305,0.286
8.332,16.787,6.813,5.061,2.127
10.082,7.48,0.963,23.451,1.546
2.069,12.2,1.879,12.051,0.363
8.043,33.011,5.207,6.664,12.108
26.843,16.699,0.025,8.609,2.582
7.73,17.949,14.97,19.667,10.021
11.855,14.385,0.25,16.579,1.509
5.947,0.286,16.581,1.778,4.802
5.52,26.872,13.455,26.48,22.457
15.446,21.854,6.519,11.566,8.811
11.528,12.18,16.141,0.621,9.127
0.418,6.03,10.531,4.131,21.793
0.798,25.62,5.56,16.745,3.465
0.846,25.292,4.82,1.015,12.211
5.77,0.386,9.272,2.667,2.01
0.749,53.771,14.288,21.857,3.148
2.226,7.904,5.769,7.164,29.607
4.739,11.631,12.926,8.737,17.216
11.388,16.149,7.146,3.654,6.34
14.738,1.108,16.755,12.263,21.707
5.38,23.222,4.438,3.446,18.151
2.515,10.831,3.037,19.757,5.494
3.826,15.78,1.884,3.7,0.823
6.287,23.355,5.145,4.889,3.195
4.627,19.894,4.652,39.864,1.557
0.5,7.48,6.384,26.598,3.413
1.374,8.97,14.383,4.119,25.029
5.936,13.531,2.495,12.317,0.958
5.321,8.906,0.064,0.193,1.312
0.314,18.232,1.989,2.624,8.538
4.429,13.566,0.192,1.522,20.669
12.368,23.496,2.613,15.32,0.899
7.188,18.884,2.216,3.715,4.462
3.992,24.876,9.385,25.014,5.321
20.268,23.791,3.57,2.276,5.469
7.696,7.06,59.574,2.385,3.495
8.471,0.314,18.418,2.315,2.655
0.666,18.409,14.289,31.056,1.778
42.173,1.26,2.286,3.775,2.6
6.961,16.422,7.849,2.279,11.886
8.337,12.131,3.087,9.268,9.204
3.03,0.905,14.94,1.161,3.161
11.306,16.822,13.495,3.776,21.488
3.289,5.595,3.442,27.065,1.648
11.197,1.588,12.48,8.546,15.734
3.563,34.939,7.093,3.463,15.381
10.854,20.423,8.583,11.144,8.548
0.956,17.712,0.126,27.81,16.707
10.197,28.741,1.39,1.519,1.189
4.307,10.643,9.357,5.517,5.183
19.362,48.602,10.074,2.108,10.993
18.627,6.601,0.744,10.567,4.504
4.702,5.539,0.706,0.851,17.843
0.724,3.698,0.785,12.055,11.892
2.045,12.641,8.583,13.599,40.241
1.037,48.279,0.427,9.5,2.656
9.693,17.975,1.956,0.122,18.07
0.809,39.274,4.664,7.737,8.204
5.574,1.13,5.838,0.35,1.833
2.211,23.04,5.132,3.992,4.913
8.886,11.523,1.841,5.215,3.302
4.599,18.714,4.147,21.011,13.671
2.639,32.632,7.199,9.529,27.871
9.945,36.451,11.547,3.987,45.1
6.77,14.222,5.574,10.775,2.814
5.368,25.727,0.627,6.147,2.674
11.609,0.262,0.022,46.341,6.547
10.675,20.98,7.948,7.753,8.823
20.533,6.157,0.78,3.715,10.515
10.896,14.059,0.179,22.301,3.076
6.962,14.55,8.97,1.328,13.685
0.046,8.373,0.031,0.193,1.796
7.878,0.645,17.008,0.17,5.51
8.411,24.646,11.06,4.044,29.134
0.758,2.14,1.95,9.138,2.7
27.264,5.092,4.947,4.619,4.615
3.091,14.134,0.425,30.109,18.065
30.002,9.903,0.968,7.347,3.731
21.701,36.128,1.287,17.796,0.397
13.945,14.199,1.699,3.598,6.334
3.111,11.119,14.333,1082.516,5.723
0.316,0.305,0.256,7.973,25.487
5.03,7.753,2.194,5.295,5.969
1.617,5.81,2.545,12.69,7.409
23.67,3.128,0.338,30.589,3.709
13.865,12.461,4.611,14.598,19.945
10.841,20.538,1.065,33.032,13.792
5.266,15.107,15.556,0.633,5.87
24.405,24.147,2.852,32.17,48.347
13.262,31.169,6.642,6.87,9.246
4.639,9.652,0.723,12.348,6.716
25.627,6.07,11.943,4.458,2.178
1.703,21.322,21.919,2.637,18.275
3.644,47.15,10.573,11.898,2.615
3.617,18.587,23.847,2.085,7.874
8.843,2.674,2.703,1.745,1.234
14.633,19.873,8.842,4811.155,7.348
18.114,3.132,11.655,8880.95,4.651
4.068,20.33,0.85,0.562,30.2
8.162,11.9,0.969,1.739,6.978
0.416,5.452,13.402,3.28,15.861
0.36,13.194,8.715,11.836,6.239
9.191,10.566,3.523,11.405,6.604
0.474,9.845,10.48,4.897,20.922
6.877,11.202,0.299,2.206,3.721
22.849,7.423,15.923,5.549,15.094
4.425,18.974,10.264,8.5,14.019
2.782,7.665,6.62,4.645,11.906
12.661,7.574,25.048,1.417,1.584
22.346,7.551,0.363,4.513,3.834
13.885,33.613,13.179,25.28,2.167
1771.017,7.088,1.63,2.396,16.945
38.205,7.2,5.882,5.249,1.445
0.601,26.434,1.331,15.713,3.763
7.692,35.574,11.911,6.954,8.161
0.74,2.927,0.99,23.651,11.554
28.144,2.208,11.072,13.912,13.897
11.734,33.74,15.365,48.112,3.995
6.351,25.674,2.856,6.146,17.178
2.079,30.651,1.188,13.998,1.294
13.556,14.433,2.538,4.811,12.235
0.974,1.983,1.367,9.798,22.693
3.518,0.789,0.445,2454.634,2.184
2.147,23.667,9.696,4.489,8.223
8.577,10.091,6.445,4.461,5.072
7.687,0.377,25.946,0.994,24.872
7.057,33.492,9.873,2.857,2.271
0.385,5.954,1.31,8.24,0.771
19.275,2.224,1.637,3.22,1.531
22.516,6.536,0.887,3.026,33.622
20.975,2.443,13.105,1.731,6.55
5.59,22.604,0.677,7.369,9.698
7.653,18.616,13.313,27.149,15.4
20.297,3.721,4.054,18.877,8.103
5.337,12.851,8.601,1.847,3.299
30.104,1.197,1.061,1.165,4.478
13.682,17.11,5.697,19.402,9.738
3.733,45.662,4.639,16.406,22.579
1.732,0.268,47.263,11.927,14.073
8.497,1.584,0.486,20.294,6.511
10.188,16.947,13.148,2.9,6.416
1.594,2.875,3.14,17.432,14.48
11.555,22.555,23.947,5.201,17.621
5.99,17.151,3.894,10.572,10.218
42.013,15.189,22.69,1.85,9.73
1.22,10.437,3.078,8.554,3.002
0.982,31.676,22.616,4.759,24.867
1.832,12.013,16.963,1.949,27.051
12.554,8.367,0.737,33.227,2.554
0.227,11.24,0.423,2.974,1.066
0.815,39.15,30.585,0.576,21.516
1.011,14.999,1.604,1.447,10.248
2.227,0.858,22.782,0.603,6.587
4.415,46.499,44.792,5.144,12.639
5.661,0.68,4.361,0.858,1.487
4.233,13.725,2.37,39.231,2.466
0.585,31.441,2.128,1.386,7.592
3.682,10.289,3.572,11.445,18.784
11.058,15.246,17.452,12.047,28.402
0.807,14.176,3.512,3.351,0.244
6.767,45.946,3.481,18.09,28.716
11.192,6.66,4.415,46.896,1.53
6.555,28.173,12.696,5.816,4.192
33.446,3.7,0.304,4.8,5.739
7.124,19.741,2.842,3.464,3.873
8.271,14.532,14.002,7.847,9.422
0.968,10.829,7.275,30.068,6.991
1.55,6.244,5.632,17.151,4.054
1.725,4.971,3.053,28.293,0.974
21.824,21.401,1.756,9.951,0.849
10.883,8.462,52.379,10.73,1.488
2.976,6.604,0.714,0.963,24.379
4.368,13.697,3.404,8.876,5.542
3.41,1.408,34.042,3.918,2.43
11.911,22.231,25.45,6.049,40.828
4.788,5.482,3.009,5.586,9.916
5.63,11.669,5.023,4.432,2.195
14.639,33.734,1.191,5.906,6.872
12.126,1.421,17.668,2.872,0.589
0.129,17.801,5.117,16.062,0.42
0.534,8.001,3.478,6.7,0.364
4.217,3.326,1.528,6.375,5.597
21.357,1.293,50.977,5.139,0.631
3.132,21.557,1.648,17.909,2.663
1.897,24.252,12.314,24.15,5.602
26.931,2.208,0.795,2.432,4.748
2.609,17.582,14.43,2.511,4.269
2.37,12.162,4.85,3.117,12.026
9.045,25.716,1.986,34.051,12.637
8.707,9.983,0.203,3.931,3.866
36.192,24.794,8701.369,23.182,10.799
13.748,8.477,0.924,3.232,22.648
41.26,25.842,0.447,24.006,4.915
4.65,9.35,5.512,12.717,2.973
10.84,1767.289,21.262,13.404,13.696
13.676,5.625,0.932,12.617,3.569
6.296,6.036,31.075,1.711,0.415
19.009,10.758,8.968,1952.644,10.814
1.267,12.412,2.047,4.062,1.647
6.523,10.7,3.346,17.547,1.145
3.824,5.462,2.559,7.03,14.299
0.12,28.647,2.378,6.531,7.489
21.886,6.639,3.78,4.438,0.739
8.605,0.592,36.044,2.661,2.811
9657.834,19.695,13.731,1.598,0.164
14.313,1.733,0.452,12.354,24.911
10.805,17.27,0.592,4.912,0.226
0.824,0.466,3358.087,16.057,17.406
7.885,7.795,12.703,11.493,19.041
4.753,11.442,0.218,6.222,7.38
7.279,4.623,0.808,15.515,8.094
1.357,5.076,4.078,15.433,9.847
13.081,0.646,4.583,4.306,4.065
3.567,4.872,0.935,6.532,11.443
0.012,29.389,4.23,6.204,9.869
4.643,16.573,1.192,38.117,30.925
38.236,8.016,21.857,7.839,16.592
3.137,11.596,3.708,1.665,6.91
0.788,11.585,8.333,22.396,1.497
10.1,27.133,9.457,20.68,1.309
7.385,7.124,2.838,43.729,10.307
4.015,0.57,14.42,0.555,1.413
0.015,2.103,2.26,12.57,6.263
30.058,1486.511,1.404,19.918,4.738
2.373,4.996,1.639,2.448,0.892
9.92,2.047,14.833,0.61,0.419
2.4,23.298,4.807,10.672,13.881
1.246,7.667,7.807,17.075,14.897
12.066,8.535,32.82,11.038,33.992
15.164,3970.082,11.672,1.322,11.346
0.112,10.793,2.564,24.797,8.854
4.652,0.5,0.966,28.337,10.277
2.013,23.653,7.677,18.132,7.326
10.274,13.324,25.004,0.474,14.445
9.704,34.503,1.087,6.337,0.904
15.125,23.427,4.121,7.075,7.304
1.91,10.615,11.754,2.244,4.021
16.203,13.478,17.552,18.54,27.608
2.899,29.039,3.073,5.128,7.318
11.614,4.079,8.925,0.873,2.129
3.331,6.478,0.148,28.721,8.8
12.083,13.821,7.777,9.848,13.461
10.392,4.785,14.247,2.651,1.517
0.015,9.812,0.031,7.747,8.744
3.461,14.527,5.157,9.073,9.662
6.264,32.101,6.947,13.59,7.896
0.226,5.418,4.21,1.238,10.053
19.889,19.367,1.495,5.789,3.966
1.583,2.174,3.724,5.537,14.095
6.884,19.007,1.067,9.499,5.444
5.314,15.992,3.088,2.143,7.283
2.41,22.72,12.728,32.221,6.908
4.309,19.291,1.684,6.035,1.132
7.808,14.265,2.36,7.737,0.092
1.006,12.103,8.18,27.404,6.027
3.608,18.015,3.158,12.899,20.224
1.648,14.746,7.781,0.936,7.103
2.297,11.835,1.041,6.163,13.487
1.203,1.864,13.857,2711.77,18.034
9.969,41.118,13.413,10.252,13.693
3.442,58.874,13.203,18.158,0.198
2.89,5.92,2.596,9.87,5.099
7.474,22.983,9.392,26.906,14.339
1.764,3.81,0.997,10.006,4.556
0.07,4.509,2.439,11.706,4.6
13.943,0.102,0.663,20.309,0.939
0.248,0.373,42.208,4.431,6.251
20.664,42.719,11.261,30.3,1.142
9.871,6.327,8.407,7.754,8.754
16.506,2.401,0.934,12.664,9.396
1.924,1.792,3.352,6.997,15.427
24.198,6.436,0.721,9.71,4.571
4.976,28.283,2.09,10.149,2.038
7.07,14.777,5.714,2.106,1.453
5.393,49.199,24.938,9.738,49.771
1.781,11.362,9.224,7.632,5.133
5.219,44.581,6.907,10.772,30.671
7.527,1.948,32.205,5.129,6.765
6.269,20.25,3.98,21.501,0.675
2.359,11.016,10.275,23.716,2.337
7.116,0.696,28.299,4.534,4.217
0.335,3.821,7.298,2.28,8.598
22.551,1.67,0.078,2.079,7.188
10.799,13.109,6.235,11.816,17.332
2.218,6.092,0.668,36.035,4.526
12.888,11.458,6.093,9.372,10.388
20.442,3.298,6.109,17.526,9.728
8.866,22.376,22.076,1.19,30.408
10.82,21.403,2.129,0.437,2.052
10.356,15.904,1.818,1.596,3.613
7.719,49.396,0.084,7.061,29.076
6.249,4.516,0.989,10.278,7.157
8.054,22.745,7.027,3.937,14.314
4.511,25.591,9.88,35.182,2.004
20.024,6.314,0.217,1.68,6.364
1.741,13.197,4.299,12.142,12.628
19.92,1.011,0.806,6.472,5.853
10.833,34.781,5.107,0.081,6.947
12.821,15.394,5.111,4.635,3.448
3.656,34.28,0.84,7.491,63.762
0.865,2.055,0.405,53.567,3.239
1.417,0.25,22.002,5.821,3.16
10.263,22.64,18.318,6466.178,2.244
3.232,14.473,0.28,1.568,2.156
2.112,12.796,2.763,6.681,5.289
39.209,36.413,3.745,16.703,1.758
4.663,14.277,8.131,3.351,12.726
9.71,3.839,2.237,16.29,8.222
55.953,1.256,38.567,8.039,14.523
2.48,7.442,4.583,3.58,20.334
0.326,17.289,3.668,31.077,8.801
9.647,3.985,11.465,0.225,7.645
32.857,11.305,9.49,8944.357,3.57
5.446,43.121,3.373,1.654,8.578
4.273,9.933,0.795,3.673,22.507
5.788,1.714,1.598,26.166,27.543
2.882,27.893,18.323,5.583,12.29
5.743,3.146,0.857,8.76,4.893
2.822,42.206,28.581,16.901,18.87
19.581,1.057,1.668,10.671,2.499
10.502,2.745,40.389,1.347,6.64
6.178,20.852,10.604,5.586,4.793
3.149,20.419,1.049,0.112,5.738
14.936,37.602,0.571,2.696,37.39
17.087,53.059,2.417,0.316,3.117
1.693,4.696,3.766,10.728,3.65
2.215,9.065,1.252,8.609,11.49
1.372,2.016,44.085,1.006,1.153
12.312,23.034,16.186,9.177,20.19
16.807,3.928,2.064,3.816,1.304
26.288,7.75,4.957,8.604,4.088
2.441,23.494,24.536,0.273,21.009
1.74,5.52,5.635,1.77,3.189
1.241,12.641,8.819,5.093,12.904
3.87,15.044,17.164,0.121,10.874
0.034,1.251,1.258,23.899,0.241
16.684,22.007,5.59,19.344,5.657
1.097,33.133,1.322,22.708,5.908
0.832,3.498,0.746,21.183,7.864
5.707,25.462,1.64,2.48,10.465
26.474,28.66,14.881,15.209,10.166
3.13,1.454,0.431,0.318,20.65
20.703,6.849,0.854,3.841,0.271
7.996,3.965,0.13,12.418,8.834
2.904,36.571,11.237,4.46,8.032
47.787,2.05,21.951,11.083,8.549
0.496,8.161,0.749,5.334,14.145
6.079,1.97,0.987,11.834,7.315
7.345,21.829,2.689,19.453,14.195
4.754,19.131,8.587,16.5,15.951
33.401,2.712,4.575,1.305,2.842
35.772,3.7,0.035,29.289,8.335
2.478,21.144,0.978,4.685,52.838
7.669,1.352,38.201,10.073,2.417
3.835,8.156,1.186,3.373,16.659
3.877,3429.804,3.417,13.821,0.389
2.639,10.225,3.864,21.826,3.059
60.914,12.321,0.375,3.004,63.444
1.229,16.585,2.003,15.205,19.565
2.815,20.013,16.13,12.004,17.319
16.078,13.867,6.355,19.507,0.324
11.759,26.021,0.484,0.173,1.626
41.913,3.866,9.403,3029.034,9.64
2.76,1.03,7.584,20.467,44.502
13.103,31.405,1.414,2.983,3.13
5862.472,28.557,11.534,4.299,3.57
7.144,17.365,3.193,10.341,8.699
0.373,2.229,0.275,7.131,5.801
6.405,11.469,54.281,1.716,3.619
5.552,17.154,3.504,12.125,6.021
2.297,3.145,3.54,2.278,4.241
6.884,2.611,7.297,2.755,6.681
28.359,12.653,0.54,1.761,34.685
15.523,23.683,12.476,5.327,6.174
22.196,34.26,11.29,1.558,10.438
3.975,2.4,0.185,7.874,5.549
16.013,3.887,0.623,21.99,7.442
5.01,21.904,3.653,5.83,3.673
5.754,3276.901,24.841,10.316,6.467
16.287,39.943,3.51,45.771,21.916
3.251,23.439,12.41,2.965,19.635
21.56,7.366,1.503,31.391,1.269
1.985,13.379,5.925,17.873,25.894
6.303,30.005,2.284,25.525,17.386
8.509,6.707,1.112,14.324,2.382
33.257,5.419,7.384,3.501,3.368
7.113,26.209,13.817,0.634,17.914
2.845,30.702,8.753,2.747,0.043
4.761,14.588,0.174,3.084,4.005
5.133,1.028,5.372,0.432,4.387
4.692,32.528,5.766,0.562,0.758
0.167,10.33,12.92,1.847,11.264
15.633,4.409,0.493,7.151,11.309
3.976,11.683,0.442,21.298,12.025
3.016,3.08,9.532,15.454,26.087
14.711,0.14,34.008,0.862,11.672
2.635,29.243,4.267,1.012,3.723
0.442,9.348,0.828,9.383,1.977
0.273,36.103,0.977,3.577,3.948
0.032,1.022,0.785,15.772,26.52
3.532,11.052,1.037,8.726,1.915
32.821,1.71,0.2,8.607,4.537
0.655,7.938,5.334,34.575,1.135
0.358,19.64,5.081,3.896,6.799
0.085,0.388,13.904,4.499,1.318
23.711,14.404,6.049,20.265,9.487
5.161,12.196,11.338,22.91,7.881
2.906,20.893,7.213,12.517,20.335
19.237,3.969,11.544,0.518,4.057
7.395,2.654,0.685,2.145,10.649
17.276,24.327,4.05,14.86,1.936
15.198,19.287,7.29,10.043,14.556
3.106,4.231,4.068,19.247,6.613
7.736,35.264,5.575,4.316,11.109
2.186,18.972,19.122,2.634,4.648
2.928,14.95,1.516,13.279,12.437
0.191,5.361,9.802,3.614,7.374
3.045,5.175,2.823,13.815,9.482
0.597,2.7,3.309,1.58,7.671
3.596,1.42,1.044,14.032,19.337
6.696,13.138,3.207,5.03,30.545
5.486,28.415,0.896,15.233,7.564
0.765,17.462,7.258,0.864,10.561
0.04,8.175,6.508,2.52,3.634
5.811,13.494,8.957,4.53,3.55
11.544,36.695,4.125,13.758,0.862
3.505,7.26,18.989,6.107,19.065
0.766,39.839,0.901,12.314,12.232
5.117,3.228,0.492,11.163,13.298
4.82,3.837,2.523,3.353,3.63
4.219,0.874,27.618,2.66,4.477
3.287,15.923,1.94,42.87,25.323
7.172,22.395,2.062,6.377,7.533
3.43,35.634,4.658,2.046,24.212
11.08,2.06,15.812,4.426,2.691
4.655,32.981,16.536,23.853,1.164
28.036,10.698,26.115,0.85,0.708
0.304,1.695,2.008,3.049,2.486
2.36,8.846,8.95,1.692,12.088
3.472,9.714,15.032,0.871,24.059
3.806,5.723,11.67,10.777,27.061
0.296,11.556,0.802,13.803,2.171
13.233,6.263,0.393,13.92,1.293
15.141,19.349,0.384,8.2,5.065
4.973,10.567,2.32,6.664,11.436
7.337,8.275,4.185,10.561,1.652
8.578,8.003,3.643,5.087,7.675
15.178,2.474,17.11,2.974,3.837
25.167,21.598,2.393,30.133,25.885
3.357,3.859,1.707,8.3,3.89
0.779,10.203,0.341,10.005,16.181
1.959,3.936,8.213,9.987,33.048
4.769,14.093,5.288,1.794,6.771
14.256,4.414,0.936,30.303,0.35
5.957,3.973,5.091,16.029,27.015
14.92,1.097,0.817,7.634,14.959
3.094,19.962,4.339,4274.401,19.138
0.188,11.458,11.315,3.622,5.772
0.767,0.194,0.921,23.263,0.353
4.583,22.715,7.753,11.595,16.459
31.962,8.81,0.712,8.331,7.597
3.655,3.337,1.024,5.195,21.788
19.906,9.877,0.718,28.318,9.402
9.308,0.646,19.117,1.376,2.341
18.051,21.8,7.771,18.168,8.118
5.307,10.182,3.487,8.932,0.899
3.585,15.692,2.656,26.738,14.304
1.167,20.196,1.588,1.354,0.634
4.959,34.635,1.175,23.831,15.177
0.522,52.01,2.811,14.611,4.092
3.817,7.199,6.585,4.001,8.893
2.409,9.89,7.614,1.578,15.137
7.888,6.895,2.1,4.234,0.969
1.921,4.206,1.378,5.71,0.316
3.425,37.413,15.159,2.588,7.713
3.334,6.466,24.016,8501.391,0.818
9.787,23.58,18.481,32.17,14.427
1.951,13.197,1.668,4.676,11.346
0.799,14.429,1.317,16.54,4.634
2.0,29.752,5.279,5.981,30.6
1.842,9.607,8.594,0.394,2.362
8.33,4.51,17.594,0.597,2.7
0.118,6.459,0.212,2.485,21.433
5.229,13.589,0.981,8.446,14.729
4.33,2.913,8.78,10.734,21.009
4.503,2.886,0.781,5.552,4.368
3.486,2.752,0.871,0.045,7.838
9.325,18.593,9.808,0.111,8.879
17.505,6570.836,0.392,5.221,8.04
3.289,3.001,0.283,4.83,13.373
4.027,12.477,10.535,25.202,2.737
0.198,1.904,1.327,9.674,2.978
20.532,23.834,15.685,20.503,31.446
10.385,3.081,0.268,0.355,9.03
13.561,6.855,27.135,4.89,2.923
10.072,5917.641,12.406,6.375,3.995
19.337,25.438,9.151,0.134,2.187
20.108,1.439,34.525,1.228,5.436
15.764,5.636,0.325,8.266,3.3
16.133,1.418,22.823,8.208,1.743
79.431,9.693,14.702,11.333,0.206
2.935,9.622,1.762,8.39,2.337
2.833,30.928,6.969,0.831,3.638
35.744,29.354,1.144,8.305,0.711
5.067,3.476,0.326,2.721,1.801
3.179,4.969,2.806,1.001,5.677
14.041,10.788,0.736,7.118,19.032
4.823,17.508,1.693,55.274,1.165
3.923,9.094,0.321,9.579,9.618
2.187,28.452,5.261,4.513,8.171
1.355,10.618,1.504,15.377,15.65
0.881,11.331,4.662,9.575,10.538
12.71,25.792,0.889,20.158,9.205
19.697,4.45,6.951,4.495,6.815
5.749,34.699,0.431,6.45,10.641
0.612,11.37,15.449,8.449,10.669
1.853,8.443,1.01,18.309,11.43
6.021,10.771,3.193,32.104,0.801
1.274,1.996,3.232,7.049,19.866
3.077,5.547,5.483,18.099,13.361
8.789,9.891,35.652,5.763,29.922
14.003,2.791,6.227,2.001,0.743
0.342,5.905,0.764,6.844,0.654
39.011,12.672,4.651,7.792,2.507
11.892,19.116,2.49,27.256,6.273
6.62,10.427,2.433,6.805,28.063
9.86,6.909,3.447,25.528,1.942
0.082,10.054,8.907,18.382,13.578
1.144,38.572,0.407,11.722,1.594
24.5,1.884,21.158,1.324,7.189
5.087,10.855,1.21,4.955,18.555
14.272,21.724,3.93,5.511,3.472
3.225,6033.362,21.34,1.015,9.321
2.059,17.757,11.306,10.074,0.933
15.952,0.273,10.311,7.011,10.429
23.435,30.612,7853.979,2.332,6.915
3.485,5.179,1.796,5.154,11.4
3.63,8.901,5.825,16.447,0.783
6.069,8005.935,0.766,8.313,15.179
1.382,11.425,9.987,3.304,2.33
6.761,0.624,25.696,5.442,0.442
4.325,10.614,11.479,7.093,9.145
29.183,19.232,3.419,14.606,4.149
19.877,14.487,0.704,14.89,30.318
0.878,6.803,36.972,2.277,0.982
7.036,11.396,3.539,10.859,16.953
1.299,10.149,5.211,7.246,12.125
4.109,5.157,0.265,10.537,0.228
0.24,19.564,7.177,1.597,2.4
11.385,5.913,0.589,7.625,11.253
4.584,14.671,6.801,24.564,10.058
4.072,21.355,2.325,7.405,11.998
4.727,3.616,3.894,12.999,12.652
31.912,2.289,21.703,3.143,13.703
0.484,35.151,0.455,5.219,16.912
2.766,29.966,33.05,2.617,11.63
1.946,15.158,5.664,6.23,6.734
8.884,6.548,61.433,11.039,5.455
3.451,2409.629,2.162,2.84,5.037
11.347,4.056,0.568,0.587,1.107
12.514,5.459,3.481,28.492,19.358
4.845,9.071,4.815,6.963,7.792
18.409,1.999,14.393,21.98,24.251
9.757,1.119,14.063,0.53,0.796
11.437,5.322,7.87,0.81,0.612
0.414,16.549,3.254,2.274,1.19
0.702,14.438,1.846,1.656,4.729
0.352,11.832,13.534,5.901,16.618
3.31,11.161,8.306,5.851,6.878
1.855,7.902,64.346,6.551,4.826
6.071,4.055,18.055,0.43,1.062
0.713,17.13,2.951,5.746,0.127
10.507,22.789,1.937,5.506,9.801
8.144,9.455,2.949,40.393,10.587
1.385,2.908,32.884,11.308,0.706
0.018,10.783,2.091,11.044,26.882
13.762,4.107,4.266,22.761,16.055
1.722,31.63,2.459,4.298,1.888
1.551,5.949,0.125,4.929,19.44
36.041,25.737,0.543,22.859,1.773
0.442,10.596,9.385,8.53,25.821
9.512,20.839,2.156,23.977,1.655
3.774,1.43,0.087,11.317,7.705
9.572,12.953,11.417,4.919,10.456
1.518,9.571,5.652,15.089,3.019
6.735,8.341,3.632,2.276,5.402
1.878,10.835,4.59,4.241,9.471
1.977,10.186,7.626,20.855,14.469
5.236,26.225,13.83,0.484,39.558
5.469,22.207,24.848,5160.137,5.816
0.455,11.796,1.39,3.403,0.214
1.728,16.221,1.103,11.854,3.051
3.755,9.728,23.479,0.398,0.77
3.556,7.5,0.398,4.263,18.614
10.246,5.151,11.471,0.288,8.073
35.064,2.62,19.039,10.106,5.931
5.261,5.929,8.699,7.619,11.559
19.238,17.284,0.906,9.831,11.301
41.865,28.202,4.498,26.811,8.96
9.742,22.983,0.172,12.159,10.872
1.893,2.461,1.263,3.538,1.245
9.342,1.003,7.187,0.338,5.461
0.075,16.793,6.211,9.133,8.912
2.301,25.026,25.682,3.402,5.629
11.814,2.006,2.193,3.971,2.586
2.511,24.072,5.711,18.989,3.372
15.637,15.551,2.195,23.226,0.328
17.484,9.364,0.949,8.889,20.107
11.232,24.964,0.701,0.645,2.242
4.883,10.356,5.648,36.388,4.065
12.545,18.134,6.469,9.699,6.961
9.72,30.511,3.478,1.162,0.427
3.481,17.042,4.366,12.004,1.136
2.255,8.283,4.33,22.393,5.136
6.259,29.425,20.995,3.724,8.844
1.666,4.472,0.595,16.596,30.628
4.305,15.627,30.639,3.528,19.056
9.185,4.774,7.185,21.408,19.211
9.361,8.053,0.232,16.301,39.471
2.045,2.873,2.217,9.613,9.63
16.536,1.834,0.304,6.068,5.725
4.377,2.601,2.364,19.657,9.541
0.197,8.119,0.335,19.395,0.633
6.884,6.418,2.407,7.81,6.58
2.566,12.017,5.013,8.893,7.38
18.576,13.347,4.196,20.542,4.925
4.147,8.777,4.489,18.848,1.659
2.446,9.666,3.066,12.338,30.105
3.392,18.556,2.443,1.573,1.969
24.186,3.698,10.474,2.923,4.649
6.195,1.673,0.869,0.931,11.986
3.309,11.571,4.697,23.988,1.632
0.995,2.837,2.346,2.08,3.133
2091.874,15.007,22.464,37.497,3.551
2.91,17.581,4.561,28.441,1.921
2.435,17.435,1.289,9.708,40.782
16.859,11.845,0.177,5.577,4.162
22.967,1.734,13.82,4.743,3.607
4.175,3.092,3.262,9.224,7.782
0.59,25.885,2.488,15.825,4.691
12.93,0.591,11.416,1.74,1.192
1.595,1.095,9.02,16.36,40.79
15.666,4.081,11.985,0.258,0.3
19.439,3.871,5.738,4.456,4.229
1.96,9.551,19.14,3.809,13.042
0.192,6.388,4.05,3.166,1.466
58.436,3.859,7.547,10.746,1.272
13.17,4.321,0.755,14.737,16.961
4.682,9.976,1.185,3.28,8.127
25.506,2.636,6.54,6.26,5.234
9.901,28.042,0.213,4.885,2.133
10.025,21.611,4.952,8.606,11.044
8.121,27.055,9.322,19.842,8.731
14.419,12.2,4.282,4.983,1.904
16.227,11.366,7.986,2.815,4.425
9.163,23.215,11.02,11.002,11.086
2.333,16.632,9.154,0.97,3.88
6.171,11.043,13.326,3.513,13.181
3.053,10.002,9.058,1.616,14.082
9.044,15.593,37.62,0.641,0.222
9.436,2.179,0.637,9606.194,30.805
1.197,9.912,4.791,23.03,2.161
25.568,2.054,15.996,6.155,1.986
1.31,20.293,14.158,12.341,0.236
1.045,17.983,3.996,28.603,0.386
33.381,0.948,19.305,0.636,3.282
10.471,34.403,4.144,4.25,1.148
21.607,11.941,0.676,17.628,4.503
0.829,1.48,0.323,1.874,2.504
18.649,19.512,4.282,55.148,3.836
8.176,20.454,3.095,1.22,1.01
20.859,24.311,6.382,8.512,15.99
4.85,5.586,4.435,6.012,13.121
4.752,12.735,2.852,10.766,6.311
1.04,8.292,9.802,18.762,10.082
20.288,21.573,0.818,22.889,6.392
0.996,11.857,5.987,2.822,6.84
0.966,20.194,1.943,21.536,8.616
7.833,1.365,17.843,0.6,2.981
1.305,10.421,8.221,10.678,11.41
0.281,40.077,15.981,15.665,1.495
7.45,11.553,0.402,31.872,9.217
1.812,4.861,0.054,0.263,2.149
2.074,33.678,6.565,14.346,0.134
0.763,14.658,13.515,8.898,2.441
14.003,7.02,0.2,8.181,8.008
28.226,5.904,5.427,1.93,4.649
0.057,4.104,3.194,20.293,9.047
6.368,30.838,0.184,4.9,0.256
16.04,18.821,15.248,21.728,28.401
4.637,27.429,10.118,7.588,1.34
9.583,7.577,2.615,15.207,5.653
7.125,24.519,1.59,0.739,10.966
3.765,13.168,6.97,4.875,33.018
5.543,13.224,4.976,16.987,8.362
11.581,10.231,0.249,6.5,0.586
25.17,1.19,0.792,2.975,1.488
6.126,17.372,2.701,0.963,1.341
2.227,12.82,8.807,14.496,6.543
2.027,22.947,12.385,14.508,0.204
3.994,11.23,3.039,5.32,8.342
2.149,7.964,2.183,2.624,22.099
0.622,11.386,0.476,9.663,21.561
0.43,9.588,4.821,13.116,24.328
12.345,6.072,2.37,33.603,6.445
12.665,1.339,4.884,3.093,1.179
14.105,2.181,10.705,1.011,3.829
33.963,2.769,12.393,2.27,3.893
6.688,11.118,6.197,7.426,0.989
4.15,0.425,30.696,2.81,1.639
40.987,10.22,48.444,14.746,5.627
5.155,8.641,3.842,10.462,1.379
1.239,6.707,7.087,6.487,6.967
0.138,5.238,0.39,2.776,17.934
2.616,18.207,4.173,6.117,12.9
15.487,1.834,1.997,0.062,0.183
3.72,6.548,2.643,6.773,8.023
0.427,0.103,0.713,6.892,0.921
1.396,5.415,1.323,0.174,2.122
12.077,56.563,5.539,8.801,13.236
0.971,7.974,2.101,3.368,1.571
10.489,3529.746,4.69,13.645,3.219
18.846,6.576,11.459,7.016,11.313
1.883,8.93,3.008,3.741,6.98
1.59,8.533,5.712,13.938,1.718
34.242,14.157,1.926,24.043,2.14
6243.806,25.143,3.166,4.482,18.361
1.21,22.996,16.963,5.725,5.966
3682.967,12.338,4.689,11.983,5.288
38.806,4.255,41.932,5.115,3.135
14.081,8985.595,17.789,7.14,0.369
4.035,33.236,3.097,5.028,2.03
5.419,0.67,5.818,3308.029,22.507
9.639,0.059,8.954,6.04,0.368
0.431,3.6,3.479,6.422,8.213
1.444,6.117,8.379,0.591,8.969
8.146,5.048,4.483,20.482,16.741
0.047,10.835,0.397,6.322,8.728
2.02,7.11,3.545,29.612,3.394
17.158,13.938,1.01,12.872,6.109
17.148,9.184,18.212,0.557,1.184
15.364,3.722,0.191,6.124,5.33
0.124,11.846,10.089,23.707,17.09
7.024,21.677,1.485,18.602,3.022
10.508,31.591,10.928,11.354,1.16
3.471,24.11,10.381,0.254,6.393
3.221,2.52,0.765,5.503,18.9
3.069,9.218,8.928,8.425,6.165
0.661,28.854,4.877,13.332,28.981
19.065,1.566,0.191,5.456,25.089
4.245,13.329,14.701,0.169,5.573
9.059,16.072,8.441,7.876,8.431
2.487,22.929,10.54,7.817,18.058
7.502,49.459,0.278,3.453,13.957
4.171,2.057,1.696,14.628,8.616
18.569,1.707,11.165,2.803,0.346
8.583,5.608,2.959,13.644,17.931
0.273,2.157,26.783,6.622,2.971
3.174,4.553,0.277,30.535,4.416
8.496,15.456,3.53,21.734,3.633
10.856,2.408,1.094,19.716,5.51
18.826,4.018,5.639,3.186,3.174
5.336,9.019,8.123,18.485,11.387
1.462,6.6,4.988,12.591,15.766
4.564,1.201,2.912,18.765,20.739
4.273,2.054,11.695,1.326,1.249
1.611,39.298,24.629,6.394,10.876
3.043,7.996,3.767,44.411,40.968
6.559,2.015,7.856,0.264,6.846
2.297,7.912,1.782,1.172,21.497
1.624,13.652,12.839,21.1,9.024
16.614,12.76,1.488,5.594,3.494
2.909,7.68,0.143,7.859,9.56
17.626,18.264,5.565,16.407,21.584
9.591,17.092,2.049,54.736,26.225
3.77,4.577,0.061,7.833,0.22
24.543,3.653,0.742,4.73,22.19
18.985,0.099,3.832,5.44,4.057
3.018,5.931,2.049,10.974,7.339
61.429,2.956,5.586,42.568,12.021
3.524,1.799,1.006,1.391,14.73
5.83,17.072,0.055,43.763,16.782
2.499,21.928,4.025,7.387,7.434
0.186,10.777,9.009,12.481,25.073
25.921,1.192,29.778,16.315,0.432
0.96,11.75,1.469,10.151,5.323
4.064,12.334,2.812,1.746,18.21
0.332,11.062,4.735,0.135,2.542
0.808,15.036,4.615,16.386,3.435
0.816,12.679,0.136,4.994,34.45
0.839,4.826,3.248,7.702,8.379
0.769,62.559,22.887,1.891,2.109
8.48,7310.433,11.159,15.675,23.93
30.395,20.3,0.761,15.53,6.318
6.52,12.937,5.637,3.855,8.264
10.38,5.816,33.889,9.435,1.221
3.076,0.59,5.085,24.431,28.453
6.417,8.792,3.952,6.169,3.074
2.337,22.086,0.022,16.004,5.388
10.071,4.584,51.519,11.593,2.454
2.305,0.588,2.443,8.343,8.894
2.486,28.556,2.651,77.472,5.367
3.133,6.931,15.949,11.073,21.24
1.952,19.194,7.434,11.952,5.085
3.997,8.064,4.063,0.966,4.06
7.972,60.715,10.478,3.171,4.963
19.411,5.883,26.531,8.873,1.373
27.14,31.863,0.123,7.795,11.498
6.185,48.593,7.081,0.429,11.893
3.383,3979.965,17.61,9.851,5.953
2.57,17.461,5.903,28.174,6.594
3.418,17.948,3.149,9.354,7.785
6.936,20.12,13.234,0.326,14.919
1.961,2.403,0.633,16.287,12.487
1.322,2.566,22.335,4.187,1.827
7.344,26.257,5.133,12.114,14.803
6.903,24.773,4.74,22.756,3.407
45.015,5.282,2.442,17.768,2.244
4.825,12.182,0.203,46.665,18.524
10.09,14.495,1.124,1.321,17.35
2.148,15.825,2.313,1.612,1.062
2.112,2.389,1.789,10.007,7.539
18.924,0.225,66.023,1.145,0.669
15.653,0.142,2.445,2.978,0.685
4.299,9.867,6.427,31.298,4.15
0.136,1.924,0.479,0.265,4.808
1.84,7.067,8.359,2.287,22.709
8.424,14.617,1.135,22.322,8.794
3.128,4.746,0.8,5.375,0.992
3.512,4.094,0.293,17.488,35.15
7.801,7.685,2.56,15.172,10.566
22.394,1.544,4.491,15.644,7.044
13.67,16.18,7.027,23.31,1.946
18.739,7.734,3.334,7.149,2.083
19.738,13.794,0.354,0.069,12.709
1.318,19.544,2.876,5.489,10.237
20.562,1.508,10.011,12.73,11.02
9.625,16.187,1.137,9.891,29.447
4.094,51.609,27.578,17.502,35.875
16.468,14.785,7.408,30.792,37.058
2.883,16.152,2.474,4.329,4.019
0.574,9.455,7.136,22.491,7.779
4.865,23.714,10.052,5.293,6.352
9.996,12.39,6.079,45.553,11.619
37.548,1.223,1.904,4.545,0.018
0.855,17.03,5.102,15.169,39.713
15.786,22.444,10.421,21.601,41.034
13.107,7.733,4.637,67.275,3.811
36.755,2.431,0.174,2.252,9.862
1.776,12.33,7.72,9.494,1.258
2195.123,17.261,30.516,10.131,2.658
4.41,9.294,1.883,22.716,7.743
0.88,22.906,4.378,16.394,14.758
3.827,11.199,3.767,19.737,7.636
0.627,19.058,6.081,5.808,9.057
4.281,0.074,6.076,3.463,8.679
5.83,18.974,6.231,9.37,1.406
5.68,6.283,1.682,6.282,4.647
31.5,17.755,0.781,20.075,1.444
1.284,6.949,5.595,10.219,32.965
17.663,0.954,13.408,7.189,12.285
9.065,21.26,13.233,0.529,5.027
15.466,16.57,4.304,6.574,5.063
10.583,47.961,3.725,12.783,3.444
5.962,20.076,14.487,2.073,3.73
17.377,20.297,0.775,21.785,18.369
0.693,3.05,6.645,8.99,25.022
12.005,2.185,7.869,0.681,1.416
17.679,28.204,1.727,0.332,13.953
31.18,6.778,50.099,6.61,1.446
49.353,2.952,35.621,9.94,12.23
14.928,0.099,2.265,6.486,2.08
7.325,20.349,0.943,18.464,3.692
14.034,9.658,0.841,3.38,6.224
19.586,11.005,50.394,13.503,0.205
32.097,2.307,0.318,0.924,32.65
8.236,5.879,5.722,23.769,36.734
3.833,8.575,1.559,2.013,12.435
0.931,5.772,3.397,18.529,13.079
14.259,7.909,0.095,16.628,33.94
1.174,17.451,4.42,3.612,2.754
7.316,0.164,0.505,11.68,1.176
6.939,10.21,3.878,18.623,0.254
8.852,3.175,24.756,2.475,21.124
7.956,9.863,2.45,5.483,11.003
6.395,15.686,5.803,2.818,9.472
1.676,20.723,24.628,3.541,41.041
0.582,41.011,12.216,3.749,7.049
8.139,30.281,2.7,6.62,9.593
1.641,20.302,11.164,20.384,2.506
1.953,12.262,0.146,13.637,0.413
7.772,19.247,1.981,1.97,4.289
0.401,2.331,2.938,25.146,0.873
0.851,8024.101,1.047,0.869,2.132
13.441,4.845,1.052,4.597,2.97
3.053,6.968,1.424,10.771,28.65
12.502,8.203,62.639,11.755,2.223
0.001,1.017,0.99,12.974,3.329
6930.089,19.603,12.843,2.374,1.578
15.273,35.739,19.755,18.617,18.474
0.109,15.614,6.643,10.215,1.885
3.767,13.642,7.744,44.863,1.183
7.251,46.705,15.157,7.486,1.243
4.207,7.902,3.109,11.147,1.295
5.885,31.461,3.957,15.957,8.666
26.488,0.576,13.356,7.898,3.265
26.894,11.767,6.259,15.822,7.758
2.465,9.524,1.456,2.424,1.446
12.959,35.677,2.016,0.922,0.259
2.262,11.643,1.79,7.317,1.096
5.797,11.687,12.312,1.405,8.068
21.159,5.803,0.822,4.293,4.481
5.17,10.404,0.743,16.222,12.349
1.04,28.738,13.496,1.351,13.139
0.363,9.536,14.176,1.293,13.197
21.42,1.302,19.221,4.346,17.913
4.413,9.35,2.436,5.185,13.595
15.752,24.164,1.583,0.473,0.587
8.206,12.447,7.583,13.263,4.383
1.671,19.49,11.036,14.041,7.053
4.845,5.943,1.465,26.115,0.214
19.194,9.855,0.846,18.022,4.935
5.088,8.891,0.177,16.052,7.824
19.57,18.142,6.056,19.132,1.709
1.914,19.173,0.672,12.319,2.223
4.151,30.21,21.585,23.492,22.444
16.896,0.554,11.807,0.616,6.348
3.686,7.857,1.879,7.301,4.523
1.196,6704.087,0.177,20.448,10.25
2.382,18.406,0.272,29.129,14.441
1.975,27.153,6.556,3.157,6.961
1.492,12.866,43.432,7004.923,25.97
27.844,2.254,3317.179,19.94,36.695
4.883,11.352,1.133,1.061,17.235
18.105,0.618,25.501,9.384,5.365
6.773,22.675,0.798,9.757,0.46
0.963,18.451,13.629,3.287,11.558
2.092,43.533,7.575,12.423,54.181
1.496,19.561,6.619,6.137,6.039
13.131,1.815,18.448,5.741,2.003
11.932,16.957,5.757,4.285,8.642
4.178,8.527,4.842,29.407,7.592
18.328,1.918,0.709,4.881,37.673
9.364,27.509,6.77,18.271,13.743
2.59,4.08,7.626,6.22,11.393
8.514,18.456,6.134,10.099,0.3
17.477,1.01,8.007,10.008,10.279
4.051,2.881,24.898,1.2,3.985
2.925,0.256,0.457,0.042,3.951
1.491,9.507,5.782,12.29,2.349
14.71,32.113,8.108,29.83,1.828
34.149,3.475,0.628,19.464,25.118
6.578,37.904,1.638,3.074,2.405
0.991,25.754,1.742,19.519,18.136
10.694,10.517,4.584,4.962,3.397
0.803,18.74,5.2,10.588,3.025
0.765,13.528,15.748,0.446,3.167
7.579,25.384,5.998,13.798,31.116
8.283,24.07,13.207,7.136,3.685
3.831,38.587,1.135,1.632,4.116
61.675,18.906,0.473,24.83,13.15
3.313,11.867,6.438,11.037,31.985
0.685,17.133,13.599,6.436,16.225
39.228,11.899,8.59,6.183,6.613
2.541,23.324,1.002,5.055,5.957
10.302,2.098,6.996,0.187,5.101
1.194,14.853,10.137,3.928,14.571
1.442,22.729,0.401,8.82,7.341
3.811,41.978,19.513,17.507,8.008
14.749,11.988,8.752,56.517,2.781
16.045,40.857,13.455,6.886,9.332
0.879,18.916,2.917,6.302,23.042
8.587,16.242,0.415,19.956,9.234
3.491,3.44,3.826,5.163,11.237
53.108,3.958,3.028,9.434,1.177
0.761,19.507,0.263,9.11,1.061
8.062,16.595,6.076,9.852,1.835
0.309,0.089,1.075,1.777,6.805
14.955,22.465,0.985,6.568,3.881
0.208,2.91,1.701,31.808,11.39
10.128,13.207,0.3,7.53,40.763
3.199,27.614,8.016,15.399,4.252
5.873,14.246,0.701,6.627,10.438
23.785,22.332,1.062,0.669,10.701
2.472,23.592,5.895,3.597,7.758
2.492,46.878,4.376,6.128,0.2
3.801,10.754,1.744,0.278,26.226
8.39,1.041,17.115,4.715,2.528
2.759,7.438,0.677,19.141,4.031
32.294,6.043,0.113,5.305,9.559
6.81,7.747,1.139,5.258,11.009
20.924,14.156,11.618,2.778,5.886
14.05,3.685,1.368,2.203,0.87
3.036,20.439,6.851,5.782,17.421
6.909,10.285,0.79,0.12,6.134
6.133,7.447,4.274,12.998,1.938
7.817,18.532,5.231,20.349,8.244
2.375,1.491,16.513,2.957,2.743
0.646,13.025,4.248,30.658,9.405
3.037,3.964,2.892,15.011,31.441
4.446,17.056,14.556,1.562,10.292
6.785,28.58,0.187,11.681,1.3
56.795,1.039,9.487,16.372,2.275
22.943,15.935,7.298,0.282,3.46
8.314,2.954,17.438,2.247,1.847
3.301,11.312,6.385,17.688,5.08
13.073,11.806,1.387,34.07,3.676
11.424,1.618,51.079,2.608,10.126
0.979,10.195,0.665,3.921,44.426
7.4,31.429,9.461,30.02,4.692
26.935,19.624,0.062,8.406,0.831
1.168,12.019,8.397,6.152,9.168
0.857,9.106,1.491,0.178,0.725
6.231,14.131,11.463,24.387,2.755
6.306,12.219,2.064,0.171,0.978
1.134,17.941,20.7,4.206,26.987
16.213,13.084,0.904,10.069,25.985
0.989,12.789,2.88,29.54,0.136
3.176,4.018,1.253,28.455,17.126
0.545,9.681,0.517,14.026,38.036
5.662,23.07,3.408,15.475,10.557
7732.874,11.234,15.799,12.099,35.268
13.117,24.661,2.617,15.429,10.605
1.1,10.832,1.329,4.552,9.849
13.017,20.144,1.406,26.534,3.979
5.757,26.511,1.667,7.23,8.844
18.051,36.882,2.057,4.265,8.973
0.429,8.457,7.917,0.945,15.558
3.911,0.616,0.116,5.981,1.835
7.708,1.309,0.015,7.606,3.578
0.863,35.725,26.933,9.82,18.597
9.962,12.309,4.252,1.694,0.709
9.539,2.52,24.612,8.871,0.348
2.03,21.726,0.203,4.368,0.999
5.331,5.382,25.246,1.119,2.187
6.823,18.91,3.33,8.718,13.642
2.437,2.036,73.832,18.59,2.067
9.957,22.478,1.091,25.634,16.612
34.295,7.437,7.413,1.302,4.689
0.697,1.919,0.115,13.363,3.899
0.834,2.132,8.364,9.706,36.907
8.44,4.328,2.015,13.015,0.016
2.883,10.661,21.027,0.751,12.649
2.812,10.064,6.616,8.361,2.04
9.989,19.913,0.806,7.589,4.094
1.837,4.163,2.337,16.995,5.746
2.926,17.249,6.242,2.487,10.073
0.976,32.466,24.941,30.607,1.649
3.649,12.156,8.247,4.602,13.437
5.794,5238.872,20.256,27.235,8.073
4.902,18.159,17.698,0.708,6.168
2.454,14.207,12.003,1.961,30.671
9.981,28.559,9.2,0.528,2.076
4.108,26.859,5.246,3.755,3.081
21.905,0.183,14.445,0.419,4.208
7.956,0.232,0.193,19.421,4.168
10.638,29.695,6.268,21.373,16.384
7.298,39.802,35.955,0.466,7.866
5.861,13.635,8.458,22.176,3.921
3.798,0.174,10.683,0.22,2.667
29.337,11.754,14.867,2.372,8.053
9.348,38.549,0.507,10.5,21.834
38.823,9.938,37.694,8.64,5.779
12.934,22.011,0.887,15.564,0.672
8.38,6.625,18.823,2.47,1.174
8.884,14.615,5.775,6.15,7.289
1.2,50.236,2.14,9.024,25.554
5.368,21.987,3.369,1.273,0.051
3.111,7.098,4.348,1.537,16.616
35.931,4.074,0.042,5.254,1.776
1.974,0.51,2.251,827.218,0.708
26.716,3.624,722.087,2.109,4.687
4.212,5.12,4.298,24.79,1.099
2.232,6.164,11.404,2.34,10.361
10.519,15.895,5.131,6.471,17.489
30.102,37.63,1.437,3.198,6.472
10.675,2.373,10.069,2.298,0.737
2.864,16.574,6.296,2.075,23.584
8.924,1.95,35.399,3.908,2.846
1.863,2.126,11.547,0.054,0.512
2.518,17.01,7.922,14.368,8.003
3.083,12.02,4.464,9.148,12.104
5.126,9.75,3.263,9.019,10.957
17.139,13.738,2.445,27.728,3.953
12.174,13.733,0.08,3.25,14.575
1.63,27.771,10.732,1.124,21.793
29.48,5.034,14.493,0.955,9.431
1.24,16.925,12.583,1.556,12.633
10.362,7.054,1.3,9.587,7.884
0.943,4.505,1.032,6.837,13.742
5.456,16.698,7.411,4.174,0.313
4.904,8.933,8.9,2.789,6.345
60.497,0.669,3.589,6.517,3.763
2.049,33.589,3.543,21.986,7.099
6.914,16.652,1.398,2.633,1.321
4.183,1.737,10.281,2.123,0.316
5.834,7.342,2241.195,18.123,9.415
16.605,0.499,14.509,1.343,3.581
15.683,47.685,23.566,1.18,19.548
7.912,13.402,5.335,0.155,20.897
4.218,5.372,1.331,12.36,3.891
0.748,15.092,0.848,1.649,13.553
2.116,5.635,4.075,8.922,5.169
4.016,17.746,3.849,2.304,10.264
2.941,33.38,42.325,1.525,11.332
2.575,20.512,17.735,5.226,5.085
30.479,19.505,16.02,2.985,10.172
2.26,1.532,1.189,25.43,33.844
0.679,14.988,0.557,4.853,3.892
28.412,5.37,0.529,23.738,8.758
1.288,12.26,5.015,1.532,1.608
12.925,38.817,4.334,0.072,1.645
7.237,9.029,6.503,6.493,10.475
0.735,21.846,2.97,3.716,6.411
26.754,2.634,2.764,9.517,1.971
9.368,20.473,10.187,16.614,0.658
7.15,6.235,0.131,0.958,8.527
7.709,26.354,6.686,3.448,50.727
4.568,45.946,2.003,14.891,4.51
1.204,2.207,3.217,3.302,11.006
5.791,16.19,7.328,3.87,18.811
10.262,12.942,7.461,3.723,5.862
4.753,14.983,0.259,0.75,29.376
0.196,7.992,14.051,11.817,24.383
21.845,6.697,0.27,6.79,34.523
5.697,10.257,2.929,15.046,25.329
2.483,22.013,22.131,6.353,11.191
15.44,2.326,10.306,3.517,0.327
1.032,0.367,0.255,14.562,6.5
4.646,4.158,1.505,5.604,4.482
2.113,32.624,5.086,21.272,4.766
0.382,7.062,7.39,1.562,5.14
9.037,43.398,4.914,6.741,17.407
12.177,0.338,17.894,1.384,5.698
4.32,12.268,1.189,21.39,6.41
9.805,1.815,0.156,5.36,0.352
13.982,29.054,13.341,15.947,3.844
6434.836,35.561,32.489,1.334,10.359
5.335,35.659,1.968,1.188,31.504
4.193,37.218,18.813,0.712,10.251
10.386,28.014,3.33,6.695,18.77
11.873,30.74,4.761,20.693,14.0
0.449,66.843,11.727,0.296,20.332
9.044,3.781,0.89,1.093,3.038
1.14,21.716,5.465,1.809,33.716
15.937,11.101,14.274,0.262,9.114
0.103,15.237,5.572,21.129,1.164
7.215,11.981,0.467,3.802,13.099
6.799,13.84,8.672,0.453,13.812
0.303,17.726,1.37,4.598,8.161
9.241,35.083,3.534,43.33,2.212
2.227,13.553,0.85,1.081,7.652
3.027,10.844,0.954,5013.885,3.501
1.917,6.205,1.444,10.899,0.325
2.425,12.278,0.391,1.538,22.361
13.911,32.161,14.885,11.562,4.094
1.944,6.705,3.428,22.764,3.173
10.195,19.995,2.526,0.172,23.747
6.961,10.796,1.417,1.691,2.629
10.045,13.503,11.17,6.013,16.546
11.284,17.722,8.429,23.342,15.977
11.074,1.951,0.466,7.484,10.03
2.315,20.128,2.546,6.882,3.329
4.152,15.266,13.349,17.351,12.199
6.123,20.123,17.939,1.987,52.821
2.57,19.426,1.922,11.405,27.704
7.347,7.051,3.304,28.278,1.396
34.273,0.186,24.644,2.934,16.973
6.182,17.375,7.759,2.191,12.904
4.738,31.687,3.128,8.254,10.608
5.438,3.33,0.75,22.882,53.31
10.921,15.948,7.055,20.245,3.41
0.575,21.657,2.025,13.394,13.133
29.813,27.286,0.656,0.356,0.311
0.596,16.504,12.552,14.501,0.619
24.264,0.397,0.137,1.541,15.511
0.133,29.621,11.209,27.605,6.983
8.672,15.309,5.402,1.479,0.955
28.254,8.904,19.14,8.571,14.079
9.002,33.072,15.968,0.747,8.694
0.137,12.937,0.971,22.778,3.004
19.024,7.389,20.806,2.976,14.904
3.229,11.723,2.272,1.638,9.873
12.599,0.029,0.464,39.049,0.363
10.741,14.959,0.728,13.291,1.423
14.776,6902.725,1.892,33.436,3.727
8.812,0.5,15.502,4.692,2.464
15.524,1.775,0.568,22.053,6.66
8.447,13.479,4.782,7.697,7.977
7.888,18.128,0.395,6.202,4.954
3.068,35.456,2.838,6.976,3.127
4.211,14.591,22.073,5.347,14.13
12.12,31.665,2.015,17.092,23.617
3.301,35.372,7.775,4.537,6.673
0.311,10.21,6.945,5.219,6.076
0.101,7.569,11.092,11.939,27.709
2.497,36.766,9.63,11.066,2.637
6.805,9.804,9.776,6.504,11.93
2.358,19.007,5.91,14.235,8.744
49.359,11.248,0.196,7.789,0.875
20.805,26.433,10.106,7.675,8.376
12.009,11.752,2.368,11.066,5.836
0.866,27.017,2.543,33.361,10.519
7.551,4.427,45.561,3.258,8.058
0.418,5.133,0.78,1.775,7.34
22.053,0.422,0.624,2.473,14.818
1.071,28.354,1.297,3.87,21.213
27.183,0.019,19.608,12.596,1.778
14.424,16.062,4.337,7.574,1.802
0.689,11.333,3.567,3.365,10.862
12.718,12.287,1.189,16.566,5.486
1.398,24.171,9.562,1.304,17.588
10.188,47.97,3.453,2.095,40.144
0.318,21.921,2.22,0.465,15.081
14.04,20.218,1.641,2.207,26.551
13.413,6234.449,3.677,6.423,29.498
22.294,13.387,2.004,10.789,2.531
14.713,2.004,8.476,2.905,5.658
4.317,3.949,2.247,7.788,3.585
7.972,13.239,0.773,31.334,15.059
5.01,2.545,0.233,3.972,4.354
17.375,17.414,38.136,0.165,2.856
0.521,20.828,0.104,2.2,2.332
2.571,42.334,13.458,11.306,2.187
2.578,8.118,2.881,7.807,15.141
4.525,14.027,9.651,8.47,1.059
32.426,0.979,9.369,14.102,9.351
2.443,13.775,7.445,15.165,17.836
8.477,29.686,7.562,2.184,21.59
1.947,24.897,0.51,1.938,11.316
14.217,0.789,0.408,5.85,14.021
11.248,20.421,16.232,14.883,21.536
42.153,9.995,5.649,10.645,2.647
4.309,3.366,0.553,4.351,1.032
17.983,28.522,2.192,3.834,23.762
2.211,12.969,9.731,0.779,7.747
7.501,8.985,7.789,14.822,11.684
16.317,4.041,0.407,1.115,0.866
0.624,9.392,9.911,9.069,19.653
1092.684,6.818,3.913,2.25,9.076
3.207,0.115,0.052,24.783,11.426
13.852,2.951,43.625,0.322,4.878
9.472,7.153,1.488,4.116,1.377
8.709,39.41,0.201,4.426,1.625
9.567,26.5,5.167,5.544,11.616
25.433,1.186,0.837,43.882,7.073
17.733,3.882,9.566,1.482,1.475
20.542,7.458,0.539,20.126,1.818
11.89,39.636,11.694,7.106,13.571
2.665,5.105,3.823,29.308,14.53
7.267,11.923,0.245,4.679,9.152
2.736,6.031,3.681,0.135,1.772
3.55,20.413,10.484,4.358,8.503
16.66,6.977,0.863,5.404,20.703
5.233,1.265,16.462,0.875,1.423
1.727,5.765,3.048,13.106,7.651
0.3,9.388,2.295,21.532,3.232
1.285,7.434,3.2,10.086,19.808
7.403,18.561,9.253,13.985,20.499
2.043,15.764,15.798,2.663,3.551
3.904,12.484,1.591,15.544,4.684
1.156,13.357,10.029,1.924,8.129
0.73,11.632,4.387,6.143,5.57
24.384,0.793,9.334,8.751,6.509
8.126,26.244,6.788,11.899,12.888
0.646,4.18,9.344,5.387,19.62
6.07,4.903,1.22,15.692,21.175
5.522,12.258,0.016,4.947,1.317
30.282,0.821,30.91,1.417,8.856
12.988,15.115,1.533,36.612,7.709
2.148,3.9,6.647,21.278,19.479
5.99,6.169,1.794,3.841,6.327
12.809,20.1,15.808,7.647,10.248
11.8,12.626,1.009,0.826,31.564
24.202,23.882,6.279,49.403,4.497
12.336,11.567,0.057,3.342,8.413
0.399,6.569,9.414,0.698,6.019
2.916,25.185,8.769,4.555,0.436
0.919,2907.675,4.118,0.031,2.912
1.756,2.413,0.376,10.508,10.251
35.391,5.163,0.921,14.122,13.817
6.798,13.706,1.236,6.164,0.951
9.461,18.456,38.93,0.544,0.276
4.133,19.151,17.906,22.41,21.901
10.017,8.553,52.306,6.0,6.782
3.899,13.276,9.431,15.084,26.717
0.248,13.789,2.602,9.181,13.447
23.856,2.292,0.719,7.662,3.708
1.04,1.817,5.458,3.401,10.271
2.152,2.297,36.729,9.456,2.279
8.197,12.372,4.116,16.317,15.29
15.774,4.309,15.402,0.455,2.155
9.64,18.639,4.147,1.81,1.307
2.903,19.769,7.57,27.542,11.318
15.48,25.096,0.258,15.882,6.343
12.272,1.528,7.284,1.316,4.711
10.369,0.982,5.139,9.459,7.618
8.961,16.533,0.866,18.805,6.462
30.275,1.914,0.251,7.945,35.417
3.048,8.993,4.957,0.615,14.495
2.31,4.78,1.421,1.78,3.11
25.332,5.712,9.952,0.281,4.455
4.834,0.91,13.595,2.296,2.473
7.902,23.313,1.819,8.458,17.735
15.607,2.457,0.193,2.93,10.936
3.118,21.221,2.913,38.792,104.148
5.16,16.058,1.012,3.785,5.688
34.286,7.221,24.19,3.85,6.233
9.12,9.372,2.931,8.483,10.365
6.682,26.834,0.792,4.605,0.067
12.269,12.236,6.471,18.155,2.768
3.833,32.119,5.923,13.59,2.882
9.888,0.218,12.926,4.952,0.571
11.604,11.006,2.371,13.249,10.53
4.367,13.876,3.821,11.821,7.07
1.535,8.243,18.738,4.981,18.939
30.737,6865.291,2.073,0.98,2.029
26.551,7.776,3.691,5.242,2.393
6.088,12.807,1.369,2.124,19.384
3.546,6.547,3.109,15.048,17.765
6.668,3.657,2.546,11.847,10.613
0.462,0.383,0.062,6.853,10.799
15.822,9.008,0.1,0.603,1.389
39.384,22.843,2.532,16.303,2.182
2.821,10.948,2.342,23.418,8.375
1.714,12.342,7.125,4.738,8.931
26.144,44.925,1.795,18.415,10.356
1.107,15.664,1.096,1.093,19.943
3.721,18.914,6.422,5.988,10.251
11.882,10.555,0.108,21.452,8.92
12.571,11.916,4.055,18.169,0.48
2.527,19.736,4.932,15.662,1.492
3.038,34.363,3.546,0.486,10.807
1.699,38.672,13.842,0.11,10.278
1.863,6.561,10.036,4.506,23.74
3.998,16.129,6.104,13.877,6.339
5.491,25.299,14.071,9.199,6.639
20.897,16.475,0.968,18.395,26.3
1.377,9.107,2.111,7.256,17.978
16.059,0.278,19.338,2.992,1.35
14.702,2.984,8.786,7.129,8.269
11.615,15.166,2.317,29.519,5.262
1.167,4.426,1.717,1.29,4.358
17.171,19.022,3.017,16.224,24.277
2.176,20.391,10.659,4.632,12.85
20.738,2.638,3.376,10.284,3.333
2.112,32.414,10.039,7.299,22.521
1.997,10.127,9.069,20.817,15.957
8.501,8.787,1.737,9.112,2.647
4.673,7.681,3.502,2.626,1.812
16.622,1.571,8.752,2.678,4.853
13.203,20.361,5.281,12.261,6.434
2.454,30.596,4.112,10.666,2.405
3.919,14.789,13.316,0.531,7.444
9.828,3.987,4515.231,1.563,12.61
3.627,29.781,5.424,17.681,10.546
15.294,11.527,0.6,72.701,8.274
26.576,3.588,0.66,1.737,2.443
14.766,15.396,1.205,21.225,19.097
2.082,8.159,5.27,13.053,12.156
8.697,3.365,34.955,2.182,1.251
9.706,11.226,3.637,21.218,0.026
8.629,17.729,9.704,5.221,3.284
2.867,30.763,25.416,1.487,7.415
1.947,12.642,12.145,19.394,21.951
9.125,10.743,6.339,6.15,6.976
8.571,13.558,9.494,13.162,25.055
18.561,25.844,0.83,6.45,7.445
3.359,2.24,34.242,1.894,0.761
19.106,3.097,12.509,4.01,3.067
6.354,5.997,8.469,0.477,4.988
3.569,19.952,1.779,7.392,15.808
8.754,19.112,1.935,22.692,17.169
2.03,3.707,2.546,20.712,3.062
6.882,13.113,0.034,1.456,8.827
6.103,22.248,11.835,4.708,3.344
15.894,16.142,5.131,5.081,8.149
2.484,15.807,9.547,3.062,12.442
29.32,14.173,10.209,0.413,1.173
1.257,9.482,5.266,1.213,26.793
19.254,19.3,3.311,13.269,6.26
2.072,14.841,10.673,9.866,0.087
1.808,4.331,12.539,7.622,17.943
1.771,3.664,43.712,10.302,0.955
5.188,21.22,11.568,8.032,0.629
0.668,13.823,12.307,3.964,19.563
3.572,2.677,0.336,3.064,12.641
3.017,22.459,3.416,16.464,2.925
1.159,10.515,2.785,0.977,0.605
7.902,6.851,5.762,27.796,14.412
18.973,1.734,38.865,1.447,2.902
12.356,13.976,1.895,6.979,21.352
12.239,0.625,6.442,10.484,8.76
3.513,3.115,21.967,1.822,0.569
0.162,4.557,6.293,10.479,21.957
0.223,8.438,6.666,18.581,7.976
0.032,26.973,10.418,5.881,7.149
6.962,0.237,34.816,4.271,6.715
18.145,6.974,0.785,7.329,17.503
7.96,28.057,21.925,10.185,9.801
14.48,69.164,8.695,4.015,9.87
5.221,4.04,11.661,0.002,0.51
0.882,16.063,6.182,2.815,33.311
18.177,1.201,20.083,5.889,1.334
13.255,3.593,7.371,3.827,6.252
1.115,10.572,1.053,28.947,0.287
25.922,4.818,0.109,9.104,3.853
0.996,3.775,4.876,22.453,11.351
6033.143,6.636,5.006,6.143,1.327
8.596,3.594,17.662,1.269,2.46
1.9,12.132,16.379,11.631,14.073
0.734,28.314,8.538,8.593,5.395
15.362,17.356,7.781,13.919,3.109
3.53,0.346,0.954,9.32,25.582
13.31,16.131,2.227,19.106,11.199
1.62,10.474,15.874,8.893,14.258
5.67,14.141,0.105,0.309,4.717
1.627,7.736,9.407,6.297,14.566
10.764,46.772,13.627,0.436,4.159
1.297,1.828,1.236,2.54,2.464
3.834,12.075,7.175,9.595,9.035
17.939,0.467,23.599,0.82,11.044
2.97,22.385,3.523,11.178,28.644
0.363,25.587,1.088,8.027,1.459
16.456,0.477,0.761,33.161,0.321
0.615,9.293,2.956,31.888,2.424
0.381,4.695,1.605,3.111,4.762
1.855,14.888,11.735,25.106,2.147
8.756,21.572,6.678,13.828,5.897
6.32,1.339,27.851,1.824,3.928
1.293,3.171,6.588,2.029,5.569
0.027,1.333,0.498,20.176,27.467
4127.458,5.693,26.073,18.057,42.017
6.381,10.171,3.87,3.466,0.626
5.654,21.734,13.158,2.143,6.148
12.039,9.963,2.633,12.203,3.112
3.1,2.855,0.097,9.704,6.487
15.4,1.434,0.273,6.999,9.21
3.69,11.638,13.477,2.763,9.291
1.641,7.304,7.185,1.912,5.217
19.28,5.757,0.464,0.985,10.765
4.006,12.48,0.461,33.817,25.914
7.497,35.782,0.962,4.797,2.855
6.655,27.175,18.296,36.547,12.101
4.132,3.949,2.157,8.514,6.507
10.743,23.761,1.727,23.338,16.616
7.848,4.119,0.972,2.908,5.231
11.517,8.505,1.797,14.22,8.349
4.104,5.152,1.691,31.696,2.136
4.395,26.636,1.726,5.361,4.698
10.31,1.249,0.287,5.484,3.961
17.68,4.211,0.395,39.433,5.528
10.924,31.895,4.189,6.032,16.138
6.857,7.704,5.096,6.303,12.178
2.25,11.166,6.578,2.666,4.58
2.198,2.048,0.161,6.578,8.546
21.397,5.289,5.152,2.823,2.729
0.978,5691.414,10.874,7.667,2.515
1.993,5.942,5.237,5.296,19.705
5.021,13.965,0.096,4.741,7.617
0.925,13.645,1.602,25.309,11.823
1.377,12.984,10.958,9.13,9.633
12.306,3.681,19.604,0.899,3.469
0.154,4.949,6.953,5.649,17.599
4.113,6.425,6.6,6.422,10.1
5.004,0.824,0.793,2.085,15.653
12.899,8.555,1.27,6.529,5.569
2.167,1.101,0.626,4.564,1.876
4.133,12.853,7.037,20.867,26.619
1.696,14.396,18.297,1.404,7.148
0.499,0.921,0.549,33.089,16.956
20.806,0.923,32.373,10.827,0.803
39.531,8788.993,0.327,2.119,13.182
2.065,5.099,0.458,10.452,3.317
0.672,3.071,0.071,0.279,1.976
2.08,13.706,4.977,17.616,39.991
2.355,8.307,0.724,215.456,1.482
2.73,0.402,0.225,6.602,26.095
2.058,0.738,0.293,27.29,17.246
16.886,35.506,1.765,10.082,12.878
2.249,24.989,3.507,0.01,9.836
2.803,5.736,2.008,22.256,0.338
17.919,0.996,19.291,4.155,7.304
2.472,14.629,4.627,3.993,3.406
9.325,36.001,17.431,8.901,3.654
1.924,7.658,7.689,6.012,10.736
6.559,1.9,8.584,0.062,1.475
2.595,7.974,4.396,26.563,0.872
4.97,4.74,28.079,0.692,3.551
3.841,13.571,1.098,4.834,2.907
12.563,27.549,0.049,5.394,7.05
1.771,6.802,15.729,5.878,30.309
4.543,7.207,8.722,7.546,25.752
0.358,21.324,4.819,1.891,1.526
2.627,2.713,5.593,6.864,14.474
1.549,6.753,6.325,33.372,35.503
2.866,9.221,1.489,12.432,2.082
4.018,19.453,2.822,25.847,4.987
1.559,20.069,1.811,20.643,8.973
8.916,24.762,7.967,0.962,1.906
0.074,36.684,10.354,21.936,12.805
14.454,7.755,12.598,1.405,7.477
4.44,17.886,2.107,3.183,37.272
0.698,6.129,5.902,6.91,15.523
25.285,3.921,1.098,5.057,0.582
9.631,11.799,5.046,7.196,8.844
15.981,17.699,6.66,17.371,7.514
4.039,8.827,4.242,3.147,1.53
3.135,9.3,2.368,3.695,10.626
0.858,28.915,19.635,10.972,6.325
7.514,6.009,7.221,11.153,10.902
13.817,5.057,21.466,1.679,2.928
25.603,2.747,0.45,38.86,23.269
10.271,0.66,9.037,1.074,0.216
2.453,30.621,9.284,16.254,5.229
0.344,3.265,4.523,5.44,14.514
24.717,13.71,0.123,12.729,2.78
5.724,5.426,4.116,6.017,8.117
0.754,11.169,2.031,5.055,8.208
8.601,2.462,0.932,1.144,0.777
5.521,1.656,0.842,29.087,1.657
2.277,27.087,2.76,16.844,12.639
1.34,0.779,0.722,2.615,4.675
2.921,6.345,7.316,1.533,8.946
6.895,0.696,13.776,0.128,0.926
4.081,23.937,17.568,1.109,9.476
1.767,0.171,6814.626,5.041,4.751
3.818,33.564,25.826,7.256,22.919
3.113,6.945,3.232,18.218,26.244
10.948,15.881,2.94,0.417,7.947
2.009,8.384,1.065,5.479,7.102
1.324,17.334,2.592,4.185,4.56
5.723,0.109,0.919,3.045,4.01
1.215,4.638,24.179,2.361,1.474
4.898,17.441,8.854,6.346,0.093
36.242,38.14,1.591,24.121,7.783
8.795,15.459,1.694,23.608,39.864
8.867,18.258,2.1,4.904,0.479
13.226,0.46,28.357,2.774,5.059
13.255,16.915,18.104,7.769,15.714
2.944,36.301,1.152,2.62,23.101
0.565,1.305,0.189,10.008,1.394
6.278,7.821,31.488,1.883,0.925
9.172,9.056,0.536,13.492,5.685
0.009,8.194,1.643,1.82,10.654
4.821,26.126,2.4,2.46,11.302
4.047,8.984,45.976,0.754,0.137
6.414,14.587,1.74,36.306,24.966
0.503,3.023,3.197,13.427,1.894
3.925,20.377,3.613,1.063,9.976
3.204,14.324,7.743,1.655,19.926
6.541,4.026,0.354,3.327,1.217
10.126,4.189,1.455,20.881,9.959
8.455,12.009,21.76,0.471,0.703
9.099,17.705,3.623,3.179,8.813
26.688,15.852,0.974,0.1,1.789
1.148,13.173,9.336,1.872,0.506
0.719,38.401,5.016,3.843,19.165
0.596,3.999,8.023,2.165,13.391
3.441,28.762,3.862,11.793,28.202
6.956,15.916,6.563,6.433,23.777
28.241,6.152,0.046,0.803,2.071
15.226,20.692,1.212,3.225,9.373
28.673,6.353,0.51,8.062,4.933
5.769,12.367,11.441,7.161,13.427
0.378,13.104,7.889,20.647,10.406
13.967,16.4,5.334,19.609,17.186
6.175,1.83,0.122,2.909,5.862
24.889,1.501,18.342,7.185,2.271
3.891,25.277,0.609,2.272,0.494
11.132,18.785,10.715,4.611,8.736
24.815,29.261,3.182,3.507,7.52
13.498,9.837,4.464,2.594,1.698
5.286,7.332,2.647,1.65,1.012
2.296,20.023,3.351,17.646,7.516
10.059,2.184,0.689,8.51,3.327
2.954,20.283,13.649,5.831,0.88
2.827,14.376,33.266,2.784,40.433
3.271,16.027,3.126,10.713,35.84
6.793,13.549,0.505,3.328,4.09
14.967,6.066,2.987,0.59,1.294
15.702,4.97,0.255,10.183,1.425
3.444,21.315,7.568,6.839,10.537
1.118,9.069,5.035,10.225,8.62
13.417,19.07,10.629,3.893,9.605
11.832,3.09,5.01,0.381,2.757
1.468,6.433,0.162,6.125,2.919
14.927,0.004,4.379,12.17,7.833
2.129,11.927,0.454,0.701,11.623
17.873,0.954,4.613,2.604,3.903
3.982,18.069,4.338,7.149,11.569
16.28,2.133,13.583,2.709,10.813
0.893,8.593,5.201,2.783,22.099
12.347,25.322,4.514,89.359,4.062
12.175,15.471,9.259,0.168,3.725
2.244,10.703,9.167,6.253,13.676
4.794,13.399,4.855,6.44,4.035
8.237,26.538,2.667,29.224,29.767
29.143,32.466,12.293,31.32,4.631
6.777,14.832,3.664,11.864,17.212
2.571,8.833,3.187,5.876,3.072
8.948,3.422,13.283,8.344,16.202
2.619,10.832,0.623,15.287,8.094
7.901,10.833,2.328,2.987,1.467
26.789,20.259,9.921,0.049,0.036
6.855,7.376,0.13,5.345,6.302
7.913,28.522,1.612,7.454,10.434
7.646,4.021,4780.207,12.264,24.422
9.856,4.991,0.293,3.182,13.354
0.39,15.285,6.436,3.91,5.243
27.202,8.114,3.676,2.408,0.79
20.754,3.045,6.952,2.943,2.891
2.515,13.205,7.314,1.321,11.603
2.911,6.531,3.965,5.966,12.987
3.013,6.853,1.789,50.045,15.417
39.751,28.249,5678.485,17.247,1.779
6.164,0.869,12.3,2.142,11.782
13.287,14.589,0.631,11.184,6.256
3.416,29.985,25.612,2.391,3.958
3.419,4.103,13.197,0.042,7.72
1.13,10.951,6.306,9.254,12.066
7.685,1.804,57.32,7.612,3.715
0.929,0.42,40.033,11.263,4.98
27.039,10.279,5.09,4.419,0.98
9.525,8.715,2.702,9.602,9.519
7.013,8.933,0.148,3.81,16.208
2.968,6.131,1.633,5.827,4.509
4.88,27.775,0.408,5.515,0.169
1.11,37.086,2.109,0.383,9.034
0.603,14.028,10.856,2.64,2.624
8.02,23.765,3.14,3.776,26.148
1.528,24.283,16.741,5.204,12.937
2.008,13.596,1.433,0.541,10.106
1.362,1.009,2.748,7.503,16.126
0.076,4.467,35.804,1.162,2.302
6.333,23.356,11.659,1.254,23.889
13.779,12.883,2.157,4.4,2.46
6.692,4.298,1.211,22.628,2.326
3.54,30.193,0.408,8.842,8.696
11.165,0.577,6358.19,1.401,8.571
6.125,23.909,2.259,9.409,2.38
8.778,0.583,5.312,0.532,4.502
5.268,18.289,1.121,12.339,8.621
9.52,31.132,5.042,4.67,5.492
1.923,2.202,0.515,4.633,1.003
0.763,1.635,5.679,3.376,8.794
20.78,6772.49,5.369,1.274,17.74
16.208,33.314,3.862,3.731,12.314
1.376,9.213,7.097,5.14,12.523
7.781,0.129,0.712,10.38,1.389
0.973,14.198,1.992,32.458,12.414
3.159,5.279,2.848,6.488,8.061
2.729,11.25,3.048,8.722,6.752
0.927,12.452,6.77,0.432,35.088
2.213,4.36,2.102,19.955,18.907
16.703,33.58,0.019,3.545,3.481
8.689,29.919,13.947,7.059,10.412
10.255,9.999,6.268,5.59,5.111
0.145,0.08,23.906,9.501,4.298
3.171,7.98,11.868,2.596,19.443
3.708,46.571,0.218,2.054,1.488
17.902,0.587,6.699,21.272,13.23
11.627,2.939,0.389,10.628,14.689
12.121,21.063,1.177,4.231,17.019
0.205,6.385,1.809,4.294,14.809
10.502,46.087,1.04,5.599,3.964
30.112,1.103,13.167,5.394,7.242
10.348,6.61,0.295,20.103,3.244
7.57,3.903,2.158,44.422,4.187
1.781,33.833,4.796,3.931,42.442
0.041,10.098,0.318,39.021,1.388
15.467,40.913,12.382,12.143,17.472
0.317,25.169,218.027,3.781,10.665
3.174,3.805,9.037,795.791,21.063
7.871,8.414,3.528,7.221,2.324
5.913,7.864,49.636,2.086,5.858
2.309,16.565,1.042,2.844,3.141
21.262,0.289,21.556,0.304,7.4
6.601,13.521,8.812,2.593,28.047
5.809,11.901,8.412,8.126,4.187
16.86,21.211,1.079,10.85,0.765
4.074,7.242,0.055,3.457,40.529
20.154,0.27,1.085,14.446,1.821
14.705,36.851,8.79,5.421,1.067
4.714,31.909,1.822,21.799,16.55
7.059,0.366,0.954,1.112,2.493
2.431,0.029,56.71,12.798,0.615
3.257,4.756,3.103,4.674,5.515
13.145,16.745,7.87,41.892,4.434
5.321,4.15,1.886,31.353,10.67
10.833,1.457,0.16,12.179,3.938
13.2,4.275,14.401,4201.399,15.782
1.967,4.912,25.815,2.441,0.799
10.881,12.379,0.325,1.531,9.736
6.628,8.107,13.477,6.979,14.825
23.424,36.014,0.265,9.49,18.124
5.548,4.531,1.156,11.303,4.221
0.386,36.688,1.771,1.219,19.04
9.033,4.694,6.198,1.359,3.571
3.306,6361.226,26.995,4.979,8.512
21.683,7.522,0.663,16.305,2.358
14.374,11.755,3.815,12.383,6.732
1.332,36.418,7.386,0.632,15.954
1.437,14.447,0.228,1.126,31.331
13.341,1.613,31.293,7.183,1.39
2.797,3.678,2.237,3.44,9.135
5.897,7.327,3.156,2.113,0.982
1.435,2.504,3.769,1.887,3.924
8.89,4.919,15.887,2.867,1.237
19.9,4.137,6914.65,16.883,3.993
13.38,0.062,3.371,0.57,2.222
6.213,0.517,56.642,18.739,5.825
0.061,0.436,7379.433,4.42,10.83
14.162,2.431,0.558,4.248,1.588
13.804,3.675,0.785,20.491,2.066
39.358,14.615,56.358,7.041,0.983
1.915,14.213,9.772,13.368,8.438
16.282,4.014,1.826,5.332,1.737
7.757,8.381,6.791,33.74,6.197
5.038,0.893,0.229,3.698,5.411
5.235,6.145,3.345,28.263,2.342
7.777,21.463,0.465,21.892,1.199
3.995,27.572,10.249,12.941,4.833
0.422,3.251,5.437,9.74,34.127
2.531,4.785,1.383,21.52,4.786
2.853,0.092,21.369,8.208,0.37
29.332,54.635,0.23,0.325,7.754
1.035,0.3,0.399,0.578,4.619
25.07,1.456,0.17,21.741,2.31
15.458,1.681,0.054,6.951,23.229
20.569,18.038,0.322,7.833,11.741
3.871,13.777,0.736,3.445,1.006
47.53,4.244,30.413,9.589,9.622
3.747,1.688,35.015,6.241,4.816
5.104,8.765,5.984,28.766,7.709
10.937,8.672,5.092,7.247,6.736
4.636,33.756,22.274,12.871,12.693
1.949,20.182,0.718,2.829,1.71
4.929,29.585,7.57,2.133,10.388
17.728,34.14,4.365,20.133,8.144
0.431,29.006,7.93,15.5,23.023
1.154,9.604,6.95,5.985,5.468
1.362,19.964,5.614,12.514,25.895
9.147,24.16,18.848,1.46,12.944
20.459,12.112,3.91,50.703,2.089
6.472,0.282,34.541,3.079,8.061
0.73,7.102,15.876,3.427,18.652
13.059,11.461,32.789,2.842,0.83
0.187,0.386,33.474,14.749,1.953
12.638,8.049,5.509,2.014,2.675
1.558,15.491,11.228,2.141,15.818
8.677,11.488,6.208,4.199,7.027
20.01,33.064,0.098,8.929,14.81
1.592,15.81,3.405,11.33,6.308
0.929,17.582,8249.765,3.896,1.375
9.353,26.051,7.682,4.85,10.916
0.543,7.524,12.514,0.643,4.241
1.927,7.28,14.98,3.29,11.629
3.058,2.618,32.312,1.89,0.72
13.579,6.508,4.481,16.02,11.522
6.175,5.003,30.333,2.428,3.788
3.349,7.123,3.151,12.035,9.252
7.472,3.111,8257.597,6.592,0.497
9.946,6.169,26.658,4.783,0.143
3.703,7.804,6.76,5.164,7.785
10.512,11.373,2.038,2.385,7.17
7.29,23.198,10.004,0.687,10.272
32.705,0.106,7.339,4.816,1.977
15.145,35.28,3.597,4.952,6.679
681.467,13.621,1.612,21.836,13.506
12.779,13.525,0.09,2.733,1.074
27.969,10.857,24.46,6.721,1.528
1.239,1.887,2.64,3.952,5.057
25.318,18.543,5.502,17.435,6.362
2.948,2.574,3.084,12.176,23.964
5.117,31.349,7.344,6.892,6.738
4.008,12.672,0.414,2.181,0.094
3.409,16.426,1.331,4.947,12.555
4.814,1.684,2.943,0.024,2.258
1.669,25.793,14.67,3.819,33.309
5.086,7.468,1.052,8.717,3.583
2.111,22.403,6.53,1.111,6.18
23.014,4.805,1.618,7.099,0.878
3.036,0.895,6.434,2.385,7.55
6.616,25.746,14.318,3.745,9.753
32.974,25.216,12.391,4.317,3.517
2.628,26.748,10.314,15.573,1.564
8.858,27.14,18.766,20.333,2.85
3.312,19.928,5.382,0.438,6.651
10.146,25.708,1.534,9.398,31.474
9.962,8.218,6.088,32.575,25.111
11.928,27.262,0.554,0.659,15.84
14.006,10.964,2.288,9.415,3.881
3.965,12.495,14.198,1.962,10.552
18.24,14.679,7.217,11.261,9.12
3.572,3.124,2.697,18.975,4.843
2.606,6.681,2.505,9.722,2.15
0.852,10.93,9.574,2.364,1.075
8.981,13.512,3.425,11.338,3.788
21.513,29.977,0.623,2.925,18.347
5.365,13.743,11.98,12.789,14.341
4.238,31.824,1.409,8.232,3.723
1.932,8.884,8.881,7.515,15.661
9.526,16.794,6.618,7.621,3.236
0.176,1.476,2.656,21.401,12.23
24.917,4.49,19.58,1.774,1.162
1.677,1.953,0.966,4.396,0.212
9.059,7.277,7.389,0.381,3.52
2.712,12.57,0.703,2.575,43.328
2.418,7.425,3.77,3.294,7.075
20.391,0.027,0.03,4.864,8.278
2.719,9.628,3783.757,26.174,2.514
27.737,6.916,12.473,14.961,14.809
15.742,3.742,0.962,5.612,6.438
2.457,5.488,0.196,3.173,0.283
6.044,2.678,7.891,0.626,0.921
0.964,0.127,0.575,2.438,24.324
1.842,36.594,5.182,8.533,1.782
9.586,6.788,1.301,26.585,1.135
0.708,24.345,8.863,5.258,12.575
3.106,1.937,22.038,3.811,2.329
1.327,34.076,0.955,21.326,7.181
5.776,1.728,3.73,20.14,23.799
0.697,36.156,6.333,25.211,1.02
34.309,9.611,0.888,2.231,1.777
4.37,14.929,4.023,6.461,12.113
6.324,11.071,1.864,5.398,1.114
9.606,10.706,5.26,25.56,0.496
8.694,22.356,11.408,10.671,2.571
14.455,0.338,17.858,0.964,14.232
4.467,13.815,1.749,33.431,4.036
3.89,7.751,1.64,6.034,9.473
6.073,0.531,0.665,5.319,19.282
9.094,16.424,3.677,1.256,13.918
4.654,6.398,46.064,0.086,0.056
0.155,0.953,16.193,3.763,0.2
8.385,7.193,11.306,3.203,8.546
1.074,7.549,0.902,6.279,13.706
1.574,27.828,1.439,1.97,7.177
32.425,21.328,6.898,25.617,0.93
0.986,7.558,7.048,4.972,25.943
16.578,16.935,5.855,6.263,1.972
1.255,9.153,10.42,0.377,6.939
2.062,34.185,4.555,3.685,3.569
1.281,30.011,15.404,5.686,8.488
21.627,0.076,7.617,4.873,4.974
6.688,8140.341,2.26,2.279,14.714
18.88,1.616,24.421,1.605,7.943
2.796,9.394,1.949,5.779,2.233
1.072,7.729,3.67,0.118,3.593
4348.007,5.245,0.243,16.415,22.344
10.947,34.803,3.195,18.09,4.496
6.907,37.294,2.286,12.478,1.607
19.747,64.207,11.549,8.6,0.934
8.652,24.952,13.634,19.448,2.64
23.674,32.991,5.889,0.485,9.924
15.844,3.668,14.909,4.219,2.32
7.081,15.278,8.218,3.964,9.2
8.651,3808.108,5.14,3.752,3.879
7.485,18.913,16.071,17.423,28.145
2.741,9.665,1305.352,0.477,13.265
5.196,15.291,1.389,0.904,10.632
9.114,8.856,2.719,8.14,13.463
2.205,10.721,0.435,1.395,0.849
23.283,1.025,9.191,4.113,1.609
9.492,0.054,14.527,4.49,0.355
8.459,12.918,2.416,5.644,2.922
2.826,0.128,20.483,3.88,5.674
2.721,8.313,0.34,14.121,3.927
9.137,10.567,0.635,2.114,2.869
3.934,9.887,1.035,11.299,0.435
1.313,23.683,5.075,38.817,2.307
1.406,10.624,4.226,0.562,5.703
2.234,10.73,2.443,3.196,37.198
0.139,11.678,8.672,6.424,18.578
8.343,31.226,23.059,1.664,9.019
2.219,25.072,7.044,4.008,4.296
3.319,9.625,3.952,16.876,38.34
16.701,3.952,8.64,0.072,3.518
2.164,12.689,3.969,7.907,32.057
28.289,0.598,32.463,3.303,6.203
7.289,19.82,5.12,29.138,22.143
18.081,38.553,11.798,10.931,3.643
29.497,16.088,6.244,16.455,6.801
0.41,9.611,5.406,6.194,7.43
1.197,6.725,8.315,3.146,7.912
2.315,26.819,7.359,0.446,0.395
12.145,0.061,13.016,4.525,1.223
18.151,4.249,22.092,0.999,4.922
7.653,16.769,6.646,2.73,8.985
8.537,13.464,2.709,1.494,6.648
9.077,9.248,1.276,10.242,3.937
2.448,17.549,0.443,0.653,32.205
16.734,3.167,11.818,1.969,8.713
9.714,16.625,8.416,4.496,20.421
10.318,2.195,19.709,1.715,2.914
9.173,7.978,1.332,17.892,0.271
0.041,12.131,8.629,14.049,3.843
16.715,2.711,2.444,38.262,17.059
13.246,11.992,44.096,3.507,5.101
14.255,16.94,5.762,15.985,10.74
7.317,28.891,2.412,0.873,7.936
4.247,7.471,5.754,7.379,22.459
7.869,17.748,13.694,3.934,39.215
2.67,36.345,18.615,25.562,6.06
12.564,15.437,6.253,14.413,3.307
17.444,2.053,1.093,3.381,21.788
8.27,24.064,1.208,9.21,28.331
7.431,29.874,21.553,5.557,11.124
4.178,18.692,6.195,4.914,25.258
1.668,42.681,7.822,26.707,12.994
10.666,3.146,8.225,0.295,0.669
5.724,27.835,13.734,2.392,4.306
15.62,0.401,16.953,0.471,1.645
14.448,1.102,11.963,1.831,0.496
5.178,21.686,15.985,2.699,13.763
16.126,5.204,1.482,5.168,1.051
0.573,21.573,2.819,6.029,3.529
18.522,38.626,9.81,4.845,6.955
20.32,4.055,25.434,0.488,0.058
15.222,0.499,16.112,6.757,1.599
1.089,11.013,12.838,7.766,17.938
10.369,7.771,0.238,3.681,16.654
16.538,26.727,4.878,13.002,31.264
11.766,28.073,5.559,4.237,12.7
9.063,8.42,0.259,12.415,21.08
10.313,7.513,0.897,8.084,7.167
8197.851,12.02,33.977,9.378,25.537
19.638,23.43,9.826,28.839,7.948
7.489,5.207,0.148,19.362,3.235
1.149,2.192,8.081,4.12,11.182
0.302,26.61,14.845,11.189,12.86
4.0,38.579,0.802,12.296,29.107
2.724,13.791,3.023,10.66,13.599
15.184,22.359,7.308,5.382,11.756
1.246,42.046,25.293,21.458,17.207
2.967,10.173,8.22,5.832,8.544
1.843,8.156,9.284,2.787,25.534
2.111,7.575,2.797,8.732,23.132
0.527,1.741,22.793,1.782,1.862
10.348,16.405,2.821,9.798,6.05
5.199,32.249,4.486,14.12,2.016
8.702,1913.712,16.738,2.735,8.237
13.539,12.192,5.506,29.737,7.544
19.932,20.846,2.775,18.782,10.271
14.758,16.894,5277.599,10.435,10.401
2.214,12.852,20.264,6.954,15.79
8.727,3.349,25.461,6.04,0.57
0.288,10.722,22.14,4.57,13.863
6.41,1398.871,11.638,0.246,22.003
22.411,16.627,1.925,28.593,13.086
24.124,4.861,9.465,8.198,6.953
9.063,19.682,4785.111,7.457,6.762
17.476,3.804,0.241,4.277,3.466
4.057,12.175,0.856,10.06,6.939
11.614,8.929,1.384,9.327,7.892
7.821,0.811,18.565,6.028,23.59
23.361,4.399,3.531,0.36,1.425
9.738,7.952,1.051,9.29,3.663
4.613,17.294,0.855,1.166,12.415
16.837,3.313,3.151,3.959,1.297
5.439,15.368,14.401,14.989,13.977
7.946,1.312,35.942,6.712,2.322
4.079,2.316,1.735,25.124,2.102
3.217,6.997,1.216,5.396,1.502
11.417,12.967,2984.608,7.739,14.186
0.428,16.135,11.791,9.424,1.289
0.6,4.523,2.757,12.188,8.424
4.723,23.733,2.805,8.731,22.035
1.849,0.94,0.623,4.092,5.011
0.32,22.187,0.334,37.173,4.934
1.756,6.638,2.385,6.183,17.963
2.758,35.906,0.003,1.558,1.169
1.41,1.168,0.274,11.98,2.764
1.82,2.292,0.597,2.577,3.641
1.102,15.427,1.051,0.092,10.422
13.889,16.859,0.837,2.503,68.858
7.659,1.662,40.081,3.496,6.532
2.627,32.488,21.303,4.725,4.033
12.114,11.077,0.454,0.916,3.912
7.872,17.367,1.23,2.295,1.917
9.532,11.499,1.036,31.78,0.347
0.026,25.205,3.117,6.658,1.442
5.898,17.818,8.765,0.395,6.43
0.186,13.094,3.95,4.918,15.229
2.687,13.852,1.184,27.608,1.916
24.016,4.989,25.186,0.166,8.583
7.675,1.573,8.171,1.184,6.665
1.405,18.661,0.335,0.285,24.266
1.118,17.314,0.233,1.922,5.223
27.084,25.89,0.909,0.946,4.174
7.596,15.771,2.37,14.071,1.868
7.033,18.5,4.724,12.035,15.198
0.893,8.399,20.903,10.495,31.891
3.672,26.325,0.968,16.03,2.378
4.274,13.51,2.673,3.314,5.698
1.403,20.147,19.366,33.083,11.144
5710.176,9.415,21.746,4.5,18.023
6.82,7.71,2.569,5.014,0.71
0.077,19.031,6.957,42.622,3.495
37.195,4.672,19.863,1.28,2.945
24.037,9.364,0.567,20.604,7.415
0.254,5.986,3.679,0.805,5.177
11.189,24.478,12.814,13.166,25.707
9.077,3.718,2.813,44.465,1.336
1.538,5.893,4.363,0.015,7.986
0.309,11.139,5.641,1.89,1.203
9033.057,27.247,2.918,1.622,0.91
3.58,10.614,1.298,12.748,16.829
10.063,4.077,6.839,8.561,8.737
2.52,5.12,0.143,36.424,11.694
26.538,1.493,24.765,2.207,7.74
2.013,0.599,1.053,23.087,1.902
11.655,28.708,1.247,8.973,2.545
2.707,8.879,4465.49,0.983,31.57
10.137,22.336,14.291,7.563,52.742
12.87,9.913,0.004,9.638,6.301
2.228,7.784,0.983,6.033,15.357
35.871,1.342,19.938,1.237,0.914
21.769,39.032,1.02,30.543,14.574
8.89,7.778,0.446,2.764,1.736
3.179,11.098,6.176,19.753,10.59
0.319,14.082,4.93,15.443,10.47
2.243,8598.024,1.061,3.377,5.496
4.901,6.32,0.042,26.689,4.829
28.637,6.993,10.321,0.592,4.679
5.708,29.191,0.378,2.558,13.383
7.2,15.249,4.991,3.223,2.316
7.305,4347.996,30.697,0.759,3.591
5.612,0.183,19.328,0.992,3.588
1.721,16.263,3.352,19.133,3.003
6.498,8.621,2.868,40.963,9.725
21.464,0.839,6.877,5.96,6.279
15.441,8.374,48.35,0.512,0.924
5.266,6997.282,11.936,6.083,5.863
0.306,12.271,10.065,13.297,15.634
0.811,5.522,2.951,17.045,8.001
5.349,63.383,23.387,2.716,0.311
0.405,11.032,11.657,9.963,13.93
6.776,0.576,65.19,0.402,0.172
2.863,3.183,31.65,1.6,5.193
2.775,4.087,15.382,0.155,1.231
9.812,24.907,24.706,3.007,13.803
1.673,1.865,20.013,0.464,3.578
8.868,11.573,0.938,21.418,23.397
3.669,33.593,0.477,3.437,13.083
24.902,3.559,11.473,3.649,0.554
6.337,13.754,1.317,16.466,8.851
10.862,18.268,8.938,2.504,10.246
3.885,13.262,7.748,3.07,28.954
8.024,2.472,27.992,1.186,4.752
7.785,23.659,12.667,2.622,6.02
2.967,15.868,5.758,14.386,11.161
4.61,3.376,0.216,0.598,2.027
2.948,12.844,1.889,13.51,28.971
5.629,16.629,4.47,1.6,1.035
2.446,48.524,4.412,11.564,7.322
1.735,31.143,8.737,1.24,0.015
0.73,4.372,1.155,0.576,5.381
1.786,15.855,7.491,0.326,19.809
1.028,12.74,0.706,11.955,0.889
2.185,16.207,4.744,11.042,0.629
0.731,18.892,11.476,5.377,2.879
2022.322,31.648,21.131,1.872,0.775
14.406,10.085,12.981,0.3,8.818
7.474,1.747,17.139,1.156,0.387
3022.278,1.16,10.926,3.753,17.421
15.939,35.289,1.356,17.016,2.021
11.16,10.75,0.671,10.22,10.934
15.358,2.317,2.061,1.638,1.32
8.857,48.084,25.019,30.623,11.23
7693.603,8.217,5.989,19.172,0.545
0.861,13.91,10.485,1.886,27.902
3.544,16.352,1.642,16.381,7.106
1.271,3.159,1.434,8.072,5.441
29.241,9.471,11.34,4.404,4.296
12.027,17.005,3.7,4.103,10.032
7.938,16.565,4.009,3.525,11.349
8.266,8.83,1.265,13.353,3.388
12.595,2.672,0.418,17.632,7.535
12.62,41.633,1.71,22.473,7.753
1.85,10.879,8.49,4.012,6.064
2.156,16.432,0.598,4.982,0.19
10.617,63.66,1.311,0.316,3.626
15.073,12.271,19.536,2.752,12.04
3.084,20.74,2.139,11.852,19.977
6.15,22.276,6.519,16.435,11.858
4.279,7693.103,1.905,32.088,6.584
2.51,10.045,0.856,13.797,0.069
9.339,1.136,5.707,1.997,1.444
16.838,14.905,3.252,35.471,12.565
17.351,0.21,5.733,6.429,0.77
5.899,2.795,1.486,12.811,8.154
0.169,67.687,16.238,0.02,2.883
2.748,11.412,0.067,15.674,2.286
2.535,10.395,0.023,9.485,2.649
4.155,17.091,8.792,7.152,9.394
0.148,5.283,3.181,0.706,0.444
25.258,1629.563,5.824,17.773,3.278
14.724,7.565,0.208,1.423,16.666
0.969,6.63,5.107,23.168,0.422
5.356,6.976,1.54,34.622,27.201
11.402,11.293,3.853,10.67,0.58
4.94,3.136,22.143,2.561,2.549
3.109,10.598,3.528,18.074,24.963
24.695,8.516,0.191,0.319,14.188
16.354,0.711,549.251,2.105,2.119
2.956,3.25,2.642,20.027,1.537
25.007,46.629,3.295,3.27,17.231
2.031,16.556,9.227,8.198,9.485
2.519,40.808,14.929,8.622,3.182
1.638,50.175,0.734,10.703,0.541
2.54,31.37,27.25,3.073,36.464
8.029,2.414,0.116,7.49,7.556
18.565,10.02,2.242,16.388,2.679
10.951,1.371,11.945,2.785,12.381
6.437,27.881,10.177,3.592,23.186
23.831,0.535,18.198,0.972,11.03
4.263,28.546,2.659,15.802,5.75
6.191,11.59,4.994,4.255,0.199
31.828,16.544,4.782,3.018,1.177
3.477,8.573,15.356,5.399,21.887
9.601,7.538,3.384,17.127,12.135
20.603,3.615,5.31,0.727,1.379
2.438,21.251,6.116,30.089,1.482
1.207,18.568,0.895,26.6,14.744
1.878,0.258,4.516,10.725,17.318
13.89,1.421,80.26,2.518,24.737
5.848,19.482,1.265,51.488,13.966
0.402,4.454,3.358,3.241,2.374
15.813,17.274,8.391,18.545,12.559
15.877,1.693,1.329,3.453,1.409
22.224,6.35,0.276,1.612,3.694
1.763,8126.64,9.696,2.176,2.389
5.815,1.262,11.589,4.421,13.892
3.848,9.558,1.817,12.187,0.752
2.652,25.786,7.07,18.477,0.671
1.051,25.242,0.642,12.419,13.178
0.862,15.567,11.505,20.293,12.765
2.192,2.3,1.426,18.078,16.182
7.917,13.641,3.269,2.805,11.474
2.44,12.054,5.943,6.121,0.652
3.323,7.321,0.417,30.937,18.582
10.112,3.928,0.444,2.513,15.874
8.574,8.78,0.325,4.475,24.954
11.062,1.78,0.773,13.02,26.582
0.778,2.574,0.483,6.581,24.719
3.029,15.501,0.077,8.698,34.259
9.019,9.304,0.085,2.176,8.08
4.6,6.591,0.655,7.902,6.857
33.428,2.806,22.489,2.046,9.202
8.704,27.487,3.767,2.627,12.74
0.013,35.237,5939.321,1.819,10.996
12.438,6.832,0.118,8.765,25.517
5.07,7.575,3.252,2.47,2.731
20.487,3.104,6.72,3.507,5.91
13.01,0.424,6.658,2.219,2.484
9.919,26.99,10.624,24.096,0.478
4.379,6.727,0.037,35.993,3.396
2.971,12.608,14.884,0.295,6.887
9.389,16.1,0.9,10.13,18.946
14.595,3.043,4.365,3.541,4.022
1.965,13.948,1.516,15.246,9.034
1.813,1.176,3.963,4.63,9.647
14.513,6.955,51.012,0.208,2.225
1.561,11.571,10.502,5.997,2.771
2.515,16.686,2.817,5.01,11.978
2.406,7.175,0.449,7.244,22.742
8.412,14.884,7.995,27.042,19.524
47.669,14.779,9.262,5.29,5.401
6.193,15.529,10.331,3.088,34.061
16.594,14.734,2.978,5.031,0.251
8.864,46.016,19.352,5.656,11.968
6.868,37.867,17.772,22.311,10.236
3.923,12.025,10.53,10.913,8.455
9.821,6.449,1089.922,2.113,5.641
3.07,19.195,1.32,0.081,0.012
8.948,0.407,9.989,2.746,1.643
16.127,34.747,4.884,2.284,5.098
5.823,23.743,3.774,1.54,3.791
31.855,5.209,3.945,8.829,2.276
4.915,25.127,11.56,7.664,3.266
1.195,4.946,2.727,4.677,5.132
0.058,24.529,9.813,13.527,2.111
19.781,39.479,10.564,21.123,3.358
3.716,9.408,6.423,9.792,8.036
11.85,6291.453,8.075,15.176,2.393
9.142,7.008,0.846,0.733,15.637
6.277,0.213,1.451,4.267,2.009
0.792,9.876,2.566,2.204,3.486
14.911,25.029,2.773,2.159,13.765
7.611,18.11,0.387,8.758,22.75
17.451,3.431,8.56,4.138,0.764
1.456,0.606,17.986,0.172,0.704
5.902,7.504,0.849,13.026,12.132
3.558,22.918,26.458,0.37,26.061
0.129,30.668,5.602,7.143,5.451
3.987,41.829,15.02,0.396,26.752
12.689,12.034,15.823,2.377,9.863
2.522,1.155,0.136,11.024,0.951
19.447,53.524,0.58,13.981,6.226
19.597,5.434,41.458,6.638,4.222
12.284,29.373,1.535,35.822,0.84
2.683,12.772,4.185,3.44,3.849
11.99,20.991,4.182,9.461,11.328
27.061,0.99,10.438,2.726,2.186
12.204,5.118,2.079,40.448,20.344
16.337,2.45,2338.611,3.243,1.433
5.263,11.879,9.128,22.693,19.226
28.233,5.557,17.884,8.325,0.959
6.664,12.927,2596.508,4.328,46.846
14.616,3.374,1358.016,26.919,5.781
11.867,28.261,3.897,25.55,10.969
4.782,0.006,0.696,7.825,16.107
1.367,2.941,0.856,2.255,2.408
13.719,6.951,0.469,3.365,4.133
15.42,1.909,13.613,4.742,0.774
1.026,17.543,9.358,1.504,3.399
4.76,7.134,0.7,0.426,4.234
9.368,27.478,6.875,0.76,0.43
1.972,15.144,3.146,3.48,27.063
3.071,12.084,12.051,1.64,9.383
11.964,31.444,14.587,3.187,3.239
7.023,13.159,7.377,3.556,8.534
11.55,10.344,0.51,0.206,17.889
2.088,10.835,8.188,11.306,2.2
0.376,9.768,10.528,0.109,23.101
6.474,5.017,2.647,28.116,17.129
10.406,3.137,31.247,2.267,7.404
30.798,6.637,3.045,1.403,1.429
4.221,23.399,8.418,3.532,2.494
1.531,18.439,26.77,17.895,31.871
1.415,15.205,1.541,22.126,3.994
2.407,16.625,2.379,8.539,4.181
22.189,1.716,9.929,0.271,1.531
8.199,1.822,3.823,3.439,3.864
6.072,33.88,5.633,14.245,16.82
0.288,21.241,8.326,2.618,6.848
5.246,9.586,3.972,0.095,6.986
4.918,9.815,1.506,14.163,3.421
13.081,9.661,17.912,0.524,2.119
5.078,18.638,6.759,9.129,19.271
11.665,7.395,0.39,4.044,7.092
1.157,11.282,2.445,27.965,6.046
33.514,4.605,17.751,1.413,1.265
18.004,21.616,8948.989,32.211,7.571
7.361,19.073,2.244,6.406,3.014
23.526,1.143,2.99,5.194,2.745
15.006,9.673,1.67,5.721,0.879
40.88,13.974,3.865,10.422,2.243
5.541,8.305,1.682,13.093,0.099
10.401,27.254,15.68,0.959,14.501
0.389,4.143,5.261,5.515,12.487
3.527,11.075,4.117,7.43,12.067
40.693,1.358,21.85,12.077,4.975
9.286,10.369,0.946,28.928,10.093
17.473,22.18,6.195,3.491,5.807
3.239,5.657,6.34,32.196,32.335
17.62,49.912,11.309,1.112,8.605
8.549,16.282,6.421,0.699,6.907
1.035,18.007,2.084,7.696,2.812
0.216,18.338,2.844,9.126,2.819
5.61,7.941,3.124,33.668,5.767
8.223,16.684,2.414,6.072,14.842
18.78,0.061,33.515,0.826,0.839
53.67,7.492,0.621,0.824,22.312
15.257,6.306,14.748,12.205,16.708
15.188,53.866,10.258,4.818,18.216
8.401,25.046,18.26,28.457,12.714
8.277,7.697,1.383,3.73,5.838
0.254,38.792,7.112,7.065,0.573
2.524,7.065,3211.305,6.146,13.801
0.571,0.249,10.975,2.295,0.773
10.384,1.402,18.776,0.924,1.348
13.891,0.144,19.805,1.748,7.864
17.806,40.987,2.567,31.507,7.275
1.496,9.974,1.425,9.023,1.882
1.517,12.151,5.173,5.471,12.421
4.124,3.642,0.302,25.521,2.163
0.297,11.885,1.821,12.858,1.856
18.96,5.778,2.948,2.846,0.226
8.992,5.175,0.422,3.091,14.76
4.407,45.55,4.079,16.206,12.003
2.311,19.161,15.079,28.805,12.505
1.347,25.303,14.663,16.103,10.277
4.318,13.182,5.404,5.532,7.956
3.56,17.012,9280.093,44.606,6.648
0.074,10.895,8.764,9.372,11.491
2.086,45.656,26.956,7.413,5.172
1.956,4.242,2.054,52.429,2.217
1.811,3.586,3.108,7.168,3.988
8.783,18.06,0.384,7.873,12.268
8.968,4.636,7.356,0.637,5.412
7.777,5.258,11.851,1.56,0.698
27.484,0.181,8.404,3.539,4.066
2.881,3128.505,4.416,13.084,15.379
4.706,26.895,2.116,9.659,18.413
12.086,15.244,1.777,4.497,3.333
7.833,5.923,2.107,18.197,3.042
4.631,26.763,5.992,30.811,17.387
16.574,3.42,40.274,6.966,9.296
21.772,3.094,15.365,0.069,1.82
2.817,11.646,2.126,21.816,0.403
41.782,8.531,1.031,22.914,13.936
11.734,0.183,2.55,0.52,2.158
10.688,24.875,10.126,8.007,5.361
3.11,15.395,7.514,18.862,1.884
11.842,22.891,19.813,8.504,41.608
1239.673,7.797,1.294,0.972,3.647
4.695,21.273,16.524,2.465,4.045
10.569,36.889,1.932,1.095,0.596
0.394,10.478,1.915,5.632,5.354
11.993,20.879,1.945,19.954,31.264
14.094,1.944,0.591,4.858,3.108
30.713,7.163,0.364,11.742,3.314
1.319,10.162,5.806,14.351,5.478
24.702,60.632,9.142,3.751,15.403
16.534,30.821,6.883,1.787,2.762
18.334,13.793,8.957,28.386,19.261
1.789,1.588,4.398,4.76,9.0
3.845,17.36,3.567,4.01,18.563
2.709,2.042,1.007,11.765,35.727
17.079,6.002,0.518,3.885,17.694
0.172,5.382,3.283,0.196,16.075
8.313,14.766,11.237,18.264,7.004
8.794,10.114,7.245,20.786,7.532
7.446,0.853,14.405,3.715,1.894
0.324,11.487,0.02,5.839,6.583
4.378,1.517,6452.368,1.937,0.363
3.827,10.262,1.768,6.339,0.797
7.078,26.498,12.775,5.206,12.764
12.329,16.348,7.14,10.866,9.953
0.036,6.946,1.952,2.86,0.593
15.722,5.121,0.362,5.269,5.3
0.468,1.559,30.199,5.485,5.719
2.451,1.37,1.587,11.637,8.74
0.744,2.663,1.958,18.199,1.91
33.978,3.349,18.959,1.894,12.801
6.938,16.357,8.281,3.066,1.711
5.389,3.407,1.252,5.831,3.294
6.923,31.809,16.768,2.495,4.335
3.63,8.296,4.67,76.16,16.062
2.173,0.707,2.795,16.771,19.312
3.456,5.298,0.921,29.313,11.005
8.946,3.933,1.221,25.602,8.214
1.406,5.704,5.143,14.096,7.799
1.873,17.928,13.309,2.622,14.269
31.978,4.39,51.622,15.727,7.567
4.191,1788.702,8.563,0.385,6.369
23.703,6.141,55.45,2.186,15.06
8.56,3.126,2.768,5929.109,21.345
4.126,36.18,17.403,8.361,4.982
5.317,25.527,6.783,2.087,11.224
6.433,19.129,4.27,14.439,7.622
5.199,12.785,1.715,12.994,19.697
1.906,5.927,1.229,2.082,14.322
2.055,14.483,16.503,5.551,6.812
4.658,9.963,2.269,3.503,21.474
32.48,0.778,6.476,1.51,2.566
11.543,18.332,7.79,9.935,0.125
7.251,5.907,0.633,1.906,0.126
4.53,11.949,2.062,16.382,17.824
10.805,27.753,7.513,1.141,12.36
7.342,16.96,8.297,6.973,8.298
16.486,6.672,0.373,2.853,3.887
3.741,4.597,2.51,12.241,0.292
0.084,18.023,11.359,4.324,2.296
20.402,31.25,3.156,3.886,7.127
8.204,20.194,1.359,3.757,14.491
3.093,6.167,2.846,4.626,8.782
4.757,7.344,1.606,0.284,9.914
0.255,38.121,10.313,65.026,1.281
1.395,25.916,8.958,2.166,3.945
17.004,17.006,8.206,27.888,4.765
0.763,16.855,10.947,19.11,3.051
3.319,17.622,1.735,0.805,2.211
3.705,2.825,2.067,3.558,2.508
9.238,7.246,1.729,12.256,15.134
1.255,10.197,3.167,0.758,0.755
2.501,0.836,18.725,3.16,0.621
1.818,8.223,6.646,3.247,5.688
10.123,17.646,18.079,5.986,10.785
9.3,19.981,5.217,0.977,26.668
6.86,26.719,7.307,30.416,5.07
3.164,4.685,0.598,11.691,1.329
4.41,54.555,2.525,1.238,6.63
20.675,17.263,0.856,11.932,17.354
18.109,33.597,9.066,1.156,18.509
6.119,34.066,1.572,6.041,1.995
3.047,19.191,3292.214,0.356,0.232
15.958,8.764,1.014,1.942,5.578
8.113,12.393,7.585,13.387,15.877
2.356,4.477,1.943,25.95,5.283
0.088,4.081,8.75,0.233,11.195
1.455,20.087,12.409,1.522,14.579
29.34,17.262,4.386,40.717,15.025
11.295,35.857,5.443,14.604,9.275
0.826,34.668,3.769,13.91,21.236
10.148,13.924,5.637,13.641,1.133
16.624,0.64,0.61,4.452,13.87
29.436,2.939,10.206,0.33,5.769
1.457,13.406,0.248,4.028,21.836
13.933,13.644,5.784,26.023,1.399
12.571,2.243,8.853,1.751,2.104
3077.376,12.665,1.211,26.088,5.407
1.165,12.342,10.74,6.923,2.171
13.475,846.329,6.178,23.409,3.949
5.399,1.39,4.529,16.959,19.752
0.441,3.397,4.049,0.407,7.293
4.518,8.225,4.118,9.431,9.201
9.318,40.09,517.402,0.017,30.402
1.382,6.498,2.835,5.387,6.505
9.125,16.63,22.189,2923.269,15.872
4.408,15.742,11.245,33.967,2.773
17.305,3249.775,16.528,0.57,4.544
49.98,34.158,0.721,11.032,0.141
0.168,27.084,1.193,32.231,5.371
0.065,8.213,4.122,1.874,17.827
8.084,36.104,1.332,7.069,2.844
6.342,21.515,11.351,7.747,4.246
20.213,3.447,41.926,7.626,5.428
2.358,0.791,0.096,6.757,1.876
22.198,17.841,31.461,0.278,3.625
4.158,21.932,7.573,28.593,15.402
8.912,14.807,1.281,0.177,2.518
5.018,0.763,1.943,1.378,1.609
43.056,5.296,20.908,5.209,3.056
16.305,18.873,0.518,8.949,11.01
7.142,13.971,5.182,7.255,0.204
4.351,9.111,0.358,16.747,5.361
4.115,2.298,1.703,26.328,0.072
2.898,5.426,0.06,0.128,0.704
1.261,37.192,3.391,0.005,3.088
4.384,1.36,1.293,6.957,4.157
19.917,23.065,0.174,2.942,0.23
0.169,2.65,2.919,14.517,12.491
0.788,5.247,2.561,62.459,26.43
34.046,20.577,22.565,1.453,13.623
9.746,9.93,6.093,1.467,2.71
4.209,18.561,0.611,29.121,2.467
3.099,5.526,23.659,0.799,1.482
0.341,18.358,13.377,2.973,0.359
9.158,23.678,11.243,29.508,19.449
17.597,27.495,11.674,5.157,8.736
5.948,11.67,2.286,29.043,3.471
8.558,27.862,23.226,1.441,13.263
7.724,4.338,6.275,15.878,14.923
34.655,2.219,28.891,0.099,4.11
18.968,3.797,19.297,6.521,19.074
3.812,14.014,9.716,16.544,0.779
11.142,9.506,12.033,27.564,43.863
0.545,17.09,2.235,2.258,19.049
2.895,15.412,7155.591,15.267,4.938
3.504,15.757,1.869,12.601,3.697
0.857,7.023,4.141,1.922,11.611
33.871,16.739,9.138,6.186,2.679
6.24,13.271,4.735,10.888,0.454
10.582,6.405,18.239,0.902,3.283
1.904,0.355,0.21,12.745,10.946
0.036,6.118,11.288,5.62,24.804
3.404,12.103,0.636,24.006,17.506
2.983,25.137,9.45,0.072,12.76
4.423,4.585,1.174,56.23,5.371
14.544,1.867,13.591,3.953,3.317
3.851,2.808,0.073,2.366,1.171
6.388,0.333,0.911,9.164,6.135
2.001,11.197,14.216,8.991,18.339
1.204,0.546,1.075,5.299,4.412
5.691,15.061,4.79,9.494,3.97
2.755,9.648,15.372,5.102,22.036
10.978,8555.359,7.641,8.988,1.098
0.286,17.016,21.358,1.685,12.683
18.499,3.07,11.176,6.809,12.083
6.896,4.725,1.019,6.533,1.438
4.259,9.24,12.81,8.916,13.303
17.964,19.694,2.092,13.408,3.76
0.746,25.6,19.357,2.79,3.542
9.677,9359.675,9.082,0.994,1.016
10.773,1.565,1.034,0.3,10.086
2.278,19.788,2.101,19.647,7.307
53.454,8.209,0.051,26.542,7.579
4.835,20.803,7.468,3.193,13.566
14.397,9.101,1.358,16.912,18.911
5.985,17.0,3.873,5.585,3.826
20.28,0.165,1.068,0.16,25.36
4.702,3.18,0.29,1.649,8.281
27.996,5.944,4.47,6.048,3.876
46.38,2.619,0.762,16.981,8.351
3.789,7.193,1.464,1.3,9.208
14.916,17.447,4.035,17.08,17.615
28.744,7.061,17.928,1.308,10.156
5.031,5.63,2.469,8.968,8.372
0.361,5.767,5.946,23.31,7.27
2.999,3.243,2.606,8.45,16.022
0.402,5.563,5.781,3.604,3.314
17.949,19.21,5.527,0.248,0.635
4.448,15.546,0.835,11.974,5.528
17.691,2.355,23.502,1.412,3.401
23.484,32.798,13.531,15.962,1.266
6.318,0.07,1326.714,1.346,38.955
13.311,1.722,22.503,0.755,8.143
1.147,3.99,3.51,7.275,7.606
0.951,1.978,0.218,3.671,1.444
0.385,7.01,3.52,9.799,13.223
0.621,3.099,3.358,17.821,19.728
0.786,23.824,0.035,11.575,7.019
3.65,3.772,1.084,24.955,1.259
10.029,13.687,2.553,3.651,16.325
7.175,23.302,2.123,1.673,0.894
14.6,4.082,3.761,1.541,2.691
10.326,22.318,2.507,7.162,1.75
7.816,9.25,2.417,5.885,5.275
29.713,6.548,0.283,10.728,10.643
9.691,8.858,12.564,1.789,8.016
19.972,2.382,0.415,25.38,25.234
15.666,2.735,0.054,4.527,21.376
6.066,4.946,2.224,15.978,4.994
0.712,0.821,0.561,1.892,0.212
9.38,16.882,3.273,6.744,16.771
21.953,2624.715,1.573,1.827,0.074
6.394,9.272,1.594,12.576,10.904
8.561,9.676,2.203,7.105,4.626
2.423,14.246,1.784,20.785,9.694
3.993,4.53,3.886,14.874,7.128
1.708,9.391,11.403,1.2,3.611
14.103,2.394,6341.927,18.627,23.603
18.694,20.922,1.91,4.147,10.207
23.448,6.985,0.599,11.352,12.999
1.172,6.742,4.929,13.537,0.99
2.074,11.63,5.126,5.035,18.104
5.557,28.025,10.924,20.164,6.45
15.645,11.781,1.522,10.292,8.814
6.299,9.609,3.131,7.782,1.444
0.408,17.285,7.596,2.761,1.398
17.713,6.492,9.024,1.39,1.552
6.524,19.767,6.184,16.032,13.529
9.055,15.835,3.974,14.937,2.511
17.504,15.059,6.533,8.696,4.445
1.607,1.857,0.402,6.33,14.861
24.638,38.364,24.203,19.498,28.823
18.658,16.926,0.604,25.827,7.336
15.419,10.532,0.225,0.677,12.869
10.706,2487.887,15.694,25.071,1.872
17.521,2.924,12.155,2.351,3.169
11.982,6.108,41.288,0.439,10.131
2.201,6.422,2.838,7.955,24.802
0.466,4.318,3.626,11.195,16.14
1.766,8.162,9.994,24.024,15.674
5.277,15.468,7.013,13.115,13.075
2.607,11.635,5.261,1.235,5.943
2.566,23.57,5.689,7.682,0.078
16.514,0.928,0.392,3.654,0.237
41.253,3.801,3.02,3.932,0.278
1.036,15.506,0.191,3.091,11.952
1.952,12.312,9.031,1.579,13.358
4.929,12.522,4.461,0.529,27.394
17.155,15.357,6435.572,0.872,3.391
3.69,30.375,16.663,20.032,16.24
2.949,25.525,4.788,7.828,5.044
10.5,14.913,1.73,5.117,9.114
38.781,4.853,12.579,2.535,9.535
2.583,13.009,3.777,54.097,5.996
44.715,6.036,0.601,1.009,4.448
6.449,17.908,5.003,6.672,6.068
4.982,20.187,7.155,8.434,20.582
19.858,19.196,2.69,19.936,0.969
10.384,3.071,30.162,1.318,0.402
15.809,1.169,30.88,1.117,5.673
0.706,14.896,0.886,15.484,1.1
1.168,4.447,8.679,1.442,10.629
2.032,6.23,5.846,22.737,0.154
0.894,15.055,7.033,5.759,4.504
5.815,19.14,22.285,6.447,14.833
0.014,2.202,1.836,7.977,7.767
44.715,12.769,1.043,0.651,0.644
9.505,26.646,7.227,0.044,10.449
0.573,6.085,7.697,5.141,5.301
13.773,21.745,6.406,3.504,30.612
21.364,14.281,14.917,9.537,11.265
2.431,0.079,16.604,1.46,20.81
0.452,11.649,0.124,3.124,3.66
3.371,36.822,12.986,23.696,30.933
5.267,17.666,3.796,5.649,10.571
0.576,1541.736,9.129,18.431,3.994
49.94,14.539,0.389,0.548,2.969
6.085,7.147,612.421,20.061,13.692
5.346,11.681,5.597,5.388,6.525
41.288,9.777,13.885,0.372,6.721
3.658,51.367,2.564,1.048,41.08
34.408,2.547,14.26,17.903,13.493
29.563,2.646,15.913,2.267,7.425
5.517,28.073,13.869,17.763,5.814
40.84,0.775,0.36,24.66,1.922
1.061,12.159,3.223,3.31,0.118
3.87,5.998,2.124,0.779,4.474
2.025,16.092,6.66,14.627,3.129
7.058,26.733,18.379,9.121,11.337
2.01,14.57,5.385,5.122,8.059
3.834,7.177,3.316,2.103,4.643
0.534,4.516,3.842,6.224,8.377
4.67,10.304,11.165,20.293,15.043
34.755,5.156,10.883,8.124,5.747
5.802,2.325,1006.528,0.76,1.054
0.032,9.259,30.024,0.704,13.858
20.629,2.546,13.52,8.61,14.848
17.83,24.149,43.913,0.387,3.296
2.99,9.748,4.924,0.71,8.274
23.544,0.987,16.831,0.41,6.651
1.075,10.763,1.411,10.846,5.841
14.169,14.492,2.428,56.213,5.485
13.664,6.453,11.822,0.648,1.019
3.66,3894.352,13.364,0.449,3.628
34.733,4.195,12.297,4.72,4.694
13.82,13.19,5.512,7.26,3.628
0.926,0.231,0.402,6.259,0.862
2.385,9.227,7.721,9.114,2.621
1.377,21.89,9.018,6.12,25.05
0.671,8.28,1.367,12.584,12.914
2.12,15.619,2.525,0.197,1.043
4.629,7.556,0.23,1.291,0.15
3.42,0.858,32.238,7.0,3.293
3113.275,13.111,9.764,31.005,2.71
0.112,11.124,1.829,17.495,6.153
18.885,11.017,1.045,9.432,2.116
1.681,5.458,6.398,2.363,5.96
5.295,26.591,4.743,2.38,11.703
0.143,4.323,0.683,1.526,1.042
11.983,3.479,7.824,9.427,9.569
19.062,1.341,31.978,10.933,6.228
6.854,9.412,4.805,20.685,2.676
2.057,12.745,8.971,0.45,15.993
4.245,7.05,6.703,36.535,10.648
6.285,19.806,16.873,0.866,17.186
1.918,9.801,2.392,3.576,10.405
26.057,1.072,3.974,3.508,4.286
28.048,7.507,1.082,20.213,1.517
4.04,3.375,0.207,3.117,1.142
0.065,2.374,53.759,4.573,2.585
12.395,9.748,0.819,22.739,4.066
5.48,3.489,19.513,2.399,0.036
14.393,18.829,2.838,5.237,9.33
69.552,2.617,0.427,3.919,7.127
11.38,15.582,7.384,17.461,3.898
29.651,44.79,10.217,0.687,29.521
20.786,24.138,7.088,46.981,2.291
1.497,4.892,3.264,11.21,5.377
5.996,17.516,8069.743,21.83,7.345
2.832,2.299,0.915,12.627,10.185
2.025,22.81,4.145,24.529,0.371
8.64,10.22,6.625,28.463,9.081
3.426,8.467,13.123,10.634,17.804
0.375,25.446,20.214,4.921,3.72
16.814,1.748,33.211,7.951,1.958
14.453,10.406,6.119,25.513,30.61
8.467,9.446,0.965,1.664,3.059
6.992,0.847,5.188,3.806,6.102
8.643,16.553,4.723,32.525,0.807
5.548,15.264,0.656,28.665,11.792
14.78,6.811,25.738,1.479,20.095
2.627,8.763,3.212,3.515,1.872
7.203,6.289,5.256,19.079,34.932
17.966,4.046,7.101,4.196,3.606
13.925,14.608,0.959,8.096,0.642
0.537,26.969,0.81,25.002,4.888
3.53,8.511,3.755,20.182,6.562
2.27,24.856,2.392,21.112,3.7
10.435,8.287,7.93,20.981,23.048
3.688,9.133,1.641,10.723,7.337
4.109,11.672,6.448,15.264,0.151
7.55,0.949,0.542,3.81,0.499
2.592,38.521,13.314,2.306,0.763
13.237,12.357,3.494,18.189,3.004
57.002,3.788,16.755,0.025,8.348
16.216,22.276,2.112,27.85,3.022
1.033,3.969,0.666,1.5,2.059
7.047,11.009,2.567,24.353,4.76
4.96,12.988,1.567,11.935,7.606
20.186,15.534,0.01,11.036,3.72
0.83,13.949,0.012,15.339,30.968
16.861,7.951,0.416,4.678,2.957
18.502,10.73,5.822,3.574,2.667
0.782,6.061,7.133,9.081,37.933
18.528,25.53,11.577,21.05,0.051
15.007,18.609,9892.226,7.174,2.043
21.681,3.069,39.157,2.15,6.871
2.337,14.684,11.333,32.1,13.69
17.844,0.038,1.048,19.213,0.98
3.57,12.49,0.027,29.4,4.196
4.812,33.41,19.647,10.685,2.798
6.378,16.864,1.52,0.565,10.226
1.367,17.701,0.934,7.439,0.83
2.892,46.593,3.278,25.688,10.371
1.143,10.155,0.466,0.308,2.087
5.8,10.651,4.82,1.629,10.346
0.999,4.558,28.063,1.879,2.248
5.942,7.745,0.33,2.993,10.761
7.555,21.13,11.564,7.441,4.916
0.434,6.797,4.268,2.846,4.528
0.505,9.162,2.37,1.921,0.168
1.818,28.832,0.271,4.525,2.005
24.586,2.99,19.872,3.069,6.618
19.291,3.982,0.81,3.82,35.339
20.582,2.217,13.874,1.536,4.685
4.457,2.199,0.395,6.998,0.951
2.493,4.745,1.232,14.553,19.444
2.399,6.498,3.133,2.306,4.056
2874.421,8.455,23.481,5.535,28.398
9.259,32.52,0.932,0.535,5.483
0.781,0.608,11.957,0.605,0.203
2.143,26.208,4.599,8.995,0.216
28.295,24.703,3.928,15.08,12.512
1.094,6.388,8.782,6.546,34.047
11.219,1055.27,14.106,20.378,13.491
6.125,50.572,24.09,3.942,6.864
1.989,16.979,0.129,7.357,21.314
13.675,12.662,9.029,11.969,11.63
4.102,0.125,4.449,23.2,31.786
4.269,0.682,2.931,24.97,23.523
4.379,14.757,8.377,8.645,8.95
0.807,8.852,10.269,1.814,2.549
3.186,1.818,1.474,31.45,4.113
8.2,12.051,0.279,14.83,11.6
9.527,8.046,0.886,8.937,3.182
13.719,0.47,0.012,16.93,19.112
15.647,23.201,6.318,5.444,1.79
3.653,33.159,24.437,3.458,1.882
14.134,1.842,13.242,1.258,0.985
20.617,31.816,16.976,29.477,5.16
10.943,0.23,0.883,5.309,22.877
17.537,1.346,25.336,8.531,4.573
16.466,22.866,0.515,1.663,2.325
0.492,9.389,0.399,8.04,21.54
16.233,24.011,6.434,7.308,4.376
2.905,15.089,18.516,1.324,7.518
4.327,20.893,6.424,0.82,2.84
1.323,1.462,24.906,3.378,2.155
17.193,31.574,7.192,3.439,21.503
9.484,4.99,0.088,6.609,4.719
22.831,3.162,15.236,1.698,1.653
1.765,2.974,1.11,2.174,3.588
14.238,5.01,5.902,2.995,3.576
8.215,47.923,2.455,4.124,6.761
0.258,7.609,5.111,9.46,3.344
1.822,4.447,0.904,4.578,1.692
12.096,16.148,21.614,12.536,38.147
2526.921,5.432,4.166,2.091,0.487
6.407,25.759,6.154,11.33,7.826
2.547,1.458,0.828,2.865,7.767
5.498,16.227,15.573,15.512,19.348
13.097,27.784,0.425,9.541,4.334
2.236,18.641,2.405,2.108,10.485
18.233,27.046,1.279,11.823,6.138
7.505,6.823,4.206,1.406,1.966
0.851,38.823,5.771,8.084,9.404
5361.62,3.771,3.21,8.506,0.313
5.128,28.3,3.67,15.12,6.633
15.557,0.776,1366.801,29.188,11.837
39.766,1.914,6.271,2.85,4.229
8.773,19.431,1.394,4.268,5.209
17.207,4.761,34.535,1.687,7.434
1184.614,7.483,7.554,2.231,3.824
10.819,3.305,20.873,6.514,0.993
0.209,11.225,1.483,1.186,1.413
0.946,1.273,0.347,7.368,6.479
4.719,14.912,2.419,46.361,20.78
0.247,41.901,6.755,11.444,29.236
4.059,17.132,38.206,6.205,37.405
4.611,17.541,2.164,7.998,19.302
1.809,0.586,6.516,1.159,0.01
0.943,7.508,6.044,10.073,9.825
3.531,7.968,0.131,6552.882,16.944
6.037,30.389,9.297,1.32,23.46
31.547,2.792,0.261,10.464,0.371
14.691,57.923,4.141,21.471,2.566
1.371,13.059,1.792,59.511,8.87
4.646,8.471,0.801,11.807,4.964
0.026,20.95,13.048,15.734,26.316
0.195,15.175,16.574,6.244,12.1
6.781,2.513,0.638,2.983,18.711
1.049,12.209,9.671,2.107,5.008
36.077,3.621,8.808,6.389,0.176
8.448,17.046,3.473,3.064,18.365
12.659,17.817,12.139,3.666,7.653
2.181,14.479,0.979,14.48,2.315
19.349,18.708,0.485,21.195,21.344
23.731,27.364,9.086,29.164,3.424
15.096,31.945,4.303,4.137,0.213
20.172,13.89,2.647,11.839,6.424
22.591,12.273,0.727,6.827,6.641
41.644,6.175,9.254,18.064,9.457
5.552,24.18,17.796,17.32,23.665
8.612,6.19,0.022,3.283,2.393
10.544,7.115,3.756,42.245,2.09
0.801,18.544,6.619,15.486,1.13
31.57,1.934,0.794,18.33,3.568
0.876,23.659,5.434,10.494,1.071
7.89,9.048,0.885,0.295,2.906
16.208,12.207,19.837,1.611,0.637
11.719,5.055,24.596,4244.011,31.628
2.83,2.344,0.109,14.279,5.428
12.706,41.989,3862.313,10.649,2.63
4.004,4.67,5791.814,3.086,1.501
13.889,24.599,5512.457,9.077,2.753
1.645,2.162,27.106,1.649,3.754
1.029,11.481,5.385,7.096,3.821
2.915,3.296,1.985,18.453,12.776
0.497,17.558,8225.117,1.166,15.728
9.105,0.153,0.415,25.515,2.041
8.909,0.624,17.163,5.347,0.527
4.159,3.502,0.296,7.025,2.237
26.729,8.574,10.389,1.497,5.932
7.11,8.964,0.643,7.466,0.621
0.627,13.363,15.511,9.944,12.603
1.207,13.196,4241.447,6.434,21.883
2.264,35.091,17.77,15.886,4.396
7.257,3.69,11.598,1.346,1.103
16.702,12.466,11.155,0.739,0.529
3.186,8.229,0.977,8.682,5.461
0.258,16.495,4.397,6.732,1.822
7.188,22.871,10.786,8.702,7.221
7.63,6.564,1.56,27.537,4.141
3.763,7.425,27.717,0.68,2.165
3.65,15.466,6.848,7.807,1.337
1.574,29.769,12.848,14.658,6.798
0.965,0.355,46.355,0.387,8.584
4.099,7.832,6.847,13.778,6.2
0.992,1.176,0.258,11.754,7.572
1.243,8.231,8.654,0.897,3.569
0.456,4.177,2.296,6.513,6.144
3.395,23.746,4.615,14.711,17.66
11.045,13.86,0.098,0.398,13.168
33.143,3.165,6.439,0.874,3.677
15.496,0.053,6.363,0.57,2.865
4.17,33.29,9.236,5875.254,5.371
25.524,1880.704,3.953,19.65,0.708
2.211,10.399,8.947,14.702,12.794
0.926,19.448,0.701,20.173,1.989
3.62,11.454,6.767,9.668,8.923
2.645,15.504,13.359,8.486,3.025
0.62,3.591,0.419,41.385,0.773
5.588,11.737,3.319,16.61,15.089
1.006,32.128,1.997,23.872,3.419
33.209,1.791,3.558,1.37,1.118
15.69,1.534,18.317,2.324,2.679
8.464,8.239,0.745,0.852,10.02
1.975,3.77,45.291,4.777,5.3
8.187,19.464,1.736,4.423,2.497
2.686,23.957,1.055,5.257,1.099
4.999,0.117,21.237,5.905,3.444
10.719,0.439,10.536,3.283,2.193
5.188,23.635,9.342,5.36,6.048
17.375,1.283,1.379,8.915,1.583
0.738,0.877,0.428,54.026,14.493
19.485,7.928,8.289,2.109,2.874
1.189,1.924,0.016,26.366,6.502
23.539,8.084,0.785,1.227,3.874
25.966,5.366,42.188,2.01,1.191
18.23,2.645,7.951,2.755,4.927
17.544,6.246,0.476,9.254,8.113
3.201,7.635,2.862,8.169,4.94
32.261,2.371,29.884,2.49,7.266
2.548,4.979,3.617,6.342,3.048
1.421,7.63,0.104,5.047,9.811
5.889,20.675,10.12,9.423,2.409
13.872,0.531,10.314,1.806,5.112
0.289,16.575,14.053,38.532,8.956
5.387,13.984,4.31,22.711,13.875
23.406,1.312,49.736,3.821,0.979
13.318,4.413,0.252,12.165,0.93
3811.875,7.428,5.706,11.561,8.595
3.603,12.616,10.256,7.082,11.892
10.432,4.215,9.781,0.554,7.203
13.599,31.591,4.938,13.13,0.515
2.02,12.607,3.41,14.611,9.831
585.802,0.98,6.069,7.821,7.863
16.833,18.53,5.277,23.092,0.718
5.759,0.179,45.048,9.783,1.355
6.931,22.274,9.628,29.676,8.636
12.132,3.245,0.627,5.574,25.845
19.378,1.854,7.544,5.955,0.857
1.329,7.759,5.564,7.504,3.231
13.888,6.066,4.636,2.237,3.486
0.195,26.072,0.691,15.424,8.065
8.044,2.085,13.962,1.611,13.446
1.994,13.295,9.773,14.932,8.006
33.735,19.593,1.537,22.357,4.97
34.344,19.556,0.633,8.907,16.056
0.516,1.639,1.158,18.24,6.887
5725.594,16.885,11.368,23.025,33.775
0.435,36.716,0.753,15.273,0.119
1.435,18.469,1.679,5.552,5.236
0.42,4.712,0.973,9.964,30.907
29.761,7.847,0.895,34.717,4.979
7.413,23.276,8.718,10.86,10.548
9.359,31.387,12.6,9.876,2.21
1.255,0.821,0.248,11.033,10.829
0.219,17.839,3.978,3.524,3.94
1.439,21.299,5.38,10.42,1.97
1.692,16.342,0.709,18.425,0.346
4.218,6.213,3.815,12.763,1.464
4.536,10.8,0.984,2.425,5.272
4.198,24.18,10.294,7.259,5.202
22.069,20.467,0.623,8.123,3.789
1.135,1.576,0.425,0.211,22.455
1.177,9.633,1.292,16.677,14.234
2.185,5.273,1.44,13.294,2.2
0.071,10.824,3670.51,9.792,8.82
5.665,37.878,7.665,0.576,1.783
26.767,27.024,4.951,11.42,2.134
3954.843,4.446,55.141,0.597,9.378
4.003,6.728,0.658,2.523,3.06
2.401,0.267,0.096,2.401,4.241
20.36,1.64,10.579,1.652,2.923
4.919,20.019,5.28,11.51,13.708
6.186,25.671,2.447,6.783,5.095
0.885,4.78,4.041,5.84,6.513
3.469,2.668,1.302,11.787,2.738
42.119,18.616,10.256,4.383,3.553
1.341,26.297,13.137,7.656,10.236
0.984,0.292,2.067,23.751,22.911
1.923,8.488,6.928,16.901,10.295
5.532,12.788,8.936,9.268,5.542
1.386,6.118,4.281,14.441,7.935
11.85,6.151,12.923,0.317,2.606
8.84,15.639,0.093,5.36,40.548
12.037,10.42,4.318,30.069,7.824
0.969,3.972,3.103,1.182,1.202
2.152,12.547,3.17,5.783,0.233
3.287,8.121,1.312,4.152,4.899
27.745,0.242,5.797,9.98,2.318
9.363,0.765,0.318,0.757,6.502
4.219,15.418,14.844,34.089,14.718
4.99,0.506,7.932,0.448,3.355
18.068,0.199,32.336,4.552,0.241
0.394,16.589,19.258,2.275,8.568
12.444,15.884,2.013,2.914,0.876
4.395,2.117,0.028,6.213,13.341
16.157,38.075,20.539,17.865,7.527
1.414,1.886,0.273,22.169,2.98
0.476,10.601,3463.53,0.436,5.079
1.878,12.977,8.251,1.809,3.627
11.594,32.875,12.98,20.432,10.074
10.094,36.539,7.029,14.893,8.347
1.442,11.678,4.444,6.111,8.231
13.438,0.47,54.329,1.8,1.007
7.02,4.777,0.48,6.861,2.025
5.04,4.627,0.938,9.238,4.215
2.332,30.424,8.633,2.208,2.725
6.386,23.392,1.018,30.466,0.157
1.854,5.671,60.743,12.496,6.439
1.413,6.499,1.824,16.588,3.303
5.405,24.078,6.901,4.225,1.873
10.78,3.174,0.858,19.308,10.314
25.332,16.23,0.234,20.602,18.266
1742.996,20.763,19.718,11.105,0.032
7.238,2.428,17.911,3.49,1.626
2.557,3.945,0.793,2.076,8.559
8.447,12.91,7.041,14.247,5.385
13.101,21.599,6.843,13.973,0.593
9.514,22.138,5.161,6761.52,14.418
5.043,21.757,5.008,9.837,2.419
16.465,16.451,0.462,9.445,14.055
34.757,5.029,13.292,5.236,10.496
1.21,14.051,12.449,4.996,1.667
7.5,16.59,2.51,7.867,3.897
18.998,7.315,1.011,1.915,1.285
19.697,33.356,1.082,11.892,2.181
0.056,4.567,13.922,9117.257,10.253
10.564,31.392,4.605,38.013,4.273
0.014,9.597,3.465,13.909,1.038
1.779,3.917,3.293,8.661,10.214
4.274,3.494,0.556,30.465,5.645
0.011,4.932,3.134,3.079,3.224
20.678,4.289,0.009,0.858,11.64
9.149,5.102,0.057,10.085,0.753
2.147,3.166,0.902,4.021,5.639
9.805,5.207,36.54,0.895,4.907
0.639,3.233,1.213,34.222,5.394
4.596,12.17,5.822,8.541,0.801
1.904,14.183,1.173,19.209,9.794
1.227,23.26,2.346,3.827,0.473
8.999,33.356,25.073,6.159,10.281
4.752,54.1,5.453,28.239,16.582
17.084,2.953,16.952,2.07,3.466
9.213,26.654,0.929,11.151,8.877
7.402,61.923,1.506,21.587,7.459
7.509,15.734,4.016,31.265,11.375
10.406,3.103,23.405,2.119,5.626
5.262,0.618,0.469,12.233,8.424
16.802,3.51,1.071,21.521,11.2
6.463,3.814,0.517,2191.097,6.289
4.752,1.562,9.244,0.705,8.467
3.703,26.468,8.169,17.598,10.644
9.411,11.881,0.289,6.214,9.916
0.715,16.108,0.871,9.811,9.479
4.498,0.389,27.261,1.924,2.974
0.781,12.071,3.927,4.029,0.51
0.932,0.699,10.504,1.656,1.614
66.944,3.674,8.845,11.569,3.057
2.538,4.618,1.615,3.736,1.804
5.716,53.875,0.478,2.539,26.033
30.894,0.475,12.149,15.69,14.429
4.528,27.066,8.245,4.683,1.836
6.02,22.954,8.067,17.215,3.394
10.634,24.317,14.549,34.947,6.848
4.001,41.377,24.888,19.915,9.465
0.287,3.125,0.368,6.971,34.137
10.114,29.823,1.782,10.342,2.832
0.371,1.43,18.357,4.564,2.124
30.576,10.825,5.899,0.513,0.389
1.848,3.578,34.212,4.946,0.587
2.648,0.892,0.008,11.662,6.02
10.461,19.229,2.416,14.948,13.495
0.624,11.091,0.858,50.904,24.163
30.302,4.332,3.074,5.506,2.704
6.066,2.854,0.936,7.918,20.833
5.406,8.278,0.489,57.319,8.244
1.108,0.568,0.152,13.124,3.106
5.988,0.219,0.065,9.463,0.183
8.087,18.314,16.282,16.025,18.269
1.061,8.669,0.221,7.68,21.755
2.991,29.918,13.305,0.051,3.784
1.881,0.498,0.767,15.948,6.445
9.958,16.205,4.248,86.345,1.273
4.061,19.692,0.631,1.221,2.09
18.863,9.253,6.01,4.253,3.026
17.212,3.063,51.98,1.618,16.182
0.971,13.453,11.605,15.531,1.839
9.675,7.661,2.433,29.695,15.612
12.743,5.566,22.426,0.458,3.195
20.761,3.679,7.108,2.969,6.92
0.82,6.896,2.835,38.859,8.026
4.839,39.542,2.108,22.485,1.661
1.925,2.134,39.842,3.342,3.57
12.735,2.678,49.509,1.753,3.817
17.739,16.777,15.365,2.782,8.412
2.27,12.254,3.353,15.998,4.06
5.7,0.775,18.704,4.168,3.455
0.447,9.695,1.251,5.211,0.652
13.363,33.262,10.889,27.84,21.866
0.497,2.473,1.71,34.606,8.666
2.634,0.515,1.841,39.933,25.206
5.806,12.561,0.577,7.058,4.245
7.399,17.42,3.302,19.263,4.183
9.662,5.961,0.747,10.285,17.524
27.208,8.192,15.374,4.4,0.479
1.848,22.839,22.115,6.644,3.4
26.878,0.156,12.91,2.65,9.224
1.082,7.643,3.621,6.728,6.605
15.732,2.152,12.394,4.018,2.193
2.413,5.728,1.949,22.21,12.275
11.342,0.813,1.078,0.566,12.804
15.609,17.157,0.107,5.211,17.888
19.052,9.201,7.171,0.248,3.556
2760.107,0.271,4.058,13.811,8.426
4.749,1.69,0.024,7.642,16.145
1.401,8.724,5.854,0.933,2.918
3.683,12.516,0.271,1.148,8.987
13.17,12.009,0.501,5.355,0.265
1.49,10.836,3.625,18.57,3.471
0.954,2.431,3.685,13.982,11.243
6.389,15.157,0.946,0.372,36.462
2.053,9.87,2.769,7.314,6.609
3.177,14.654,1085.87,37.569,12.441
1.992,25.099,6.227,15.618,2.434
16.135,1.226,2.568,1.772,0.301
20.389,3.369,12.632,2.114,1.123
5.757,25.454,2.289,22.371,6.795
2.769,34.464,17.658,17.784,6.279
0.993,5.843,2.193,11.824,2.104
2.133,37.431,6.94,20.72,17.728
11.082,8.43,0.105,9.01,55.871
5.919,7.615,27.528,3.016,1.724
19.915,2.144,27.933,4.257,1.777
4.445,9.01,3.718,35.133,17.669
1.484,10.548,4.913,12.362,16.636
1.442,8.402,36.747,0.308,0.672
22.811,3.049,0.765,9.882,0.978
10.738,1.967,0.783,12.013,9.1
2.864,21.871,8.818,5.119,5.058
35.096,3.237,2.852,3.877,0.378
5.295,42.06,7.958,17.83,10.584
1.425,1.458,0.734,2.134,23.502
4.835,3.794,0.004,20.382,13.809
0.796,19.857,8.718,22.22,9.746
4.29,36.556,2.577,7.787,0.53
8.484,2.828,0.068,23.488,10.695
22.157,20.12,2.445,23.474,14.57
11.759,19.212,7.278,20.733,3.963
8.873,8.95,6230.193,1.645,7.004
7.156,34.801,11.133,24.785,0.133
38.372,3.506,0.075,10.693,32.821
26.454,13.318,0.925,10.332,4.301
7.195,23.903,2.051,9.463,5.495
10.223,13.48,2.727,22.413,5.607
9.503,24.514,12.225,9.093,1.079
3.961,11.316,0.906,3.705,1.193
28.031,3.039,1.706,0.287,1.428
7.128,16.096,1.903,3.375,3.803
1284.372,57.104,16.291,1.057,20.476
2.49,33.839,17.068,5.972,4.709
4.374,6.408,1.871,5.249,3.13
4.389,9.584,0.399,2.324,4.032
32.588,2.239,3.695,17.592,4.132
3.0,26.919,0.25,0.195,3.774
4.418,4.94,34.102,1.842,2.324
5.272,1.448,30.335,7.764,3.172
11.539,0.072,5.088,753.584,13.578
31.264,0.684,15.094,9.579,2.293
22.545,0.474,1.089,51.24,23.19
4.488,15.435,1.679,2.675,1.164
12.012,20.398,3336.741,3.283,2.144
9.552,3.511,13.241,1.989,0.894
0.017,6.882,8.505,17.519,11.338
6.967,3.733,40.372,0.496,0.129
28.115,19.592,16.081,1.473,7.573
3.537,33.528,5.997,20.468,4.709
2.587,19.312,2.176,25.029,2.167
2.452,20.184,1.613,22.868,0.1
1.792,0.404,0.448,5.525,1.204
1.298,0.382,4.176,3.611,8.482
8.515,32.899,0.585,16.913,15.053
1.337,2.001,8.35,1.011,0.036
1.72,9.105,1.107,10.709,2.115
14.579,0.513,61.525,8911.74,3.83
9.613,1.407,10.724,4.42,10.329
0.55,7.295,9.552,4.491,7.222
6.133,14.35,6.614,13.155,2.092
3.448,34.998,25.285,3.616,7.745
1.809,14.387,3.445,1.47,0.614
9.217,49.594,4.135,16.113,12.641
0.769,11.023,5.312,24.886,7.775
11.16,47.161,0.174,16.787,2.057
1.315,21.457,6.884,9.308,12.252
1.366,10.851,3.527,4.223,0.879
4.305,8.252,2.036,26.435,6.473
4.704,21.467,11.602,18.552,9.22
4.885,3.12,32.818,0.563,1.308
0.315,11.183,0.618,8.766,17.12
2.475,105.957,0.022,6.343,4.797
4.304,16.042,1.493,0.007,0.609
22.19,1.303,6.112,10.827,4.857
38.295,15.981,34.863,1.0,22.549
9.238,0.92,6.917,2.445,1.962
12.741,1.681,4.315,1.016,2.224
8.127,23.555,10.833,4.004,4.515
19.14,6.363,34.92,8.623,1.147
8.556,89.681,0.201,8.246,9.269
21.299,3.675,12.304,1.068,3.894
16.273,14.513,8.189,28.65,2.599
8.662,0.633,24.016,1.425,2.343
7.856,3.025,25.893,9969.793,17.673
5546.721,3.085,9.701,0.815,1.475
12.766,7.883,0.123,1.041,37.584
4.536,3.599,0.34,22.248,12.889
35.76,16.833,0.111,28.921,5.855
7634.676,18.439,8.082,8.632,3.962
3.291,2.426,2.462,32.338,24.242
5.125,22.316,2.191,5.082,4.628
29.697,15.356,0.409,1.499,33.199
6014.775,3.74,21.563,3.904,0.144
15.744,2.183,4.83,3.692,1.988
2.366,10.781,3.117,7.929,0.803
4.273,26.241,0.713,7.573,12.707
13.312,0.198,0.944,10.061,8.66
0.439,16.917,0.689,0.811,2.743
38.401,4.863,12.218,4.844,10.259
0.316,15.751,6.027,18.126,7.328
8.153,8.28,3.819,16.945,5.853
10.521,1.985,1.392,3.324,1.703
8.044,14.557,3.938,3.003,1.589
1.54,15.624,13.859,3.213,5.18
9.669,20.207,7.464,19.969,6.305
33.915,0.387,12.71,2.454,10.468
21.012,14.223,0.224,1.033,12.276
0.801,18.374,1.077,1.212,6.326
1.436,12.315,8.368,6.49,6.389
0.998,3.461,4.255,8.969,9.739
7.939,2.174,0.589,0.112,7.974
26.033,18.409,0.015,25.96,6.107
3.249,5.027,1.692,15.272,0.111
3.255,20.969,7.725,14.347,4.338
14.439,19.757,10.284,46.33,21.483
76.894,1.643,2.982,0.437,4.785
28.024,23.517,0.558,6.658,6.979
12.588,11.437,7.539,30.407,0.957
14.369,11.172,1.53,19.749,0.15
23.139,3.591,0.339,2.498,16.877
9.468,0.029,39.872,3.261,12.015
4.245,27.386,8.978,9.263,1.361
24.008,5.561,0.369,13.883,16.462
7.486,33.985,0.36,3.469,15.362
7.104,6.232,2.391,28.552,13.511
5.687,3.864,1.246,7.78,0.243
14.832,1.459,21.213,2.436,2.01
10.207,42.113,15.38,0.124,7.758
11.099,11.919,1.022,2.661,9.752
0.63,11.169,5.88,13.297,6.281
16.701,13.255,6.636,27.792,4.343
1.8,5.401,1.463,19.17,7.662
11.058,1.563,1777.411,8.466,2.222
6.015,4.012,44.826,0.555,3.654
4.327,31.838,6.818,17.689,5.67
3.211,25.982,3.785,10.983,10.986
1.694,1.414,22.698,0.21,1.068
2.607,14.679,2.535,8.036,0.88
3.103,32.956,13.506,3.619,4.108
22.435,43.096,14.745,21.937,3.352
0.776,15.107,0.501,1.779,6.164
18.804,2.489,28.095,10.553,1.497
3.918,5.441,0.477,3.681,13.285
2.926,15.502,11.157,0.785,5.681
11.822,26.812,14.238,20.429,0.489
0.944,3.542,0.469,7.366,3.643
28.968,6.746,0.513,18.772,6.957
2.322,2.631,0.277,1.44,11.406
12.835,5.351,0.773,17.446,22.007
2.964,6.321,25.722,0.216,2.263
2.824,2.057,28.309,3.643,0.083
9.895,20.423,5.974,7.446,9.849
0.646,8.188,4.932,32.281,3.116
20.816,3.598,5.195,4.82,1.503
1.915,3.99,5.639,25.562,15.113
8.422,20.397,3.243,19.246,16.547
7845.292,5.931,8.847,15.649,3.422
1.303,8.871,1.19,10.365,4.393
37.517,21.336,2061.07,8.835,13.91
20.605,6.584,0.613,2.863,24.239
2.592,29.18,15.19,4.992,9.67
6.446,18.107,0.22,2.867,0.224
3.113,3.189,0.761,16.951,18.221
11.629,2.591,0.102,14.461,4.144
1.389,22.81,12.011,13.727,5.919
66.799,5.06,5.434,1.099,1.089
14.446,4.675,5697.838,7.943,8.904
3.918,9.186,0.283,7.987,41.861
1.437,21.461,7.906,18.958,0.115
3.877,4.969,1.75,18.199,4.446
1.377,9.795,0.234,4.408,2.377
1.624,7.997,2.124,16.612,2.315
3.554,7.622,1.025,1.96,13.569
2.887,12.456,0.528,11.566,1.897
18.382,0.822,11.222,0.199,0.151
2.031,8.42,1.287,12.295,1.702
17.089,3.277,16.999,3.839,1.461
0.622,13.996,6.81,19.345,2.836
3.111,6.55,1.111,9288.663,11.272
21.647,3.439,3.434,4.87,0.992
6.564,7.749,0.864,2.673,17.025
2.595,13.099,1.449,30.451,8.818
1.574,4.913,2.607,4.929,1.939
5.978,2.903,0.211,15.26,2.09
0.311,11.906,1.079,3.128,6.248
4.584,26.95,18.943,2.663,4.199
5.744,1.129,4.487,7.611,7.801
0.207,2.747,0.67,0.985,9.339
11.702,12.718,0.395,6.489,7.256
8.951,2.593,7.26,2.89,7.092
7.885,0.106,0.069,19.623,0.432
1.955,1.077,16.387,0.425,14.389
2.48,0.319,25.17,5.284,1.289
4.771,4.964,12.13,3411.993,4.272
23.931,4.713,9.749,5.068,5.101
2.058,9.497,3.995,13.066,4.297
19.064,6.505,7.666,1732.651,11.345
6.547,4.731,0.097,11.639,12.107
0.32,5.979,2.411,14.139,1.922
30.319,1.806,13.136,3.864,10.047
5.53,13.398,9.197,30.327,5.976
1.37,9.45,8.887,5.786,10.589
5.947,23.772,5.691,12.21,1.132
9.979,23.375,1.189,1.017,0.684
17.226,2.537,25.327,6.967,3.38
5.822,11.591,3.852,28.995,0.181
8.752,28.928,2.224,3.036,0.109
7.493,8.595,0.917,12.519,12.735
12.261,12.353,1.0,10.086,7.096
29.474,8.839,86.245,2.645,18.581
20.345,14.178,0.276,10.719,4.898
12.157,2.61,5.345,0.619,3.637
5.154,19.034,4.365,1.619,0.25
22.14,0.921,39.877,4.766,15.996
2.783,29.129,23.434,10.598,1.758
3.886,5.485,2.704,10.105,3.215
9.178,6.325,1.879,15.485,0.783
14.304,7.552,6.187,1.805,2.089
5.797,32.436,10.716,9.25,4.5
22.545,1.793,14.842,5.281,1.378
0.286,13.109,1.044,4.353,9.241
21.059,2.214,0.962,9.885,12.392
5.905,25.504,19.526,13.724,11.56
34.04,10.053,0.744,2.801,23.583
1.003,10.003,7.224,23.266,10.765
25.727,9.16,4.357,4.25,0.693
1.135,5.274,0.24,12.495,7.487
3.779,18.306,7.481,4.118,0.156
4.071,3.381,0.29,8.07,11.092
11.319,37.861,12.879,4.312,5.307
2.827,9.806,5.632,6.25,0.859
2.49,21.228,2.372,10.729,6.163
2.088,9.282,8.237,2.783,5.992
4.417,20.247,4.715,8.266,2.715
10.767,0.225,12.305,2.815,4.096
6.775,33.661,28.721,30.442,17.022
4.227,9.061,6.332,8.915,4.216
21.713,4.454,14.487,0.933,2.178
4.841,17.961,12.877,10.75,3.733
4.287,16.334,10.542,7.588,9.572
1.1,5.667,1.38,13.189,7.511
21.019,2.566,11.579,2.611,7.906
3.449,3.614,0.744,22.83,17.786
2.486,9.606,7.153,32.446,20.204
15.979,1.156,0.501,1.278,20.993
19.453,26.94,0.934,0.964,9.433
34.583,3.921,8.645,7.366,1.735
5.634,19.262,2.746,10.519,0.475
16.37,19.264,1.661,28.31,13.614
0.564,3.37,3.662,11.264,9.784
2.779,10.556,1.781,2.989,0.796
6.666,12.169,1.755,2.661,2.01
14.407,62.545,16.896,12.962,9.608
17.576,4.77,0.672,10.666,15.41
6.006,6.065,0.314,2.971,10.84
1.933,0.464,0.669,12.543,39.045
17.989,6.57,1.089,12.462,1.214
1.304,9.2,4.602,8.113,1.494
4.873,2.804,1.067,4.146,19.662
5.332,5.616,0.213,14.025,2.05
6.693,12.648,5.16,36.281,4.046
9972.633,15.399,19.709,1.857,18.603
4.755,15.695,4.131,12.373,0.103
3.51,14.416,6.121,13.348,1.963
3.527,15.693,6.74,24.447,27.2
7.023,28.041,8.704,16.947,8.505
2.428,8.007,0.497,3.493,14.15
1.193,20.453,5.483,2.262,2.618
2.267,20.19,19.239,55.218,34.436
13.328,0.288,17.771,2.016,4.983
2.233,1.559,2.956,13.4,11.615
5.815,14.371,7.03,10.763,6.326
4.402,34.41,17.46,1.489,6.248
13.212,8.65,6834.148,3.838,8.269
1.006,23.733,1.595,14.722,1.053
2.15,0.92,0.222,2.967,3.973
9526.802,6.056,0.049,42.759,1.024
7.689,11.9,0.21,14.864,7.449
2.54,0.771,11.604,0.143,9.976
13.759,6.025,0.392,3.712,4.083
3.923,20.015,5.473,4.122,4.867
6.512,1.814,0.052,33.368,4.988
11.174,3.383,1.087,17.061,12.664
3.981,4.461,0.442,23.641,1.384
8.615,18.463,1.906,4.713,2.812
11.468,9.748,0.463,8.957,9.397
9.131,21.474,2.844,38.822,14.636
3.772,14.618,1.323,13.755,3.789
7251.541,7.829,13.001,4.638,5.04
2.073,11.32,10.71,5.601,7.087
1.053,2.815,1.365,13.985,3.708
2.164,24.351,1.438,10.974,7.498
15.72,3.046,0.76,54.284,0.215
4.468,13.02,10.983,23.459,5.025
2.73,17.578,17.431,6.599,7.066
1.557,23.575,1.21,3.606,3.003
1.272,9.977,1.021,11.234,5.311
7.007,19.852,1.099,3.632,19.843
1.078,39.662,1.879,9.51,5.683
9.703,16.62,4900.884,2.945,5.491
7.261,9.112,2.321,19.837,10.929
26.426,3.945,10.358,1.292,4.162
5.825,12.992,2.816,1.404,0.753
1.73,23.42,5.616,31.965,3.376
8.993,0.924,5.653,0.411,4.077
27.432,1.911,29.483,5.074,0.222
35.195,6.175,0.655,6.307,4.885
1.993,31.68,1.454,6.378,5.297
13.588,9.573,24.622,2.872,0.539
1.533,7.051,2.941,5.459,6.048
2.768,3.249,0.334,2.867,0.253
10.185,0.377,13.313,3.945,0.935
0.156,19.633,8.606,17.548,23.038
1458.902,6.273,1.512,19.592,0.364
53.342,5.536,8.033,0.159,5.45
19.569,3.088,25.837,3.162,22.428
37.302,1.265,7.633,6.524,0.787
2.186,41.703,7.811,13.012,17.405
18.781,2.482,43.065,2.048,0.822
1.242,14.439,0.082,17.63,2.395
3.469,3.16,0.997,0.138,8.61
11.932,6.687,0.986,2.238,3.609
14.694,1.395,1.861,3.228,0.476
10.319,23.766,1.894,4.84,4.195
1.467,17.52,0.766,17.978,1.635
7.867,32.532,0.107,53.407,8.113
18.932,9.939,0.041,12.09,30.964
20.762,24.335,0.309,8.338,7.136
8.405,6.928,27.746,5.416,1.157
13.88,41.887,1943.283,18.442,49.61
10.372,11.946,7.447,1.512,3.26
56.463,5.787,7.172,12.947,6.274
3.554,9.795,0.277,4.598,2.323
7.561,2.868,62.963,3.219,11.743
14.776,38.906,8695.602,2.557,4.101
4.131,21.291,1.257,11.884,2.676
10.086,2.524,0.863,21.464,21.811
31.652,17.839,0.45,5.186,4.107
1.806,20.614,7.943,1.308,2.458
2.807,42.948,13.181,7.227,6.81
6.848,6.877,13.392,2.191,9.692
47.974,35.48,0.917,10.619,24.672
3.012,2.631,0.432,16.118,34.276
47.198,17.614,0.313,2.357,1.893
18.265,9.507,5.045,0.482,2.596
1.84,22.49,0.953,5.169,9.477
32.261,3.043,8.23,2.334,1.008
5.226,7.447,90.547,2.785,2.359
7.944,1.492,0.844,5.41,9.423
27.586,5.722,0.482,28.213,3.037
4.143,0.45,5.42,0.586,5.124
2.961,16.807,1.689,3.627,1.758
4.224,51.416,13.325,8.06,2.229
1.301,27.632,1.034,2.776,4.823
49.024,24.804,11.404,13.149,4.325
2.527,6.538,0.286,10.55,12.326
32.36,18.99,6.791,2.352,0.256
26.976,8.023,8.016,5.34,2.77
0.911,10.862,0.914,5.311,1.744
5.283,0.89,8.153,0.957,7.138
55.46,2.731,2.517,5.128,0.124
15.312,1.887,10.005,5.284,0.526
20.096,40.546,2.578,3.038,1.424
1.358,75.371,18.847,2.772,2.944
1.433,3.522,1.019,8.364,4.998
1.024,1.44,19.967,0.596,0.861
13.067,2.248,27.542,4.478,7.23
1.946,4.03,0.678,9.08,3.007
32.318,5.174,16.576,0.23,13.686
0.82,11.532,5.331,11.722,15.173
36.075,2.691,7.531,20.072,9.678
0.083,25.221,5.4,8.171,7.581
0.349,8.506,1.4,9.331,8.378
23.424,6.414,0.753,44.178,2.039
1.551,15.605,1.015,4.323,15.689
18.64,11.723,0.626,4.992,14.22
22.135,2.783,21.343,0.131,3.898
3.743,34.106,8.745,7.094,0.441
6.243,15.57,8589.702,2.983,1.475
3.996,5.02,0.979,40.683,0.624
20.541,1.601,30.706,9.171,5.685
34.979,2.34,18.04,1.029,1.98
3.404,0.473,34.792,4.76,8.521
0.332,14.168,0.311,11.602,1.379
5.879,0.866,0.032,0.682,9.181
0.696,10.952,0.732,7.091,2.36
2.437,24.871,1.68,15.234,8.298
0.623,34.933,11.722,5.103,2.106
13.753,1.991,0.882,17.363,1.537
4.496,10.266,0.8,8.377,1.458
3.766,30.047,1.004,0.472,19.636
3.752,2.093,0.435,7.21,4.785
9.735,5.553,0.045,5.689,15.246
14.341,1.746,0.272,21.253,5.793
26.263,0.662,15.644,4.919,15.648
17.518,12.701,3056.033,4.062,3.952
24.107,3.507,13.341,0.876,6.571
12.496,1.063,0.668,2.939,2.28
8.825,1.505,0.251,5.243,14.264
0.392,1.558,0.953,1.662,11.744
4.153,33.781,2.255,19.311,10.635
6.056,0.653,0.121,2.388,14.103
5.958,3.316,0.04,0.036,0.631
1.483,12.01,1.781,0.562,0.258
2.5,10.395,0.241,8.161,4.584
6.416,1.402,0.622,6.587,0.076
57.836,1.637,0.745,29.863,26.752
6.948,19.697,0.988,42.328,3.067
2.196,4.993,0.109,2.924,21.001
10.828,22.065,0.831,25.552,0.198
26.787,1.179,18.843,13.447,0.729
6720.637,19.733,11.688,28.352,1.308
8.783,7.739,33.914,4.455,1.748
3.33,6.045,0.156,0.261,16.916
1.64,3.888,0.137,14.039,8.344
5.565,18.789,1.09,5.57,3.079
28.639,9.048,15.229,0.918,1.714
21.325,2.539,0.577,9.895,13.326
13.722,0.982,10.142,4.071,1.349
3.139,15.502,2.974,1.572,1.383
0.725,8.388,0.075,6.441,0.929
0.705,14.343,2.338,10.393,7.337
2.471,55.98,9.953,2.701,2.742
0.265,8.426,1.485,6.961,7.994
8.331,12.831,31.934,2.408,0.864
7.634,0.163,0.722,12.731,11.198
20.143,6.58,8.205,1.397,0.171
46.36,16.65,16.41,0.942,0.673
6.979,5.693,0.594,11.358,8.009
12.687,4.46,0.142,1.223,8.85
23.925,12.116,5.378,3.279,2.564
2.516,18.244,1.623,7.263,3.583
19.553,4.111,32.949,0.405,7.889
11.008,41.367,0.898,13.39,16.917
25.33,1.534,31.736,0.188,6.858
24.457,9.47,0.381,2.37,2.599
7.14,25.357,5.17,2.7,2.979
16.032,1.688,24.874,3.938,5.163
7954.821,9.919,5.355,14.878,3.289
9.67,0.169,0.644,6.512,3.257
11.599,3.405,0.726,2.631,3.36
5.72,6.67,48.881,6.445,4.067
3.772,1.133,0.866,21.297,15.249
7.279,6.161,8.657,1.507,5.088
6.967,33.929,7.99,5.482,0.429
20.108,2.342,1.09,8.275,16.184
6.961,0.325,28.253,2.26,0.168
10.178,17.756,0.514,24.709,0.485
1.938,0.351,0.929,14.234,3.183
20.579,1.02,1.158,1.686,0.67
24.155,1.141,0.249,0.724,5.378
9.916,0.927,0.788,9.851,4.198
5.427,13.109,2.573,10.354,10.372
17.45,33.947,1.043,12.985,14.942
0.06,41.364,13.811,1.845,2.472
23.643,0.882,8.521,0.155,6.287
3.524,23.253,3.232,0.31,1.292
3.582,5.813,41.61,9.212,1.342
0.788,4.957,0.065,2.549,3.356
3.661,10.132,0.645,0.798,8.797
6.459,1.816,0.959,8.949,0.313
8.056,20.165,1.454,8.055,8.798
8.838,45.321,0.253,2.096,18.0
24.957,2.082,33.568,1.456,6.711
519.305,9.773,11.041,19.606,1.185
0.594,23.806,5.381,5.196,0.937
1.788,46.744,8.157,21.019,0.094
3.03,18.604,0.355,1.894,5.345
4.299,0.382,26.223,11.748,0.085
4.489,0.865,0.243,1.434,8.155
35.157,12.778,15.611,0.856,5.806
21.494,3.131,28.407,11.786,0.64
6.607,32.766,1.573,17.659,6.403
234.115,2.591,1.794,9.368,3.78
16.688,3.676,0.648,27.211,2.348
1.526,3.13,50.231,4.278,6.176
17.972,1.654,5.893,3.794,1.123
5.201,26.657,9.516,8.794,11.829
6.02,10.68,0.296,14.535,0.944
7.457,1.041,0.157,0.042,19.013
0.364,34.079,8.709,48.524,54.374
31.611,0.846,6.756,5.917,5.562
1.992,13.969,11.096,1.523,6.01
36.823,4.744,6.159,0.065,3.836
31.66,1.594,6.906,1.94,2.137
2.509,13.253,0.511,17.646,8.725
2.245,1.225,0.593,2.305,0.182
0.912,21.82,1.854,5.001,1.357
11.816,1.196,0.303,9.547,3.063
2.442,0.422,40.312,7.482,12.203
7.486,3.76,31.497,5.485,3.553
3.301,39.355,0.549,11.619,11.404
18.853,11.14,6.826,0.391,0.009
24.364,8.176,94.339,2.703,5.106
33.606,5.63,1.045,3.52,1.735
2.692,22.225,10.281,1.464,2.326
4.592,1.203,16.83,5.769,1.429
5.492,2.062,0.189,44.371,9.062
3.333,2.645,1.031,2.625,2.499
0.048,10.809,0.322,0.324,4.903
2.197,32.973,1.072,17.261,4.508
5.851,0.027,0.368,0.683,8.82
30.27,15.488,0.297,14.73,1.11
21.243,52.049,0.468,3.484,3.034
25.45,10.646,0.337,2.274,5.385
11.436,4.063,7.195,1.984,5.757
9.417,27.046,0.507,3.085,2.891
6.091,46.997,0.14,3.741,3.176
24.535,0.214,51.976,6.008,10.358
14.601,0.095,0.441,29.57,19.993
1.785,25.145,1.044,11.769,9.032
2.692,19.287,4.492,1.076,1.843
4.9,6.732,0.848,1.562,1.301
17.916,6.56,2.038,1.891,0.667
18.091,8.172,0.206,8.483,5.533
1.584,8.641,0.705,8.418,0.875
11.307,15.309,0.842,16.987,16.362
42.994,5.165,30.738,4.624,26.505
4.934,20.044,0.949,12.324,6.233
19.233,5.043,0.168,9.562,13.685
9.52,3.547,0.535,18.413,6.535
11.334,2.14,0.595,0.26,9.25
8.873,1.397,0.469,9.066,7.793
17.449,33.472,1.516,8.563,1.473
20.675,4.35,0.635,8.267,1.722
4.948,5.831,10.351,0.481,0.413
15.219,31.906,4.103,6.943,3.809
13.334,0.018,0.912,12.145,13.166
6.505,6.024,6118.05,7.09,43.761
3.74,5.506,0.96,2.128,7.575
14.749,4.086,8.09,3.309,0.462
21.068,8.597,12.818,1.825,2.426
8.528,15.883,0.236,4.659,8.602
0.918,1.489,1.067,3.892,3.573
3.489,33.71,8.615,2.27,0.785
11.903,3.488,23.993,1.851,3.645
22.434,12.296,5.682,3.585,0.82
0.485,11.426,0.286,0.855,12.07
2.013,3.685,0.281,3.43,4.604
8.582,13.023,0.652,14.648,21.421
3.25,13.873,5.764,1.941,2.934
10.828,2.797,0.55,1.38,10.205
6.307,25.362,5.672,5.508,1.871
17.436,3.595,1.071,6.621,4.755
0.735,43.742,0.167,9.36,2.267
17.131,3.542,8.774,10.623,9.433
2.283,3.846,36.95,5.692,0.828
26.315,17.752,0.133,37.794,3.695
9.236,7.779,0.75,4.752,2.988
27.34,4.425,1.063,12.172,8.017
29.542,4.757,7.555,1.854,3.568
11.605,21.42,1.214,11.754,9.659
5.726,1.474,3.928,0.158,0.493
33.653,4.012,4.847,6.941,0.19
5.091,1.184,20.1,1.582,0.499
13.66,2.666,14.887,1.832,11.247
10.11,14.646,1.202,15.374,13.306
8.408,1.297,12.731,0.439,3.129
24.97,4.04,14.04,0.086,2.892
16.71,3.035,0.086,42.922,9.149
5.914,1.715,0.801,8.619,5.918
17.425,3.215,4.756,3.965,2.366
14.427,0.093,7.78,5.945,0.551
3.869,5.599,5.695,0.35,2.685
1.518,23.775,12.749,0.044,2.515
6.446,1.198,0.492,39.847,11.655
26.87,22.189,0.214,13.993,24.397
9.346,2.426,1.086,5.76,0.193
1.101,20.991,0.467,35.104,3.414
12.319,16.242,0.984,27.055,21.962
7.84,42.348,2.192,12.776,0.213
7.272,9.997,0.903,3.5,12.826
37.93,0.397,72.569,3.346,23.353
31.374,5.32,60.078,15.649,10.277
8.103,3.589,0.711,8.575,12.543
2.824,5.769,65.001,7.298,3.156
2.896,4.712,0.591,10.388,3.842
2.894,21.655,7.595,16.509,15.543
0.396,1.444,0.955,18.91,23.369
7.709,1.205,5.4,0.836,0.867
35.591,0.811,12.363,28.659,19.611
0.865,27.011,19.85,5.227,9.292
42.186,2.621,17.693,5.233,2.727
2.67,2.113,17.496,2.782,2.104
8.774,2.332,21.232,2.118,1.371
8.825,59.607,3.1,1.483,1.169
4.706,17.517,7.871,6.232,10.312
16.452,0.445,19.713,6.445,6.235
6.096,12.947,0.439,22.681,3.814
16.55,1.458,29.72,1.845,29.172
5.858,13.671,0.789,11.275,6.098
1.997,9.756,2.904,3.217,4.539
1.997,25.94,3.846,5.558,7.223
27.784,17.677,0.115,3.709,5.348
69.811,2.924,21.063,2.216,4.163
4.962,3.955,0.684,24.293,0.435
3.555,4.077,0.2,5.772,14.382
26.002,3.871,7.228,5.196,2.798
9.916,9.707,9978.625,7.85,5.919
13.206,0.408,3.149,1.291,2.387
0.117,2.366,0.92,4.682,1.609
4.549,19.867,10.798,2.595,7.007
27.312,0.008,0.027,0.307,2.067
29.292,7.574,0.223,4.137,3.332
46.384,2.683,55.866,11.709,2.838
15.389,2.177,0.697,29.889,28.142
0.231,9.656,8.354,5.617,10.696
11.311,10.242,0.975,0.148,1.334
20.508,2.066,32.984,6.633,5.81
4.624,3.21,8.97,0.87,0.726
9.385,10.562,12.657,1.856,7.121
17.626,5.509,1.043,8.603,4.118
2.806,2.394,0.219,3.898,0.565
6.86,0.33,11.857,2.624,2.69
0.426,24.225,8858.524,1.957,6.842
10.89,11.408,0.2,8.5,3.024
1.957,2.321,0.953,6.575,8.211
1.662,17.171,7.688,7.722,7.343
7.46,27.446,4.699,1.175,3.358
32.693,2.447,13.429,1.65,12.835
2.719,18.106,4.831,8.835,9.739
0.681,23.866,0.053,0.99,25.678
41.516,1.322,7.007,4.455,0.747
6.381,0.323,13.513,0.157,3.287
36.622,31.582,44.545,0.659,0.142
29.053,0.546,14.644,9.277,5.308
7.295,4.809,0.339,3.27,4.528
3.002,14.803,2.102,7.813,6.656
16.0,37.572,3.723,6.697,3.76
8.867,6.087,0.344,5.765,11.869
6.077,0.029,10.762,1.244,0.838
8.709,2.703,11.814,2.224,1.405
27.789,0.73,0.343,4.464,0.06
0.572,18.515,6.087,9.434,6.105
0.859,15.448,7.861,10.425,14.838
16.344,1.636,0.774,5.145,2.47
23.879,5.191,9.478,5.764,6.709
0.509,3.107,0.131,12.883,3.479
3.973,1.673,22.948,0.832,20.689
13.944,4.734,23.558,3.554,4.679
19.52,1.438,0.031,17.096,12.266
3781.776,0.277,21.279,0.511,22.947
5.564,17.96,3.224,20.388,17.737
22.653,5.466,40.664,17.068,0.378
12.326,27.899,3.185,12.811,6.044
19.523,8.238,0.553,2.037,31.339
17.042,30.814,0.25,7.423,32.401
14.295,3.794,11.982,6.241,10.461
44.238,2.574,24.418,2.811,9.792
0.528,19.446,1.277,8.401,4.102
23.789,11.605,4.949,3.586,1.993
13.592,15.764,6.56,3.59,1.766
27.88,3.435,2.597,0.633,1.027
9.89,0.468,7.761,3.361,7.021
0.183,2.267,0.689,8.463,8.827
14.09,18.413,0.289,2.108,3.614
10.638,20.921,4.254,11.198,11.883
11.365,3.34,14.496,0.468,1.157
2.718,21.458,2.081,6.962,6.446
16.815,4.425,6.013,0.801,1.145
0.354,0.071,0.608,12.924,5.925
39.99,9.244,0.716,6.141,1.044
4.867,21.522,3.771,8.888,2.163
37.573,0.938,0.398,1.051,16.887
5.576,4.31,33.862,0.296,2.626
13.363,2.309,9.333,0.803,2.496
1.768,13.7,6.572,6.52,8.292
5.7,2.404,17.202,1.384,2.8
14.269,2.804,17.037,1.252,1.315
9.642,1.57,8140.1,4.647,4.349
11.416,4.764,12.337,0.186,9.69
27.51,11.57,29.522,0.335,6.789
8.407,6.457,0.833,8.581,1.35
20.483,5.864,9.58,15.478,13.551
14.615,1.837,1.996,3.296,1.685
10.067,5.029,0.936,3.511,20.153
19.024,19.693,0.829,9.964,11.327
7.018,0.668,1.615,5.047,2.652
0.115,6.018,0.901,2.093,8.206
29.017,3.685,0.308,27.571,14.258
2.024,6.34,0.096,36.873,0.496
5.538,30.29,7.618,7.128,7.251
8.657,2.757,2.422,1.684,1.143
6.276,0.865,8.413,3.591,0.723
8.309,7.624,24.62,2.642,0.923
82.681,1.618,48.47,2.665,3.666
1.524,3.536,0.028,13.634,19.114
5.964,42.547,2.158,8.65,9.03
6.131,20.112,2.46,8.797,1.251
8.407,11.434,0.377,3.234,9.02
0.899,2.039,0.167,24.294,11.043
22.368,4.356,6.22,2.791,1.545
3.392,0.911,0.898,1.868,9.679
0.571,37.153,0.175,4.137,0.962
6.888,5.432,0.519,8.381,2.331
2131.262,11.588,1.829,20.546,14.989
20.146,9.512,0.314,3.034,46.322
8.716,42.165,20.971,9.005,14.303
12.179,1.051,13.71,1.669,5.79
14.339,1.784,18.388,5.285,3.162
12.743,12.128,0.861,2.57,14.908
3.52,12.174,0.533,3.786,2.867
7.047,8.915,25.298,1.93,0.828
9.784,24.494,2.621,7.644,5.794
15.56,19.151,0.814,20.294,9.139
3.866,19.968,0.842,26.119,6.905
2.919,13.879,45.033,0.902,1.521
0.409,10.807,0.212,3.778,0.801
5.195,7.378,0.741,7.233,1.643
39.744,13.657,12.724,6.594,7.368
12.387,11.583,0.375,15.495,12.517
54.732,0.186,7.449,15.21,8.033
3.226,30.096,8.592,1.424,1.065
0.272,9.981,0.414,1.161,11.899
2.934,7.162,0.146,3.838,4.297
8.078,52.371,0.953,14.87,7.715
18.29,9.301,21.709,9.027,21.236
22.778,2.605,10.542,1.644,2.559
16.04,4.947,15.549,0.258,9.588
9.67,0.169,3.545,1.47,3.062
0.503,22.499,0.785,21.869,12.909
11.417,1.158,0.658,33.387,36.162
19.881,0.295,2.108,3.774,2.243
8.731,8.806,0.598,45.482,3.403
4.851,17.598,3.497,3.5,0.174
14.239,0.94,0.695,10.723,59.366
13.297,6.737,5668.097,8.839,10.549
5.341,1.406,14.786,0.697,1.984
3.966,10.317,1.089,7.08,3.537
50.001,4.582,10.662,8.882,3.805
2.207,34.867,9.094,11.033,4.074
15.376,2.519,6.549,1.139,1.557
11.857,38.207,9.861,8.969,9.383
2.924,20.753,1.055,1.062,5.012
17.447,0.177,0.085,9.628,4.758
10.755,13.887,0.324,27.471,33.272
1.775,23.22,0.082,4.934,3.153
19.607,4.278,9.31,3.67,7.6
8.231,7.955,36.172,6.196,1.62
0.122,17.544,9.304,3.542,2.969
15.574,4.489,0.214,0.058,14.106
1.639,1.523,17.294,3.72,1.678
7.065,43.994,7.203,12.743,1.606
11.159,12.195,0.411,10.259,6.985
7.247,0.285,5.91,1.956,0.709
4.584,19.085,0.916,6.993,9.358
29.818,3.859,30.646,0.859,12.242
10.809,10.633,9895.128,9.592,1.688
16.321,0.308,13.864,0.138,3.234
14.8,11.89,0.184,14.06,3.579
5.722,29.498,4.589,1.269,3.098
3.868,2.234,0.13,13.767,4.365
8.444,0.159,34.036,10.024,3.891
0.156,9.869,0.917,3.206,15.764
7.964,0.041,38.11,8.67,1.507
13.781,43.729,9.093,6.832,6.613
0.489,9.671,7.597,1.3,3.699
13.525,0.36,18.243,4.863,2.64
11.921,5.63,0.257,0.527,2.583
7.069,0.465,67.702,3.949,8.85
6.696,16.527,0.646,12.721,16.541
14.658,4.633,24.059,0.665,1.533
53.677,24.273,0.014,10.191,0.201
1.699,22.562,0.131,1.789,2.719
3.807,14.349,1.406,7.64,4.288
10.566,5.47,0.983,21.946,0.572
13.819,1.567,0.38,4.333,14.196
5.396,23.152,1.33,1.695,0.755
1.198,2.835,31.636,2.673,3.912
4.837,2.922,3.257,0.75,1.673
19.497,8.086,0.324,6.758,1.162
1.562,2.792,0.281,1.503,5.36
41.896,11.582,5.766,0.742,1.237
17.53,45.157,10.573,25.74,29.483
1.322,10.566,2.851,1.413,0.637
0.258,18.476,0.757,6.004,40.298
22.162,5.446,57.592,10.356,5.815
2.87,15.646,4.386,5.264,6.378
5.326,0.294,1.028,10.148,2.385
1.824,2.014,0.455,7.653,31.624
0.041,9.199,0.562,8.589,18.362
1.594,10.074,6.248,2.391,5.175
7.196,0.812,0.911,4.22,9.67
3.056,3.663,19.557,2.407,1.943
5.765,54.162,3.232,6.034,2.461
2.761,22.872,2.875,13.677,14.451
18.473,14.496,5.386,0.525,1.866
7.678,36.451,3.185,13.208,12.151
10.541,2.822,0.664,9.009,4.028
15.893,3.133,29.432,0.319,4.538
24.935,2.113,6.172,0.612,1.588
20.028,5.606,12.194,4.052,0.691
6.839,20.93,0.79,6.114,0.397
1.919,8.525,0.508,21.821,9.342
2.443,16.273,0.498,18.878,1.345
47.305,9.659,7.274,3.289,1.076
21.803,52.56,0.129,3.677,9.542
11.863,9.937,0.855,20.821,24.671
24.494,6.784,11.83,7.982,9.83
7.466,8.454,0.652,0.168,3.536
10.765,4.914,18.719,0.802,14.635
12.769,10.136,0.649,4.482,13.85
8.733,26.797,4.523,1.787,1.577
0.599,12.171,0.913,26.901,3.908
11.5,2.706,0.695,27.048,11.562
10.519,33.89,0.575,4.223,7.447
0.73,1.725,0.837,30.738,1.559
8.075,24.44,1.038,11.488,24.851
12.124,33.038,5.463,8.777,3.33
16.066,2.075,15.588,1.312,0.808
12.132,6.377,25.772,8.462,26.382
21.46,8.511,4.686,9.78,4.562
9.324,2.738,29.26,2.467,4.591
0.706,38.369,0.722,6.305,13.751
6.837,6.64,38.913,1.771,2.18
3.387,22.045,0.38,3.797,3.22
15.655,3.246,0.246,22.161,2.519
0.246,0.259,26.944,3.11,3.633
16.565,6.93,0.623,0.86,12.43
1.449,6.291,0.004,18.011,14.571
25.885,19.677,7.421,2.692,1.367
7.117,14.984,0.713,29.87,5.472
46.518,0.76,9.817,23.473,12.876
10.482,0.244,60.114,7.994,0.965
1.02,2.482,0.734,5.703,3.505
27.386,3.627,0.815,5.215,19.215
4827.862,1.405,6.559,30.418,17.964
5.055,0.429,0.667,50.745,12.255
19.256,5.602,26.262,8.205,2.19
3.142,41.953,1.003,7.083,19.198
24.22,7.484,4.789,5.23,0.807
14.344,8.02,5.767,1.656,3.493
3.263,4.353,0.581,0.977,11.013
22.538,10.709,0.675,6.256,11.638
5.345,14.643,1.264,4.365,3.37
4.445,32.915,4.982,4.914,3.121
3.463,5.704,0.622,40.446,8.912
19.2,5.947,22.223,12.745,23.477
7.787,19.447,0.767,1.145,24.429
0.077,25.926,2.488,13.914,1.443
6.704,13.156,0.647,6.5,8.863
2.096,9.959,2.097,5.173,4.601
2.688,38.668,12.547,5.09,6.281
2.585,20.29,0.18,6.454,40.629
5.047,11.037,3.583,7.128,8.516
2.505,13.36,0.025,2.493,4.223
3314.354,18.025,0.382,5.919,4.539
1.902,0.236,11.794,1.229,3.332
0.583,0.557,0.749,12.803,31.639
44.75,0.547,8.316,11.175,8.811
1.25,33.02,8.552,11.48,4.442
0.638,24.417,0.54,29.002,4.116
2.112,33.003,6.688,18.714,23.25
3055.909,6.664,5.337,31.09,7.508
19.644,5.799,13.793,4.667,12.883
13.638,3.394,14.076,2.661,1.337
2.027,11.549,0.656,8.245,1.963
4.282,5.37,0.345,2.4,9.042
14.231,1.52,42.776,8.489,10.246
43.501,1.859,11.766,1.971,0.837
3.402,3.416,0.049,5.621,3.892
0.508,11.137,0.471,14.408,23.681
9.479,4.038,25.001,1.125,4.22
8.362,20.711,0.372,4.385,26.975
21.008,2.178,1.45,12.254,3.451
5.874,3.922,0.641,4.169,16.299
1.456,3.885,60.855,5.749,0.237
5.057,3.897,46.868,5.279,5.044
20.99,7.799,10.64,1.249,4.198
12.265,2.576,0.233,9.888,8.574
3.427,18.512,4.486,7.615,9.376
4.526,7.104,6453.509,14.391,11.677
16.576,2.218,7.397,2.478,4.916
1.697,2.485,0.191,7.24,13.938
1.466,28.253,9.09,9.091,2.569
19.202,0.368,14.85,3.124,12.32
20.706,1.984,0.883,44.187,5.527
5.083,9.557,0.221,2.963,20.571
12.159,1.496,40.865,13.487,1.545
4.084,0.495,0.8,11.346,12.29
28.645,20.247,0.523,24.277,5.951
3.123,7.939,0.128,0.473,37.212
2.446,0.271,0.274,5.507,17.179
46.313,21.068,1.012,6.246,13.037
0.197,4.827,1.022,2.855,2.441
12.612,10.198,0.366,1.775,11.432
11.798,3.813,0.415,3.075,9.449
7.697,10.08,0.981,2.169,8.17
1.853,1.22,0.978,10.852,0.253
7.089,21.015,2.26,1.052,0.392
6.741,0.907,12.111,3.346,2.159
17.94,2.624,0.07,9.51,12.622
23.289,0.736,14.536,9.527,2.03
3.739,4.446,26.009,2.002,3.402
2.596,13.009,2.43,6.788,3.244
4.547,10.474,0.101,16.647,10.198
2.212,5.374,41.112,5.431,0.722
25.482,2.607,9.145,4.277,1.791
3.46,12.544,0.469,21.593,0.499
20.501,14.053,3.664,1.36,0.861
1.442,19.412,7.028,4.732,5.261
7.371,54.874,0.788,11.455,6.605
8.419,5.328,13.742,1.071,1.757
16.875,0.922,30.778,0.814,12.159
24.193,0.729,33.291,5.844,0.949
0.376,5.314,0.115,3.284,8.323
17.444,4.362,5.781,6.735,5.197
43.425,1.952,0.383,0.421,2.121
13.079,2148.639,0.123,41.265,6.167
1.012,33.385,4.153,19.0,3.429
2.253,18.923,7.962,2.748,1.958
11.376,5.117,1.015,5.473,0.325
67.735,3.972,12.931,12.42,9.058
6.528,0.473,14.598,2.903,1.631
4.259,17.859,3.626,2.45,0.749
24.981,5.463,2.532,3.282,0.172
15.853,37.938,3.779,5.777,3.774
18.277,4.021,7.929,9.883,9.197
4.516,16.627,5.9,16.542,21.201
1.943,2.764,0.179,1.402,19.515
3.934,23.195,0.061,6.807,33.749
12.295,21.333,16.935,1.206,6.71
5.262,3.148,22.629,1.247,2.431
5.136,13.176,0.177,20.856,1.365
5.013,4.459,21.422,1.318,16.066
55.997,3.323,0.394,13.534,6.701
18.374,0.261,6.454,0.877,4.528
3.918,25.971,1.722,4.265,4.058
6.057,6.931,1480.163,0.729,1.542
27.461,2.828,4.795,1.191,1.044
3.92,20.644,2.37,10.617,0.437
6.046,4.697,26.926,0.479,2.908
8.886,4.468,0.224,2.856,18.215
7.073,4.504,8547.609,2.46,3.303
13.115,44.134,0.481,4.954,14.924
28.595,3.731,5.989,1.548,3.572
8.044,27.67,3.569,2.239,0.175
8.2,16.18,0.313,3.72,20.472
37.527,5.712,1.082,3.147,1.401
19.594,2.499,20.957,2.586,3.538
6.07,6.685,36.841,4.636,1.122
36.975,10.586,0.836,26.251,2.786
3492.29,2.637,2.489,7.793,0.578
21.492,3.129,11.465,1.519,3.883
26.086,18.155,0.088,23.55,31.892
2.012,5.367,0.654,5.575,4.19
1.886,14.432,2.528,24.538,22.963
6.331,20.757,0.098,2.7,1.086
10.039,7.002,0.153,4.064,1.088
39.106,5.802,14.195,2.223,0.363
3.804,18.058,7.541,7.507,7.497
6.658,1.967,30.388,2.466,0.052
10.773,0.853,12.236,0.738,4.448
50.721,9.769,6.368,1.455,3.223
5.853,1.479,19.124,2.218,5.046
20.755,12.414,13.876,2.368,10.042
6.46,4.704,0.956,3.843,15.389
11.852,2.459,29.568,1.503,3.22
13.074,0.136,32.434,2.074,1.793
1.756,9.436,2479.904,9.154,9.955
6.183,21.821,1.554,19.718,15.468
5.309,18.959,0.442,5.575,1.703
20.115,10.795,0.523,20.07,1.061
4.026,0.713,0.257,27.837,25.829
2.367,2.342,5435.333,13.255,4.466
1.702,13.597,0.812,1.738,40.643
11.453,2.01,1.041,17.183,6.045
15.016,1.774,11.448,1.288,2.495
118.716,2.487,10.934,1.392,4.448
5.838,6.092,0.143,5.985,12.983
6.726,1.527,24.084,6.521,3.045
1.857,5.372,53.469,9.127,1.722
5.058,1.626,3.586,1.191,2.915
0.934,17.701,0.188,2.391,24.289
45.756,1.182,20.08,13.535,5.542
42.543,1.986,11.173,11.458,10.206
2.384,4.758,0.938,6.141,2.329
0.991,21.456,0.731,20.247,13.139
6.63,8.74,0.054,16.216,27.171
16.053,2.141,8.346,7.339,7.454
1.086,15.641,0.08,7.247,7.355
0.657,22.056,14.425,10.619,14.876
6.662,2.272,0.091,0.7,2.412
2.125,27.678,0.269,1.043,1.454
12.959,3.853,3178.753,0.602,6.21
4.265,3.752,1949.895,16.721,43.736
16.612,2.31,15.829,2.997,12.614
1.517,16.018,8.869,0.852,3.833
12.994,0.297,23.105,0.198,8.483
5.214,4.17,0.613,1.577,6.052
41.613,3.008,2.318,12.74,1.304
20.073,1.001,6.174,4.125,4.778
14.38,4.001,4.499,2.922,3.479
4.451,2.314,31.46,1.237,0.87
8.079,14.72,0.629,30.006,13.316
10.77,16.161,0.159,22.211,8.626
3.841,26.812,8.853,10.101,15.644
18.433,6.457,1.695,8.154,2.32
6.227,2.051,0.075,23.888,1.702
21.809,3.766,0.89,3.643,5.78
3.851,17.477,4.821,2.233,1.574
34.068,18.447,16.156,0.506,6.706
42.547,15.92,5612.789,6.924,33.416
14.068,18.462,0.824,4.684,27.575
19.971,2.545,4.274,2.306,1.158
0.508,2.849,0.324,5.956,0.782
7.771,60.783,0.241,8.789,22.42
3.833,24.986,2.966,17.26,15.75
3.186,4.222,41.983,10.516,2.892
10.085,0.342,11.713,3.266,1.339
22.775,3.753,8.229,8.12,6.431
2.061,7.791,0.641,10.301,29.841
26.57,9.788,52.01,1.446,0.283
4.091,5.176,0.684,29.309,3.937
27.738,13.639,0.004,1.579,7.35
5.354,1.679,42.148,9.537,3.276
0.457,6.198,1.182,7.807,7.243
5.515,3.301,0.515,7.29,14.836
7.379,32.137,1443.272,3.998,11.521
3.868,0.308,0.386,3.663,7.43
8.145,29.387,10.333,5.126,9.677
12.407,7.815,0.731,7.66,16.787
0.557,22.562,0.097,19.814,1.237
1.146,0.901,0.623,5.14,9.808
24.435,7.845,8.706,1.807,1.37
7.276,6.346,0.025,2.728,3.302
13.377,8.559,0.321,3.585,15.944
17.765,0.524,13.109,1.655,4.143
5.226,1.469,0.576,16.267,1.783
4.235,0.131,0.113,2.74,1.999
1.213,5.326,2062.111,25.032,6.012
21.85,2.163,9.162,1.701,1.593
6.445,2.838,71.97,15.057,0.814
19.002,1.102,13.976,2.331,1.891
2.381,8.53,0.248,12.402,3.558
34.956,0.722,1.001,16.526,3.18
20.249,7.133,19.239,2.869,0.54
10.248,2.305,33.688,3.103,8.975
19.407,17.202,0.303,3.723,4.025
7.673,5.132,6.655,2.208,4.282
40.081,3.323,13.749,1.346,7.786
0.252,16.737,2.505,10.398,7.946
5.415,18.819,0.034,9.734,6.468
13.412,4.639,0.498,4.484,0.934
22.318,18.847,9.462,0.393,2.017
14.167,9.219,13.794,2.682,9.289
11.25,2.422,6.439,1.875,0.056
16.787,1.528,7.313,1.57,2.614
15.388,9.918,0.019,13.941,17.223
13.459,7.842,1.068,0.522,1.111
12.186,11.963,0.737,1.493,15.576
11.478,16.812,5678.593,8.982,2.822
9.176,0.326,14.137,2.264,5.339
8.854,0.118,0.605,2.117,7.14
13.719,23.685,0.295,6.926,11.384
13.446,7.925,1.065,29.714,24.053
11.553,58.013,2.485,37.362,17.843
17.354,1.97,18.491,0.21,0.068
4477.814,11.928,16.064,7.662,19.876
0.756,30.934,0.545,0.535,1.153
8.413,6.186,4.829,1.116,2.011
25.462,8.124,18.491,4.42,15.506
7.375,21.147,3.365,10.23,11.171
4.597,1.964,32.706,2.688,0.411
14.323,0.117,10.43,11.341,13.433
56.98,1.707,3.481,17.961,0.997
31.529,0.082,5.909,20.319,8.678
1.756,15.324,1.055,8.641,0.959
2063.754,0.928,2.242,7.958,11.264
39.274,4.26,5.694,6.485,0.271
4.99,4.639,817.096,18.019,47.577
7.328,1.554,0.949,0.343,0.199
0.506,6.1,6.492,0.623,3.088
29.242,3.393,24.962,9.389,0.383
8.517,51.363,2.498,7.321,2.968
32.302,1.492,2905.436,3.044,23.771
33.141,3.504,23.464,9.894,2.482
16.369,0.844,21.503,2.889,9.155
25.807,2.349,6.208,5.745,3.805
12.48,54.372,0.384,2.76,0.927
29.636,46.199,6.364,13.473,13.116
20.771,0.3,16.5,3.568,3.982
1.756,3.978,5432.806,10.292,12.053
4.723,2.448,2.264,0.521,1.405
48.079,0.985,11.088,1.428,5.227
23.706,0.72,12.548,4.053,8.88
4.075,29.949,5.348,14.945,10.944
14.776,6.656,8.948,1.766,5.765
25.369,7.949,15.84,4.396,13.682
4.793,2.113,23.677,0.035,1.65
9.575,16.597,1.241,11.196,8.064
14.337,1.999,3.434,6.722,3.181
18.104,0.502,49.973,9.95,8.68
1.416,28.62,10.078,8.322,3.141
2.897,17.075,3.289,6.329,6.811
15.251,0.109,21.152,1.298,3.372
32.229,6.658,3.222,18.827,7.113
15.024,20.98,1.463,8.599,1.743
19.035,0.614,6165.637,15.438,3.248
10.677,48.732,2.524,20.912,8.42
41.213,4.613,37.232,6.119,12.626
20.029,34.563,3.571,14.257,10.272
27.594,2.33,17.565,0.83,1.459
7480.664,17.499,1.47,6.964,2.03
15.776,0.594,31.579,0.241,6.956
0.502,17.892,6.496,0.704,1.99
20.653,7.392,15.742,1.957,1.501
9.062,16.598,1.315,4.773,1.33
9.118,15.001,0.019,12.867,7.845
29.968,2.729,9.617,3.717,6.91
1.498,0.35,17.255,5.545,1.222
29.548,10.259,6.445,5.513,0.898
0.389,18.988,2.246,14.045,4.581
1.857,16.559,4.453,3.783,1.97
0.239,28.818,3.322,5.289,4.417
0.978,29.638,3.679,10.185,2.395
22.817,41.19,5.347,14.716,7.368
5.895,32.352,0.317,36.729,16.336
1.89,15.305,4.198,4.059,3.969
9.264,0.24,36.553,11.234,0.389
1.753,34.781,10.534,3.448,4.22
4.303,335.879,1.796,3.299,0.969
20.082,16.535,18.205,2.093,10.289
0.768,31.141,4.621,4.61,2.642
9.953,19.184,0.489,3.671,0.193
5.103,8.325,46.526,3.318,0.29
0.333,21.903,0.999,6.191,1.218
2.409,26.541,4.209,12.694,2.327
2.784,41.003,5.704,23.624,1.61
29.363,2.849,13.919,2.248,2.173
3.848,23.152,3.897,19.669,20.204
58.605,4.924,35.214,9.405,9.03
1.626,22.112,2.927,13.393,6.795
19.146,5.59,20.915,0.611,3.513
4.943,4.173,22.126,3.23,0.234
13.817,1.408,8.666,0.401,3.597
15.676,9.185,17.977,2.54,0.365
38.392,12.455,11.291,16.827,10.87
56.44,0.183,4.151,5.144,3.29
48.458,17.85,21.212,2.574,5.004
5.837,23.238,2.859,14.466,1.357
0.286,72.804,4.836,25.479,5.112
0.627,13.049,1.103,9.7,1.119
5.272,50.467,8.506,2.162,0.43
37.307,14.793,27.139,0.357,1.778
7.957,16.029,1.726,11.176,8.861
13.393,1.777,12.497,1.83,2.404
3.751,0.539,19.843,1.526,2.145
1.455,13.328,2.523,0.638,0.356
10.661,3.005,10.045,2.024,1.897
17.626,4.881,11.747,2.105,8.84
0.834,20.078,0.164,4.412,0.63
27.921,7.128,23.82,1.376,0.247
35.514,15.157,13.438,2.406,9.555
0.804,72.44,44.387,5.433,18.618
0.782,14.388,3.256,7.509,5.783
1.638,16.316,2.093,6.55,6.043
9.558,32.546,9.418,10.084,8.858
1.949,28.427,10.659,4.682,1.343
15.818,2.486,18.866,0.419,6.763
6.217,0.545,23.006,3.175,6.786
17.441,2.972,20.863,2.693,6.054
10.75,43.378,5.316,11.777,3.8
12.403,5.801,8.337,2.504,5.494
12.48,4.83,10.075,1.481,7.552
9.704,11.989,1615.559,28.133,18.999
18.141,3.408,5388.864,3.781,15.584
16.013,2.803,8.013,2.2,2.624
0.518,18.731,1.56,10.062,5.081
0.401,0.087,31.746,0.612,7.487
5.954,1.191,18.301,0.53,17.354
32.869,3.154,11.759,4.562,8.775
3.295,26.718,1.096,3.149,0.884
7.479,0.614,28.266,6.553,4.427
38.124,2.462,29.98,11.629,0.08
5.784,16.859,1.284,4.148,1.109
42.396,8.119,6.122,14.33,4.336
9.016,7.257,47.191,3.348,1.901
0.552,9.683,6.364,4.305,6.357
5.975,8.582,9993.887,1.694,5.773
0.832,11.443,3.658,4.069,4.41
96.229,8.763,3649.969,8.01,26.112
11.892,30.378,3.304,3.336,0.537
12.874,12.733,6.195,1.09,2.045
24.193,3.298,9.534,3.399,2.494
7.407,3.067,3.734,2.093,2.899
15.272,0.602,2.265,7.754,3.089
7.567,1.48,9.727,4.594,11.612
4.872,19.907,8.227,8.82,10.305
2.749,36.008,4.859,6.023,1.722
15.344,0.187,10.755,5.215,3.209
1.433,24.903,7155.574,7.615,8.497
15.437,0.819,2.014,2.676,1.88
2.262,8.87,0.205,4.092,1.696
3.319,32.521,2.056,17.573,8.363
23.477,0.703,4.655,15.395,6.675
46.255,2.522,18.832,11.767,5.125
10.489,0.227,12.161,0.48,6.556
1.603,11.528,0.755,12.173,7.853
5.836,6.728,17.818,1.296,0.409
2.816,18.131,0.042,16.394,14.499
47.407,7.218,8.023,7.67,3.14
6.85,4.23,16.623,0.654,1.228
1.03,20.084,9.544,1.465,4.825
4.778,0.188,23.312,1.091,8.509
17.526,0.753,36.017,10.529,8.279
8.239,0.27,24.381,4.922,3.728
7.978,17.146,0.234,5.802,4.212
22.13,1.398,580.747,4.396,4.129
15.728,4.917,7.222,1.278,4.833
1.651,17.647,0.894,1.206,0.989
27.821,3.235,12.818,3.48,8.46
0.649,30.968,0.757,14.715,11.216
16.623,6.169,6.533,8.55,6.055
5.489,11.422,0.086,9.245,7.401
6.799,3.2,21.6,2.318,4.026
32.362,6.714,11.443,8.569,10.362
0.396,33.707,4.583,15.721,2.487
7.064,6.124,53.327,3.591,3.137
27.013,18.629,20.33,0.19,1.886
12.564,3.103,15.903,5.798,0.546
9.149,0.731,4.123,0.117,3.337
23.616,1.282,11.569,4.872,0.117
27.486,9.007,10.263,2.096,1.502
45.077,24.748,12.827,4.933,6.584
11.608,30.826,3.345,5.846,0.899
55.141,0.408,7.23,3.695,8.464
10.748,2.394,17.468,2.849,15.471
24.802,16.419,5.699,0.285,0.716
6.19,2.148,23.774,2.252,5.407
35.249,0.079,7.451,3.224,2.726
8919.436,18.526,16.074,2.367,0.623
49.398,8.74,6.835,17.824,7.413
26.745,2.864,4.459,1.868,1.522
11.024,3.853,19.344,2.057,0.114
13.817,1.187,1.037,3.872,0.282
4.681,26.029,1.527,1.165,0.251
12.526,2.33,3.053,2.042,2.511
8.07,14.131,1.809,6.024,4.226
17.494,5.672,5.668,0.082,1.208
3.209,18.291,5.488,2.645,0.587
26.47,5.831,3.352,24.699,9.426
4.526,30.0,1.573,27.838,30.332
2.859,27.365,5.37,15.541,11.968
20.692,0.023,12.625,8.186,0.339
22.611,1.615,47.122,0.618,9.069
8.955,0.22,0.417,5.881,0.986
31.82,6.974,11.899,1.206,5.844
1.405,1.68,16.872,0.666,0.432
0.423,0.316,8.422,0.594,0.227
6.52,43.341,6217.733,5.752,7.025
9.526,2.766,52.101,3.596,12.328
29.128,0.24,3.93,0.858,4.592
18.66,1.674,29.242,8.023,0.139
0.119,2.542,23.555,1.687,1.643
1.13,10.744,0.895,5.806,2.327
21.826,0.217,20.163,4.947,1.083
9.558,600.319,3.792,14.907,3.677
13.989,0.608,9.416,5.539,0.807
3.781,25.045,3.29,16.076,17.936
1.65,29.705,15.319,5.824,7.273
8.153,25.333,3.78,6.293,1.688
23.04,2.773,26.279,0.127,7.759
41.15,13.948,3.834,2.205,0.105
39.025,0.852,4.798,1.732,3.221
18.357,7.121,14.307,7.57,11.785
9.13,10.799,26.323,2.621,0.712
7.481,32.469,7.237,4.999,1.214
22.703,3.858,6.209,12.124,8.589
22.426,10.185,38.638,4.815,0.114
15.046,3.68,12.682,3.93,11.801
11.432,21.533,2.429,9.276,5.964
24.706,0.798,43.443,4.203,6.433
3.157,14.764,10.543,3.286,8.504
17.004,1.715,23.14,4.904,23.676
26.055,11.857,23.19,2.702,3.586
2.649,2.558,4.307,0.58,2.818
1.068,24.221,5.722,4.473,1.201
0.621,0.073,68.972,26.084,0.051
1.75,15.804,1.747,9.568,9.382
7.241,18.396,7.59,7.865,11.932
10.382,3.315,5281.345,14.12,0.966
35.954,6.637,11.968,2.207,2.156
16.582,5.547,37.607,3.669,3.213
1.921,27.882,4.327,6.714,0.673
12.657,9.633,21.673,1.091,2.261
5.754,15.602,2.354,4.811,2.808
3.48,27.463,2.483,5.775,4.64
1.487,6.682,1.295,1.294,0.607
17.949,0.799,2.607,8.686,2.695
20.269,0.383,28.346,4.856,3.951
31.737,3.279,4.968,5.823,4.831
26.451,4.02,8.532,0.444,3.622
7.504,741.811,17.286,1.065,0.88
4.776,11.439,2.995,5.913,7.346
23.613,11.261,11.344,5.955,7.196
19.509,11.441,33.172,5.77,2.626
2.692,0.209,14.477,3.868,1.511
39.898,0.581,4.027,0.811,2.399
10.296,1.529,0.946,3.765,0.409
37.544,5.589,5.64,2.77,0.819
4.955,0.328,20.265,1.567,1.666
0.122,13.752,0.506,8.499,5.092
7.285,0.293,19.219,1.757,0.11
7.844,2.378,31.077,0.262,1.322
1.92,34.514,7.892,9.344,6.094
7.524,13.783,2.193,5.159,3.871
4.249,5.025,30.692,2.171,2.087
5.356,21.129,1490.71,7.599,35.555
1.965,6.701,0.388,3.937,2.613
28.014,0.158,1.841,3.534,1.626
9.876,1.67,5.494,0.667,0.938
50.807,6.615,9.135,3.812,0.356
13.225,2.554,18.201,3.783,2.216
2.702,25.181,4.93,14.963,7.289
1.895,0.662,13.094,0.403,1.026
35.946,0.042,1.233,24.753,1.921
54.769,0.464,27.396,5.37,1.942
6.289,3.594,14.702,2.285,0.831
12.14,5.926,29.688,2.878,4.468
0.648,7.651,2.035,1.409,1.309
12.593,0.619,5.936,0.028,0.2
12.047,60.842,1.557,38.79,7.74
2.184,17.417,4.318,8.616,10.616
0.984,38.313,14.462,19.294,11.026
0.177,11.066,2.909,2.414,0.36
1.237,17.763,4.889,2.549,4.648
21.919,55.661,7.38,25.542,3.245
13.875,40.185,2.091,6.262,6.552
0.377,27.023,4.112,5.387,1.527
0.334,48.297,36.521,1.483,4.648
12.873,12.006,0.35,2.172,0.333
5.925,18.104,5.55,15.322,17.378
1.161,14.279,0.819,3.535,0.677
7.758,31.255,7.613,6.545,5.568
6308.164,8.504,1.56,14.949,2.969
1.093,23.632,17.294,3.795,11.204
6.042,21.573,8.536,1.483,4.76
1.736,13.446,3.475,1.417,1.307
0.952,8.809,1.743,9.237,6.481
14.417,34.358,1.205,2.553,1.288
2.375,16.578,5.259,4.53,5.267
8.484,19.167,0.406,3.989,0.137
1.5,12.948,0.238,12.005,4.655
4.001,25.871,1.732,24.402,12.805
1.371,8.963,2.249,2.272,0.823
2.262,34.226,14.125,5.94,2.767
7.079,15.045,2.335,8.277,6.659
6.314,13.265,0.059,1.096,1.072
0.52,11.498,4.228,1.459,0.173
0.294,34.597,5.088,18.874,22.697
11.45,31.286,5.666,7.79,0.543
1.803,16.455,3.904,6.524,1.705
7.65,13.974,1.91,10.974,9.126
1.949,20.905,0.974,4.826,0.94
1.401,15.121,1.262,6.47,0.376
5.999,32.33,9.171,1.929,5.17
1.686,28.953,0.781,3.629,2.78
0.753,18.026,7.722,0.373,1.128
15.944,17.79,0.192,7.113,4.131
13.585,22.358,0.164,8.256,0.408
20.796,34.3,2.183,8.797,2.674
4.988,21.177,3.425,5.094,3.573
2.743,14.346,3.195,3.676,0.903
3.411,31.894,5.188,17.228,10.632
11.614,29.06,0.926,18.516,9.489
8.753,22.743,6.346,4.379,5.828
0.368,20.993,2.813,16.626,4.741
2.296,11.533,3.479,0.863,1.402
1.788,15.582,4.429,2.007,2.955
0.181,8.016,2.224,10.72,12.726
6.547,57.882,7.694,2.693,4.169
17.101,64.223,4.439,6.967,4.118
6.404,33.508,1.854,9.065,1.769
3.199,25.776,8.2,6.294,1.218
3.788,33.489,4.368,5.153,5.778
0.284,10.528,3.511,5.55,2.143
14.549,33.519,2.642,9.434,7.692
0.798,17.575,4.381,10.004,5.405
1.699,28.822,6.978,15.317,4.181
6.387,25.054,1.822,7.855,4.618
12.508,29.445,0.482,26.434,17.27
1.093,20.994,1.573,4.82,0.271
7.076,6.951,0.118,1.905,0.097
15.15,48.514,3.112,21.913,3.824
4.386,55.251,10.071,4.456,3.758
0.053,36.806,10.537,21.023,14.577
11.522,48.845,7.216,5.18,3.748
0.697,21.832,0.494,6.735,4.186
1.877,16.259,8.763,13.455,18.589
2.856,31.034,9.029,1.54,0.511
2.886,28.284,1.664,19.803,7.971
4.028,44.374,0.134,5.665,0.015
0.494,8.552,3.196,2.386,3.068
11.171,33.253,0.984,26.654,7.413
3.308,16.359,1.61,5.236,5.765
0.592,4.961,1.255,2.532,2.758
9.334,21.179,0.001,8.888,1.919
0.229,22.749,0.038,17.591,7.869
0.292,7.866,1.488,5.874,2.956
1.037,24.068,2.448,8.696,0.205
0.158,42.016,0.084,16.275,4.086
9.043,24.885,2.354,12.48,6.431
5.376,21.91,0.705,8.98,0.205
1.203,24.706,10.441,10.55,13.045
5.988,33.902,5.336,2.684,4.049
3.006,23.038,3.398,12.95,3.292
5.919,1333.727,5.244,22.564,8.532
3.108,11.195,3.695,2.442,4.232
1.621,23.294,0.107,2.572,1.266
6.397,10.323,0.091,3.611,0.586
0.303,51.086,30.368,1.519,4.836
2.902,16.158,0.836,10.875,9.154
48.901,2748.476,1.617,31.248,10.44
0.426,1441.223,27.173,20.394,7.055
0.068,12.4,8.335,3.936,4.997
0.016,14.263,1.503,13.113,11.577
2.846,29.232,5.087,7.563,9.697
3.14,20.65,2.505,6.352,7.499
0.96,36.395,4.98,2.66,3.335
5.528,52.921,1.782,21.618,18.906
6870.931,5.518,1.729,40.674,13.452
0.589,11.571,0.224,7.866,2.335
3.653,59.716,13.534,14.475,3.806
1.645,11.297,1.024,6.944,0.825
11.359,79.147,1.404,10.729,2.599
2.426,28.413,1.165,17.206,2.302
2.253,43.098,1.251,15.676,6.015
6.861,27.229,6.838,5.192,5.338
1.328,21.976,0.995,1.562,0.587
6.888,20.298,5.042,13.552,15.925
14.258,39.386,2.294,9.928,0.806
0.101,58.218,4.423,7.149,7.58
8.617,20.212,1.348,10.05,1.013
4.504,20.382,1.735,6.16,2.464
2.386,11.65,2.806,1.43,1.989
11.545,21.381,0.474,7.454,0.444
1355.599,0.093,0.851,23.269,19.175
14.059,33.777,5.262,4.113,1.37
3.908,15.653,2.677,11.705,11.368
7.008,1611.261,0.134,29.767,22.141
10.519,33.419,0.168,21.523,4.603
0.843,37.868,14.04,0.443,1.66
1.225,7.835,2.798,4.566,4.248
2139.992,5.745,10.17,42.88,11.451
1.318,17.722,0.444,3.472,2.006
4.161,24.823,6.931,2.018,2.853
14.572,44.486,2.512,29.237,2.879
0.132,31.0,6.575,11.706,6.401
20.444,53.734,4.455,8.917,9.396
1.295,30.484,2.759,9.002,4.374
2.245,19.317,3.687,11.324,4.456
1.327,19.19,5.912,1.348,3.216
11.489,40.815,3.216,14.185,7.227
4.683,24.15,0.819,17.724,5.168
10.256,52.13,11.143,16.488,1.186
0.011,20.898,12.675,1.312,2.086
1.762,26.37,6.798,5.299,7.364
0.314,19.046,0.15,5.54,4.788
0.329,23.789,20.223,4.698,10.783
2.287,10.23,4.156,4.61,6.702
3.739,43.535,0.457,4.053,2.11
3.146,25.639,1.108,8.929,6.119
2.37,25.627,0.931,10.473,3.698
3.109,35.94,18.936,1.883,4.21
1.251,34.719,10.108,13.764,9.126
2.473,18.315,11.242,5.917,9.293
7.566,18.05,0.988,8.018,0.182
1.554,56.591,14.231,26.101,7.444
0.786,44.588,4.023,9.335,2.299
2.249,28.191,4.798,5.514,3.316
6.177,40.873,0.825,4.544,0.474
10.726,38.778,1.685,2.801,1.988
3.459,24.465,5.064,15.024,6.123
1.493,9.983,3.321,5.082,5.046
4.387,26.375,8.216,3.887,5.312
1.755,16.795,0.975,7.465,2.626
18.29,40.034,3.093,9.33,10.3
2.254,16.132,4.478,16.375,14.247
2.515,24.991,3.525,7.291,2.686
1.103,27.85,4.24,6.474,6.215
1.928,13.836,10.084,5.846,11.577
1.887,28.363,2.518,10.409,5.829
21.507,53.795,7.119,9.425,3.954
0.133,23.234,6.367,4.189,2.689
1.498,15.391,5.768,8.95,7.429
2.805,35.646,6.263,7.151,3.852
4.434,19.019,0.418,2.489,0.282
2.347,39.737,3.6,0.751,0.077
4.19,19.347,1.646,23.346,21.325
6.368,17.557,0.636,14.604,8.905
1.739,48.873,12.472,12.489,4.058
4.606,36.904,4.306,21.745,4.847
2.456,42.41,11.598,27.591,11.905
9.136,18.793,0.574,15.692,12.292
24.021,29.011,0.434,14.135,8.13
3.947,17.814,5.724,2.886,4.506
3.989,34.954,0.507,10.285,0.801
1.417,6.133,2.143,9.335,11.309
6.901,33.848,3.349,11.179,8.735
7.081,53.481,6.486,15.25,11.595
3.865,55.017,10.851,11.845,2.916
3.224,22.654,5.175,21.162,27.491
7.762,14.155,1.469,5.112,3.659
3.803,52.536,15.271,4.252,2.38
1.812,22.325,1.584,6.876,5.662
1.162,29.639,1.992,13.732,5.441
2.966,12.531,0.514,1.783,0.393
4.179,30.672,3.493,12.138,2.229
1.466,23.725,1.523,9.443,5.168
3.01,53.615,9.663,12.337,10.57
6.648,13.212,0.152,19.839,18.757
4.963,11.994,0.394,16.973,14.73
1.797,33.961,9.578,26.475,16.185
2.57,21.748,6.991,7.054,1.969
7.751,38.048,14.28,9.495,8.06
9.818,45.928,4.622,22.905,6.621
3.051,29.393,4.294,4.921,5.612
2.658,25.204,10.005,10.314,7.644
2.209,18.16,0.198,9.678,1.16
2.884,8.265,0.053,6.705,2.813
4.623,25.858,0.973,21.189,9.425
2.388,10.587,0.687,2.979,0.992
8.421,38.251,13.541,5.519,11.053
1.565,19.169,0.784,7.571,2.489
20.39,0.243,2.054,0.203,2.197
0.334,22.514,0.75,23.416,20.065
0.228,11.356,1.839,6.16,6.708
0.225,9.177,3.418,1.336,1.537
6.241,30.798,5.711,15.505,5.302
2.419,12.35,0.087,10.206,1.306
10.225,16.711,0.531,7.474,1.75
2.136,6.705,0.972,7.167,8.051
3.731,21.947,6.946,5.302,3.744
7.598,27.606,4.791,13.267,11.997
5.977,24.293,4.464,14.059,10.633
3.246,77.268,2.817,10.693,9.217
3.15,15.447,0.689,3.812,0.932
9.105,78.372,16.673,14.277,1.934
1.803,11.937,0.481,10.46,5.283
4.881,19.162,4.871,4.042,2.308
8.463,69.134,36.239,5.195,15.515
8.63,40.401,0.271,5.298,5.175
15.427,23.53,0.893,9.255,8.631
6.147,38.952,6.202,5.572,7.352
6.523,28.803,3.124,3.327,4.243
5.751,10.387,0.405,5.766,0.614
3.655,58.095,1.9,6.922,1.456
4.049,31.926,11.352,0.235,2.083
3.186,32.284,0.411,14.355,6.236
25.879,42.698,3.168,9.362,2.974
4.86,23.331,13.243,5.772,12.556
6741.888,14.614,16.539,12.555,30.587
0.522,11.988,1.824,3.487,2.572
1.45,37.444,5.297,4.381,5.575
3.045,18.359,1.397,4.934,0.787
1.443,10.629,4.007,3.084,4.966
0.227,10.713,4.642,0.556,0.804
0.983,15.646,4.069,2.088,0.51
4.794,18.357,1.517,13.729,9.01
2.78,13.158,2.614,2.474,0.543
1558.55,12.492,3.59,14.117,14.566
7.528,72.086,6.911,8.192,6.003
4.735,23.318,2.168,11.29,5.462
9.137,30.248,6.44,10.234,7.271
6.443,33.362,7.336,15.987,3.604
13.27,27.999,3.813,10.282,2.825
8.23,43.828,3.774,5.121,0.194
18.748,57.995,1.529,14.633,5.653
7.047,25.984,7.591,17.245,15.817
2.433,22.124,1.355,10.032,0.341
0.069,36.842,8.826,7.812,3.524
3.1,7.053,0.606,4.322,3.339
0.74,19.742,1.529,10.127,4.209
1.132,4.596,2.005,0.874,1.763
3.048,24.656,2.93,18.785,4.732
16.501,34.48,5.161,6.64,1.759
1.625,25.68,11.345,7.839,8.766
17.119,34.288,0.938,13.833,13.234
16.606,22.999,1.91,4.932,1.062
2.677,19.192,1.717,8.706,7.55
0.022,16.688,3.649,6.532,2.793
13.891,44.219,0.382,11.802,3.107
4490.355,39.472,4.345,0.036,18.349
9.326,34.755,4.746,3.969,3.152
3.132,17.049,2.0,16.611,8.897
3.781,16.923,0.737,6.53,5.868
12.844,53.128,10.666,5.046,1.121
0.774,35.397,9.933,9.066,14.103
0.425,7.179,2.78,11.11,15.262
5.361,30.459,14.801,18.366,21.342
0.159,13.079,4.062,6.405,3.89
2.506,23.361,3.746,13.976,8.34
0.017,12.93,1.335,7.604,8.126
5.981,26.274,9.653,4.991,4.339
2.959,20.643,10.703,3.519,5.825
13.731,33.656,3.76,7.817,0.467
2.52,16.744,4.942,6.845,6.51
12.465,31.095,0.251,8.178,6.226
0.764,14.463,7.938,0.49,1.168
2.228,10.204,3.864,4.41,3.958
5.689,25.357,0.294,11.577,2.379
9.614,23.201,4.716,4.546,6.414
6.692,30.001,4.016,13.045,2.771
8.76,14.811,1.037,13.36,11.7
8.89,33.345,0.611,4.124,0.553
0.392,18.81,2.321,9.908,3.872
1.071,13.202,9.479,4.982,10.425
1.914,12.867,1.878,1.636,0.457
5.988,30.885,10.92,1.06,5.438
0.255,6.837,1.709,3.747,2.66
2.305,13.4,5.38,18.303,22.241
3.109,18.355,0.285,4.179,0.72
6.414,29.203,2.854,21.656,10.348
0.668,5.004,3.342,2.34,4.344
13.38,15.97,0.206,13.065,10.128
2.35,23.053,4.198,2.101,2.959
6.345,13.402,2.176,4.373,3.205
2.269,40.151,9.141,6.681,2.155
6.406,25.223,0.676,15.489,2.334
0.556,9.29,5.532,2.246,4.736
2.559,11.627,2.653,8.81,6.972
1.532,48.621,2.226,17.447,0.498
2.28,18.539,8.031,0.698,3.176
0.473,21.634,9.01,5.933,5.03
0.889,7.463,1.777,7.041,8.611
26.58,39.541,0.877,10.722,2.646
4908.368,14.719,9.923,4.081,19.27
2.947,7.381,0.991,0.924,0.421
9.17,40.313,7.163,19.341,4.338
12.588,52.529,9.163,15.469,8.135
2.717,16.317,2.337,8.803,5.288
2.544,32.485,2.663,19.778,14.753
0.059,13.067,0.601,4.714,4.12
7.832,20.137,2.062,4.518,4.392
3.056,16.287,3.093,5.773,4.217
6.008,25.948,4.682,3.395,3.124
12.424,33.742,3.741,17.756,3.674
0.258,28.257,12.564,6.536,11.913
9.74,54.207,2.182,37.805,6.88
14.42,48.387,11.891,4.889,5.887
12.408,21.484,2.558,7.62,0.162
3.21,8.746,2.951,4.156,4.867
2.017,40.486,7.017,3.729,2.955
1.164,24.078,2.925,6.146,3.097
0.59,8.892,2.609,5.358,2.875
12.514,29.315,5.956,3.057,3.566
40.604,3.525,2.203,1.579,2.918
6.966,33.247,2.836,23.74,8.195
6.651,22.65,1.525,1.086,0.594
1.904,23.632,7.667,8.496,1.365
4.275,16.174,2.101,20.299,17.31
2.173,14.673,1.736,9.73,3.145
11.093,12.959,0.394,1.287,0.594
1.421,30.362,2.526,6.917,2.271
10.17,15.108,0.141,5.851,2.791
0.432,22.105,0.683,5.795,5.383
1.421,41.677,12.586,3.757,3.9
2.96,19.504,1.896,9.402,2.85
0.106,11.733,1.15,4.325,2.58
14.32,25.242,0.143,11.02,4.568
1.325,48.69,5.52,7.584,3.635
9.034,1076.813,0.193,25.035,6.817
0.204,8.992,4.602,3.052,2.375
0.277,5.442,2.021,0.896,1.275
3.405,25.871,7.615,5.467,4.714
17.12,42.611,6.297,3.823,3.037
0.615,45.351,33.097,3.226,5.157
7285.004,18.539,8.233,12.509,11.422
1.585,33.709,13.627,4.883,3.294
3.047,22.366,3.068,8.375,2.239
0.192,21.556,8.373,6.067,1.258
1.025,14.607,3.438,3.665,2.289
11.216,31.669,3.57,3.292,2.576
2.829,10.802,1.614,5.293,2.12
6.471,45.542,11.268,22.622,6.521
1.516,14.449,3.425,3.767,4.039
2.168,15.936,8.118,0.719,2.509
0.348,19.373,2.77,3.045,1.351
6.462,42.849,1.334,30.799,0.407
2.295,24.336,2.545,14.366,5.258
3.541,39.997,10.882,7.951,5.852
3.826,35.056,0.167,16.264,1.306
11.803,28.54,6.406,10.905,9.117
1.86,30.511,7.003,4.134,4.574
5.799,37.032,4.892,21.587,13.092
0.149,15.435,1.505,5.665,0.245
6.934,22.665,2.359,4.437,5.217
7.863,23.398,0.944,24.072,16.078
2.44,10.72,5.126,9.445,12.146
2.046,27.034,6.138,17.827,17.354
8.969,25.194,1.676,6.813,0.154
3.321,22.288,10.328,12.246,19.411
0.421,6.379,2.978,1.795,3.385
3.822,44.631,3.148,22.831,16.993
0.694,12.581,1.389,3.301,0.954
1.523,30.275,1.697,9.982,1.79
2.62,30.721,13.765,6.473,10.582
1.68,25.325,6.006,4.307,6.04
1.396,21.891,1.668,21.439,11.265
4.051,27.734,9.462,2.376,4.927
2.772,27.842,5.784,11.945,12.001
21.785,27.515,0.45,3.668,1.386
6.796,14.529,2.838,6.1,4.146
0.406,5.984,2.197,1.008,1.337
0.117,10.389,8.481,0.669,1.316
7.662,14.397,2.243,23.116,22.538
8.664,25.297,1.824,4.813,4.81
0.408,17.716,4.312,2.973,3.548
0.052,27.599,14.837,10.822,19.559
8.952,29.117,4.974,1.466,3.247
4.11,26.345,1.853,1.43,0.944
0.449,13.05,1.051,1.916,2.333
1.54,28.47,7.199,8.11,6.998
1.723,17.516,1.232,13.803,6.741
0.799,13.714,5.795,6.637,8.685
1.594,10.188,0.497,8.409,1.268
10.945,43.079,9.594,11.393,5.757
0.644,18.68,6.825,4.248,7.172
0.242,34.62,3.022,8.405,5.518
7.551,26.631,8.803,3.346,5.837
0.172,23.177,33.062,0.036,2.094
3.761,65.923,30.069,4.037,3.797
2.918,36.127,2.093,0.299,0.163
2.007,20.373,9.683,9.81,14.487
11.449,26.296,4.269,9.684,6.636
6.464,51.404,14.046,4.613,9.838
1.863,17.426,0.898,2.983,1.997
0.31,13.935,1.42,14.903,12.387
11.981,43.299,1.804,16.982,0.084
12.255,27.789,3.0,31.349,27.148
0.687,8.588,1.777,5.9,2.539
0.163,22.037,9.279,7.178,7.019
6078.331,43.817,8.831,40.662,31.841
4.605,7.757,0.182,8.958,6.619
0.095,10.713,1.581,5.803,4.428
4.094,18.917,3.594,4.548,1.409
2.914,35.918,0.387,7.437,1.894
5.842,24.097,3.385,5.756,2.478
7.812,23.418,3.579,5.707,1.861
4.684,29.081,12.163,7.341,10.778
7.416,27.336,8.739,5.326,6.183
0.572,17.66,4.053,1.078,0.466
3.685,41.465,4.422,12.62,7.7
1.67,39.272,1.83,5.518,1.09
0.895,10.121,0.87,3.758,1.739
1.683,27.304,16.593,27.163,44.166
0.442,24.033,4.188,6.301,7.788
7.612,14.358,0.235,15.867,12.287
16.378,46.956,12.038,18.357,16.44
0.11,10.193,2.512,5.084,6.306
7.998,53.469,1.692,35.219,12.099
2.81,21.232,4.757,9.33,10.329
3.371,26.894,5.112,9.71,2.16
1.504,32.951,3.984,7.623,5.717
1.796,40.272,3.618,5.604,0.434
0.494,21.021,7.847,4.93,3.224
0.329,12.193,0.036,16.301,16.314
17.203,3604.871,19.522,22.963,0.486
1391.02,48.98,0.77,21.097,3.855
0.14,50.275,22.97,5.551,3.68
4.273,43.73,3.598,18.659,5.044
8.829,52.246,6.063,1.11,1.318
0.988,48.439,1.501,2.295,2.227
2.845,16.983,3.742,3.563,1.678
2.826,12.708,2.694,8.333,8.693
3.471,9.814,2.767,1.06,2.05
0.73,13.272,4.857,2.952,0.053
0.036,14.67,4.761,4.791,0.237
3.704,17.985,0.685,14.712,7.11
12.928,28.412,0.902,5.863,0.224
12.552,1146.419,13.912,20.662,3.201
10.906,34.052,2.119,4.21,4.188
3.132,25.804,0.124,13.019,4.891
8.625,19.991,0.098,3.138,1.451
0.517,68.507,13.724,20.756,4.879
0.184,23.876,4.174,6.7,5.005
19.819,43.593,15.856,19.375,25.552
18.363,63.548,0.357,21.398,7.627
0.6,14.192,3.693,5.953,6.349
1.505,18.197,4.529,10.466,14.47
3.493,18.672,2.323,13.405,13.048
1.379,36.14,12.167,7.566,7.842
0.549,14.54,0.468,4.24,3.527
4.416,27.423,10.234,3.946,4.191
13.009,28.61,0.206,14.575,6.192
10.083,22.223,1.034,9.422,1.364
10.275,25.192,3.709,7.865,7.62
0.136,19.605,1.453,7.207,4.246
7.379,19.514,1.405,25.061,20.02
0.319,15.046,3.292,2.743,2.738
1.749,15.455,8.604,0.752,4.216
7132.782,24.366,3.772,12.186,7.123
1.878,19.394,9.521,1.867,3.22
2.426,28.685,1.179,5.016,5.042
3.862,46.291,4.246,8.169,8.788
1.512,37.149,19.326,7.472,9.612
5.654,12.862,2.447,5.687,3.014
1.818,20.907,11.419,2.804,4.718
0.62,19.216,1.921,11.319,11.478
2.065,55.779,0.09,14.404,10.91
0.797,10.27,4.067,3.867,1.935
2.984,13.802,5.106,2.504,2.901
4.519,19.877,1.742,28.065,21.901
6.406,11.955,0.319,12.073,10.866
1.274,35.989,8.444,15.793,8.311
3.486,36.128,7.031,3.54,6.552
3.499,15.302,5.783,3.819,6.407
7.649,27.062,5.842,5.098,7.503
5.483,29.496,7.623,2.073,4.877
13.402,21.418,0.806,4.919,0.794
1.589,44.613,2.112,2.488,1.996
10.988,29.945,6.943,13.241,10.683
3.494,12.615,3.682,1.683,1.681
0.221,21.621,2.734,10.339,7.148
10.862,33.714,2.663,10.892,11.954
6.958,14.418,4.098,3.772,5.153
7.128,19.361,3.188,7.735,6.955
12.139,46.154,4.042,13.322,0.095
5.885,13.705,0.563,9.11,5.557
8.022,14.718,1.194,3.816,1.09
560.697,5.104,14.098,12.179,22.255
23.977,42.386,0.954,9.501,4.943
3.884,15.743,1.789,10.827,10.701
1.926,22.778,6.422,13.281,8.834
0.005,25.68,6.235,22.345,13.654
3.858,31.951,6.269,19.055,3.501
3.437,17.71,1.97,2.104,0.559
0.784,14.154,1.233,10.193,4.908
7.857,41.216,9.505,12.861,0.151
1.564,10.087,2.95,5.914,7.798
3.009,21.919,3.522,16.819,10.764
8.712,49.788,3.419,6.001,2.316
8.133,18.219,4.194,1.775,3.191
3.563,35.329,3.217,6.685,8.221
3.351,18.587,6.266,1.548,1.638
0.662,7.627,0.638,5.244,2.293
3847.9,10.865,13.361,8.268,16.804
2.818,28.826,5.275,15.866,0.352
0.35,19.311,7.71,0.997,2.19
6.491,20.029,1.567,3.634,1.004
2.72,30.303,7.428,12.612,3.717
1.637,13.029,0.796,8.963,6.476
1.011,19.472,1.606,0.852,0.473
8.279,36.113,6.001,4.224,1.928
4.985,30.655,8.572,7.786,11.463
22.858,22.699,0.072,9.798,0.714
0.772,34.636,1.434,14.155,16.882
0.144,34.461,5.3,3.894,0.679
0.176,5.219,0.714,4.425,4.021
19.349,41.876,4.836,16.382,0.48
2.483,52.59,5.639,26.668,19.595
6.629,19.613,4.559,3.072,3.286
1.397,21.203,8.602,4.759,7.852
3.854,16.49,2.23,15.762,15.003
2.212,19.318,2.582,2.968,2.545
4.443,34.185,3.311,22.404,11.952
10.585,45.83,0.144,16.962,1.747
23.283,33.888,0.223,20.627,1.573
10.231,45.453,15.29,3.405,9.627
1.828,28.954,4.563,17.97,5.618
0.744,43.218,8.18,3.696,5.447
6.824,16.17,0.379,1.888,1.825
1279.78,7.93,3.979,9.319,7.24
4.668,25.114,4.529,10.044,2.112
15.341,166.457,8.513,7.588,5.763
3.566,17.758,2.398,32.644,36.004
17.602,43.384,2.361,4.296,0.32
3.532,24.808,12.166,0.691,5.162
1.49,670.321,4.117,15.624,6.393
1123.582,19.151,0.317,6.235,8.062
1.756,9.8,6.769,3.533,7.673
13.425,2741.072,21.458,24.766,10.403
5.551,16.232,0.109,12.11,10.538
15.77,31.973,2.814,11.309,3.494
12.881,52.741,3.618,15.422,1.308
3.625,29.756,6.056,16.815,15.265
6.085,41.835,6.109,10.18,5.412
11.87,38.563,4.509,10.595,11.291
0.418,41.427,8.29,7.057,2.013
0.455,13.628,21.78,0.137,5.183
2.711,12.047,0.805,6.282,0.203
0.563,22.583,5.345,6.178,1.002
1.263,41.4,11.097,7.644,9.343
0.937,21.026,6.615,13.512,7.653
0.734,22.706,2.547,16.921,6.875
2.01,8.853,2.658,1.422,2.08
3.639,14.159,1.386,4.311,0.11
5.276,10.226,0.763,6.397,5.442
6.472,26.584,1.768,2.911,1.669
4.136,22.827,9.096,3.326,5.263
2.186,8.945,0.127,11.359,12.038
0.326,10.64,3.512,1.65,1.09
2.122,23.701,4.731,0.239,2.038
4.263,32.013,2.047,14.03,1.667
1.237,6.029,3.458,1.364,2.965
1.611,24.92,12.272,24.323,34.982
6.887,33.099,5.051,19.185,13.589
9283.049,1063.856,23.007,24.268,4.308
1.746,24.377,5.763,8.605,10.878
0.671,20.131,0.649,14.351,16.177
0.898,42.767,5.026,2.346,2.124
13.516,37.993,0.115,3.953,0.455
5.08,12.683,5.287,6.969,9.927
35.964,53.672,2.323,7.835,3.092
9.38,40.944,6.315,9.964,10.237
5.859,22.644,5.824,18.11,19.453
4.573,15.307,0.17,13.256,2.996
1.4,12.911,0.707,5.303,6.125
10.211,24.34,3.68,2.166,2.241
12.118,40.388,1.275,12.694,12.042
2.894,33.531,10.399,1.927,0.193
0.436,6.952,3.49,7.772,10.389
4.577,23.015,2.987,3.318,4.613
7.62,42.728,1.586,4.748,0.317
4.405,21.072,1.215,11.645,10.912
4.44,21.52,2.363,10.364,0.572
8.822,36.483,0.262,3.059,2.378
5.045,38.44,16.892,2.05,7.718
1.983,23.366,0.285,16.914,0.254
2.794,32.72,14.933,6.653,7.709
5149.506,27.684,6.154,5.062,13.118
3.078,38.376,8.813,9.185,0.434
5.095,7.082,0.187,4.894,3.989
4.744,31.885,2.321,4.969,5.334
9.564,24.157,6.253,7.809,9.008
1.133,24.222,9.251,8.508,8.03
5.135,23.211,7.298,9.98,14.387
28.519,41.732,3.709,19.378,11.618
10.293,38.411,2.342,10.405,5.185
6.439,13.857,0.187,7.009,0.884
1.224,69.454,23.22,0.52,2.192
2.014,57.925,25.61,15.032,11.803
6.088,10.711,0.079,1.94,0.873
1.775,29.557,3.247,16.241,10.773
1.932,41.182,11.275,11.944,7.09
3.896,35.763,27.909,4.321,16.921
2.47,10.972,3.435,6.778,5.512
3.687,33.062,4.493,8.873,3.431
1.783,20.06,3.034,15.262,7.008
0.651,13.774,7.357,5.21,8.022
0.48,11.112,1.751,13.189,15.101
2.067,36.748,5.092,5.404,0.365
0.164,40.891,15.891,6.673,10.758
3.252,15.562,2.756,1.18,2.138
9.878,68.811,13.082,9.629,0.393
3.693,28.961,1.39,8.515,7.324
1.199,16.23,6.495,6.012,4.697
6.245,21.091,1.694,11.347,11.617
12.108,16.728,1.361,4.782,3.426
0.635,30.362,8.232,5.798,3.351
2.002,19.561,1.923,9.862,1.619
4.964,15.047,0.378,11.766,9.288
47.573,57.159,1.454,8.168,0.398
0.274,14.681,1.656,15.276,15.2
4.296,26.909,8.676,10.849,12.711
2.086,16.91,4.709,16.286,13.778
4.263,25.174,2.216,10.497,1.594
0.875,21.606,6.288,12.565,12.019
3.191,16.275,2.943,2.309,0.951
1.392,11.879,2.389,10.68,10.066
0.038,46.284,5.283,19.265,0.243
1.684,14.631,0.885,13.431,5.231
6.479,17.866,5.31,6.829,7.682
5.076,25.99,10.408,6.528,6.795
0.066,16.333,13.385,0.3,2.135
2.472,17.183,0.491,14.364,3.558
10.376,41.471,1.72,19.736,6.813
4.795,26.703,10.441,4.237,4.63
2.442,23.038,5.228,6.313,5.222
10.903,29.033,1.387,9.506,1.517
6.549,36.65,2.441,14.303,0.907
5.943,14.66,3.302,7.825,8.567
2.078,26.741,9.279,4.085,2.272
1.731,22.415,12.93,2.439,4.368
403.495,23.86,20.391,0.71,24.011
15.124,51.749,4.09,3.922,2.566
0.905,12.673,3.124,13.966,14.525
4.266,14.648,1.446,14.658,10.694
6.219,13.727,0.929,5.655,0.473
0.489,12.597,1.707,1.5,2.138
35.973,1.326,0.604,3.801,1.387
1.695,166.595,2.233,12.508,2.216
4.623,29.029,3.784,11.667,3.312
5.279,12.197,0.174,9.594,5.737
4.068,31.558,3.048,4.742,6.007
0.465,16.722,0.385,5.672,2.125
9.989,21.287,0.687,4.452,1.274
1.184,25.332,0.259,17.774,6.777
2.624,20.673,5.824,0.214,1.876
17.018,29.016,0.866,6.732,2.42
1.474,15.017,0.693,5.396,1.082
2.329,28.258,3.264,7.157,5.044
17.883,35.84,1.855,17.682,13.451
3.631,17.051,7.02,1.63,3.56
15.636,18.503,0.89,3.784,0.094
4.466,22.022,7.034,1.205,3.084
3.685,30.291,7.707,3.553,6.364
1.408,21.343,1.408,13.314,8.005
3.345,20.576,7.302,12.7,12.863
16.806,34.208,1.759,3.894,3.459
0.55,29.941,13.339,3.441,7.784
16.402,22.778,1.711,20.398,17.515
1.135,28.104,11.229,6.023,3.642
2.508,13.172,2.344,8.1,6.997
14.753,55.024,7.182,7.863,11.271
2.669,28.851,4.795,4.485,6.698
9.835,20.149,1.373,8.42,8.509
11.151,22.532,0.211,13.597,1.308
0.495,16.84,2.368,6.854,3.445
2.357,17.924,3.265,2.286,1.043
4.339,18.973,3.314,8.831,3.251
2.194,25.661,0.632,17.084,5.693
1.863,16.238,4.27,8.034,6.474
2.721,6.357,0.077,7.489,5.416
3.748,15.71,0.709,3.892,0.636
2.977,30.161,9.061,12.419,4.137
7.184,32.842,3.61,1.066,1.094
1.243,6.587,0.544,4.255,0.196
6.113,28.144,7.927,3.936,1.656
3.944,6.996,2.049,3.784,4.689
0.403,16.464,6.092,6.312,3.543
4.233,19.638,0.993,3.819,0.71
5965.345,9.207,1.044,17.019,2.324
1.111,17.037,10.532,4.146,6.19
5.703,25.258,4.172,1.037,1.604
16.234,38.218,3.459,18.679,9.823
3.872,19.139,1.249,13.917,0.024
1.353,43.211,9.09,29.81,18.214
2613.326,1.023,6.892,7.032,11.362
6.253,11.536,1.436,7.867,7.07
4.203,10.597,0.356,5.041,1.932
4.896,18.735,3.774,11.805,8.073
7.779,31.742,2.954,14.973,4.356
5.991,13.39,2.285,12.173,11.048
1.591,4.802,0.621,2.714,2.276
10.255,27.732,6.396,12.175,10.315
9.872,44.523,8.052,7.002,0.289
4.72,14.343,3.857,4.236,6.301
2.968,17.473,2.926,11.945,6.361
2.845,16.091,3.097,4.168,0.688
1.538,27.432,1.572,9.22,8.05
1.942,10.816,3.074,3.656,2.895
6.921,35.503,8.54,11.076,11.997
1.439,42.442,11.731,2.127,5.502
0.796,15.924,6.026,12.118,11.229
2.233,11.037,0.343,0.937,0.236
7.064,17.325,1.598,9.962,2.197
4.548,20.079,2.36,4.833,4.645
0.303,20.49,2.026,37.236,40.545
10.368,51.795,4.386,26.251,11.723
6.783,32.632,9.421,12.236,17.595
8.119,16.681,0.362,3.318,3.278
4.87,21.451,5.749,9.152,5.369
13.454,50.992,0.203,12.802,6.323
5.064,10.977,0.531,7.278,4.297
0.727,12.241,3.708,7.685,5.085
17.169,33.867,3.392,10.196,2.62
0.209,9.601,0.464,9.142,5.37
8.855,60.907,18.011,2.727,8.315
1.946,24.156,19.735,2.125,9.123
0.393,10.027,1.598,2.123,1.858
3.721,31.5,6.057,12.18,6.374
20.447,29.914,0.224,12.706,2.241
2.933,21.503,4.266,6.224,6.316
4.811,21.017,4.424,7.353,2.033
2.94,43.208,0.261,15.279,7.363
18.644,38.269,0.011,2.593,2.129
3.374,22.811,2.214,9.646,5.638
0.511,22.112,5.986,0.156,1.429
0.853,24.304,2.557,2.483,1.991
6.007,2827.426,7.564,29.867,12.591
3.977,26.985,8.465,2.437,1.764
4.24,14.296,3.293,12.86,13.576
3.445,33.891,0.931,9.246,3.565
2.142,17.313,0.487,1.838,0.893
3.475,9.666,0.233,8.122,3.825
12.194,38.542,0.307,10.597,5.925
1312.84,17.943,14.097,12.185,15.609
1.926,44.536,0.568,8.986,2.216
2.177,16.416,2.312,2.949,1.013
4.309,17.645,2.733,9.564,2.51
2.755,10.452,1.655,1.214,0.135
9.587,52.689,12.112,9.783,0.108
1.212,30.965,17.848,2.993,3.979
5.18,25.559,0.472,7.33,0.281
5.093,12.188,0.051,9.637,1.102
1.185,8.312,1.036,3.96,0.124
0.73,53.105,1.693,2.939,3.245
6.136,10.759,1.39,8.154,7.972
3.589,27.23,2.926,8.279,2.88
3.696,40.083,12.314,12.114,9.257
0.921,12.371,0.791,4.709,2.045
2.97,36.245,0.107,2.714,0.379
0.33,24.544,2.403,4.424,3.623
11.455,33.213,4.998,0.911,2.966
3.37,38.44,6.909,0.896,0.47
5.85,26.985,1.862,7.924,5.414
4.46,12.848,5.333,5.706,8.41
8.896,56.703,10.526,14.965,2.09
3.561,17.063,7.888,13.472,17.424
1.7,21.58,3.245,6.795,5.027
17.045,33.291,0.186,7.502,0.929
1.016,28.651,8.023,14.542,15.043
7.265,33.265,8.093,5.921,9.055
0.179,18.099,0.255,2.258,0.887
4.591,15.236,1.88,10.329,11.735
3.228,43.007,8.545,2.757,0.104
0.268,22.749,0.66,12.622,3.311
10.918,48.724,1.767,2.389,0.706
12.2,37.774,7.572,23.318,22.169
0.29,12.206,1.299,9.089,1.095
3.457,42.849,22.867,0.594,7.326
4.235,34.4,2.481,10.74,1.375
0.303,5.951,1.438,1.654,0.374
6.439,45.391,4.914,6.888,7.677
8.735,23.256,2.373,8.66,1.684
4.631,30.404,5.436,5.973,1.919
14.601,39.673,0.072,12.145,10.698
5970.364,37.254,0.758,18.821,2.319
1.814,24.422,6.977,9.144,3.163
1.927,12.011,0.847,6.327,6.806
7.807,17.541,6.33,14.629,18.337
0.587,30.798,7.645,19.55,6.803
1.04,24.931,7.13,10.457,6.36
0.154,23.489,6.085,9.09,3.609
4.961,26.998,0.315,13.269,1.333
1.163,33.851,5.842,10.259,12.322
5.051,12.498,1.077,7.42,6.468
13.669,17.61,1.237,4.237,2.305
6.191,29.055,2.503,12.576,6.55
5.475,44.713,9.448,6.667,3.752
0.062,17.273,0.321,5.961,3.212
0.704,15.885,2.829,7.338,4.485
5017.702,5.419,0.228,13.098,0.71
10.651,1807.212,0.984,24.584,12.217
7.13,33.733,4.202,6.157,1.307
3.984,24.678,0.948,7.519,2.819
1236.49,8.228,15.76,6.764,18.16
3.522,12.565,0.898,0.926,0.927
8.424,35.724,5.253,1.963,2.977
0.031,21.678,2.268,7.477,3.414
15.783,35.571,2.736,1.06,0.786
8.815,13.74,1.29,1.428,1.268
5.37,59.351,9.94,0.817,1.771
0.353,18.496,2.721,19.324,13.913
1735.534,8.895,10.52,30.021,14.832
2.695,6.129,1.277,4.518,5.315
2.391,38.501,3.813,1.496,2.081
3.038,36.362,9.14,10.947,13.934
0.366,25.147,19.581,1.417,4.726
0.051,4.039,0.08,10.206,12.01
2.399,15.753,1.685,10.075,10.575
0.65,14.976,4.941,5.991,6.785
3.383,10.542,1.786,5.266,5.352
3.827,32.091,5.175,8.322,0.116
3.812,5.794,0.095,13.512,12.474
11.424,18.876,1.984,3.5,1.466
10.298,57.441,11.257,22.259,11.612
2.258,27.903,8.934,14.679,10.94
7.617,46.46,13.767,5.048,1.502
5.108,26.35,0.273,19.053,19.118
0.396,25.381,0.041,5.146,0.853
2.046,35.853,5.27,3.434,3.891
4.906,18.411,1.116,6.385,5.914
0.284,14.096,3.168,3.853,1.923
14.483,23.133,1.995,4.209,2.59
0.821,35.092,9.194,11.509,10.423
3.131,21.16,11.947,5.797,9.245
12.486,0.364,1.704,0.193,1.772
7.277,11.376,0.861,4.228,1.32
13.137,36.05,6.259,14.087,2.683
5.412,549.819,18.378,13.813,1.661
2.243,19.693,1.884,10.135,5.941
58.405,2.838,5.474,2.996,5.624
1.15,12.121,0.137,6.731,1.716
0.442,17.977,3.179,5.853,5.163
0.145,20.785,3.444,6.773,2.778
10.49,23.187,4.08,14.49,12.092
9.118,18.166,1.51,6.782,0.67
5.556,12.653,3.349,14.782,16.431
1.818,8.228,0.199,12.192,9.317
8.99,36.295,11.989,10.01,10.594
0.439,48.3,5.097,4.703,0.243
9.027,17.731,2.838,3.033,2.131
10.16,42.554,4.794,4.59,1.027
2.761,19.663,0.844,15.366,2.309
0.031,7.849,7.46,1.51,4.641
2.171,8.493,0.476,4.208,0.684
9.179,56.924,2.093,3.081,0.555
15.47,34.499,1.112,20.535,5.903
7.827,33.92,2.056,8.03,6.635
1.772,64.793,18.975,8.647,1.575
4.783,14.245,0.714,4.099,1.17
1.647,8.516,3.843,1.895,3.559
3.061,28.56,7.845,14.861,8.874
3.06,40.359,5.902,12.958,11.198
8.229,25.491,4.583,24.736,28.141
0.291,6.578,0.419,6.048,1.679
2.268,39.956,8.583,5.124,1.582
3.997,35.75,0.837,0.315,0.018
11.897,24.315,5.277,11.349,12.548
4.265,27.196,6.564,13.831,8.67
1.337,22.309,0.462,26.842,17.817
2.641,10.59,0.126,1.786,0.258
11.657,17.31,2.156,4.22,4.354
0.46,19.7,1.088,2.941,1.076
9392.745,37.297,0.678,7.891,32.945
0.044,6.164,0.523,3.277,2.46
2.96,21.341,1.014,15.77,2.317
5.32,13.665,0.468,13.398,11.225
0.4,44.473,1.423,1.587,0.579
5.872,22.083,1.694,2.227,1.463
1.373,26.975,5.633,5.588,2.581
7.515,20.488,5.619,6.669,6.785
3.416,17.948,0.413,5.622,4.286
0.404,52.152,12.259,20.218,2.309
3.565,20.518,9.247,13.414,17.969
3.048,18.348,0.454,7.381,1.136
0.006,18.404,4.875,16.602,10.889
1.949,13.115,8.711,3.155,6.546
0.252,47.906,10.269,0.775,0.926
5.546,64.001,1.69,4.828,2.883
0.082,35.655,4.269,19.395,11.382
2.203,20.07,0.783,4.711,0.048
0.94,52.612,0.674,39.228,10.347
2.049,15.462,3.589,12.184,12.345
0.701,24.667,5.25,0.709,1.031
6.976,67.306,3.55,17.997,8.408
0.571,4.574,2.616,0.922,1.992
1.446,38.527,7.442,3.513,2.208
1.702,20.608,1.373,15.83,10.06
4.429,58.564,8.439,5.933,1.762
8.025,34.197,3.407,9.207,5.857
2.702,14.103,1.819,11.277,10.014
13.683,48.741,0.994,9.098,7.899
12.336,46.7,12.901,3.879,5.52
4.217,14.917,2.307,5.392,3.897
2.423,3.872,0.435,1.071,0.672
0.369,10.638,0.705,10.758,9.44
4.202,24.636,2.544,4.807,2.169
1.575,6.392,1.415,7.521,9.16
17.139,54.727,6.448,16.699,2.483
5.823,47.59,6.332,9.703,7.758
9.13,28.785,6.683,4.082,1.732
3.044,19.391,12.73,1.437,5.548
0.405,10.184,0.151,7.6,5.956
1.661,32.698,6.202,19.289,19.136
2.914,11.979,0.724,2.666,1.706
4.164,19.496,2.033,11.022,0.386
2.245,15.587,1.917,9.785,3.163
2.206,29.871,4.146,9.078,0.458
1.022,36.081,11.756,9.19,7.045
3.168,23.705,6.38,8.037,3.907
4.182,16.281,2.107,6.981,2.412
8.865,18.876,1.693,9.882,9.377
2.293,27.064,0.562,1.81,1.591
1.52,1098.322,12.244,8.777,1.137
2268.472,9.45,8.128,14.732,17.208
3.385,49.161,17.05,1.726,2.164
0.034,21.401,1.168,13.505,13.05
2.023,21.475,2.111,7.92,3.768
11.412,34.309,7.936,9.845,12.164
3.038,34.031,5.146,14.004,1.101
2.159,10.596,0.991,4.872,0.909
0.132,32.08,4.959,20.419,0.066
0.47,12.394,0.446,3.216,0.939
3.684,13.186,1.752,16.908,15.489
1493.755,13.894,3.042,1.809,46.35
0.888,10.75,3.063,1.837,1.291
1.289,11.391,3.853,3.42,2.665
15.092,45.35,4.014,12.613,1.28
0.694,17.098,2.118,3.011,0.63
3.269,80.471,3.17,23.339,3.487
5.483,31.125,15.243,11.282,13.119
61.953,1.871,1.949,2.672,3.37
12.48,20.303,3.425,9.782,8.602
1.981,16.654,7.203,10.165,10.709
11.553,55.46,4.143,7.894,9.202
11.266,15.938,0.975,2.314,0.75
0.412,23.083,11.929,8.681,11.395
0.208,11.464,5.477,5.045,5.229
0.703,46.934,4.626,9.381,8.113
9.693,22.021,0.274,4.431,1.314
1176.027,12.388,0.154,21.046,1.4
8385.113,8.519,0.421,37.241,4.413
6.258,20.93,1.724,2.671,3.102
3.218,27.102,6.814,8.482,9.574
2.85,10.801,4.965,2.784,4.982
2.086,16.91,1.343,16.026,13.653
3.094,9.437,1.644,1.995,0.362
0.298,12.979,0.296,11.191,4.2
0.142,22.165,3.998,11.894,5.887
20.887,35.24,2.9,9.589,9.07
2.961,23.925,4.727,15.216,12.125
5.796,29.423,0.984,2.514,0.403
2.53,38.406,1.772,1.575,0.403
1.07,15.099,0.71,12.179,10.942
22.086,0.601,2.988,0.842,3.384
3.267,23.074,0.22,15.556,15.404
9.671,26.528,2.4,5.04,4.449
3.689,35.613,10.137,25.717,21.67
5.151,10.92,1.295,4.656,3.529
7.596,10.771,1.133,2.669,2.453
4079.118,32.122,13.01,1.279,13.097
3.055,10.699,1.611,3.823,1.746
1.381,16.285,2.339,12.024,13.489
0.379,32.314,14.537,12.664,9.96
3.637,25.903,3.893,1.509,0.817
2.061,9.179,1.594,14.764,13.841
3.966,31.643,4.698,1.797,2.05
0.315,9.92,2.813,11.797,10.802
7.192,22.96,0.751,7.78,2.343
2500.024,4.905,9.493,3.345,11.18
7.364,7.009,0.069,2.513,0.311
3.216,18.425,1.719,9.84,6.939
2.61,17.932,0.183,14.201,2.998
4.547,36.416,0.898,5.265,0.177
8.378,19.83,1.783,9.749,3.803
0.611,36.347,1.239,10.06,1.979
0.786,36.893,17.966,7.323,6.835
3.455,26.164,0.69,9.401,6.217
14.84,35.378,4.806,14.334,11.387
2.838,36.428,4.607,2.942,1.718
9.604,20.595,1.087,3.523,0.603
6.089,40.13,3.901,24.218,1.982
6.201,17.954,3.301,13.801,12.196
3.831,38.598,16.58,3.404,5.159
4.906,16.376,1.917,9.402,0.943
6.89,30.283,0.954,17.466,1.326
0.909,11.803,3.686,2.37,0.929
6.838,19.908,0.088,9.19,6.792
5.283,24.07,13.4,5.117,10.039
9.872,18.24,2.396,9.008,7.495
6.386,13.994,2.41,14.731,12.903
13.71,43.105,5.169,10.843,2.633
1.235,44.148,20.722,8.281,16.494
0.157,8.326,0.612,5.968,1.177
0.148,16.411,0.653,11.319,10.155
1.754,48.211,2.57,18.627,0.222
0.017,14.421,0.434,7.878,5.974
1.625,16.874,8.238,4.8,7.596
4406.778,18.5,1.294,19.95,28.742
10.018,23.776,0.066,14.735,5.459
0.395,17.681,2.713,6.663,6.154
2.806,28.803,4.406,5.68,1.494
4.227,12.725,0.212,13.059,6.246
13.712,42.091,9.25,18.832,18.173
8.667,31.463,2.05,13.589,8.557
6.025,22.114,0.603,14.271,7.846
0.227,28.578,2.408,2.68,2.806
1.726,15.421,0.108,14.846,5.826
1.232,16.086,0.514,17.506,13.286
1.602,23.786,1.968,21.644,7.436
3.735,15.507,1.889,6.881,5.081
4.207,50.91,7.621,12.777,1.608
2.663,4.862,0.037,4.037,1.841
0.229,31.889,26.733,2.592,4.852
10.39,18.815,0.996,15.571,9.812
0.46,23.094,7.467,9.159,0.982
9.419,35.091,2.993,2.606,1.048
7.01,38.283,2.774,21.459,3.427
12.15,33.455,1.082,9.7,10.136
4.388,24.407,3.765,8.158,10.544
3.369,14.405,0.947,5.402,3.216
2.96,9.945,2.456,13.171,13.526
6.698,18.212,1.281,11.222,2.814
31.065,56.537,0.053,21.652,1.524
2.216,15.284,0.826,11.382,6.125
45.79,1.361,1.719,5.072,2.361
2.498,36.525,8.907,8.847,1.709
0.052,27.918,0.502,12.885,0.461
1.773,6.088,1.019,2.254,0.65
3.341,26.148,1.05,9.533,3.873
1.207,14.289,3.972,2.572,0.768
4.277,9.652,0.143,6.455,3.365
10.947,61.153,4.72,2.262,2.936
8.281,20.585,0.226,5.058,2.922
0.27,11.41,4.009,10.514,9.4
6.349,34.045,6.686,11.815,9.79
6.386,22.518,0.84,7.186,6.617
1.129,7.79,1.74,4.932,3.715
3.45,25.392,7.376,6.251,4.889
0.296,17.844,10.448,2.481,2.337
2.112,31.218,14.369,8.343,6.934
5.544,21.547,1.43,3.303,0.461
0.687,25.982,4.478,11.247,2.396
52.51,0.697,1.332,7.353,3.306
0.417,20.647,9.617,5.659,4.771
4741.317,12.962,3.167,7.805,25.453
0.165,16.58,4.124,8.518,3.586
4.584,24.892,4.947,10.87,0.861
3.098,14.232,2.792,0.898,0.23
1.933,20.008,8.704,27.063,38.951
7.361,26.47,1.776,10.705,0.361
1.894,20.176,7.237,5.877,6.352
5.852,16.114,8.138,6.51,11.036
18.022,2579.455,24.467,10.842,0.219
3.856,11.579,2.749,1.74,2.427
4.305,26.656,0.072,6.07,3.366
1.615,35.25,19.247,9.259,12.438
1.637,37.981,5.577,7.208,1.715
1.35,44.96,0.43,12.073,0.813
5.338,23.814,0.446,9.683,8.446
2.6,25.627,11.23,9.607,13.353
0.661,4.354,0.244,5.298,5.343
13.366,58.144,1.869,14.449,1.81
816.911,8.246,0.374,18.767,6.074
25.682,38.658,6.241,12.482,13.238
1.299,33.468,1.695,5.159,1.52
12.119,36.66,6.804,3.254,3.476
1.441,17.128,2.779,12.406,15.219
47.935,2.935,1.358,1.69,2.466
5354.036,23.586,9.932,2.867,15.182
2770.536,18.96,2.056,8.955,22.755
4064.459,21.091,0.996,3.272,0.953
8214.674,46.507,5.445,26.328,8.099
1807.739,1.359,2.91,6.503,6.6
942.514,1.837,14.219,16.694,34.677
3327.558,29.129,2.411,17.963,13.817
3784.75,3.839,23.425,7.966,24.777
3005.728,4.033,3.668,18.677,34.954
3643.958,4.847,16.204,10.232,25.786
4761.369,18.508,2.209,3.12,4.424
1821.643,10.656,3.873,8.087,15.242
2293.487,8.578,0.284,33.864,3.049
1343.971,16.196,4.565,0.571,8.628
2920.337,12.021,2.264,8.137,3.584
1148.017,31.353,0.827,2.983,0.371
4116.285,45.559,8.09,19.098,42.296
4822.026,15.917,1.834,23.402,2.594
2019.129,2.454,2.866,13.659,11.889
4740.709,27.554,1.955,21.713,16.162
4776.446,14.079,0.133,3.496,23.256
9543.233,9.241,10.797,51.011,12.767
1897.328,6.436,15.97,3.2,24.89
39.57,3.507,3.62,0.763,4.514
1395.98,6.501,11.497,2.877,11.911
37.263,2.082,0.974,0.837,1.365
2373.136,21.658,5.015,0.632,10.593
4157.037,15.554,1.427,4.492,31.43
8466.193,48.771,2.038,10.142,19.305
3145.237,10.312,2.138,1.842,10.823
2495.022,1.826,7.521,5.242,11.197
9072.691,33.084,5.753,10.186,30.263
2426.909,7.741,4.249,13.839,8.208
4202.648,13.101,15.054,42.484,32.173
3776.961,5.56,4.824,24.445,6.828
5015.298,13.091,0.517,9.648,47.019
25.145,0.212,3.047,1.463,3.323
41.696,0.533,4.286,1.348,5.145
4717.703,16.456,14.926,2.226,24.005
59.589,5.662,1.226,2.175,3.194
21.822,1.557,0.276,0.112,0.49
3638.251,28.723,1.762,22.183,3.54
2117.958,34.163,3.276,34.765,16.471
920.891,30.582,0.375,5.03,1.176
6728.698,38.28,7.098,14.478,10.379
27.127,0.744,1.642,1.895,2.777
1122.746,0.709,2.952,12.134,14.734
5595.164,52.74,7.298,7.68,20.057
2656.629,33.553,5.403,4.455,33.016
31.329,3.568,1.157,0.673,1.704
2571.4,29.361,0.506,0.453,28.668
3344.246,0.84,1.151,14.667,23.27
383.531,12.116,8.283,3.136,12.429
972.38,12.337,5.051,2.816,31.897
22.368,0.475,3.129,0.902,3.39
14.648,1.3,0.603,0.632,0.55
7287.653,19.485,5.267,16.337,39.954
4120.626,38.555,1.229,39.432,1.381
1209.255,4.109,12.373,11.865,15.814
2325.278,22.865,12.055,12.376,37.804
1497.174,12.067,2.419,3.161,7.024
74.072,1.946,3.414,8.514,4.199
2105.059,30.493,0.52,3.858,7.058
721.133,7.888,4.893,0.006,4.994
7051.336,44.076,0.825,1.844,21.116
7768.509,29.402,3.824,20.249,21.902
36.274,4.595,1.467,0.438,1.203
3758.387,11.877,9.686,9.033,24.828
1856.236,1.121,9.351,1.623,20.64
5931.518,18.978,4.843,6.128,11.054
372.864,25.822,5.701,14.018,7.375
50.448,3.62,1.383,1.219,2.837
41.051,2.49,3.475,1.585,4.542
684.485,3.611,4.538,8.529,21.997
5206.987,14.629,25.817,7.616,31.602
479.898,6.923,1.97,10.628,3.786
327.013,1.268,2.035,1.754,5.781
879.043,41.231,3.775,7.147,13.22
762.486,1.593,3.146,28.206,20.049
31.879,0.876,0.171,3.843,0.984
44.21,1.028,2.084,0.192,3.632
2534.828,4.258,21.477,2.69,26.867
2848.871,19.361,4.832,2.317,5.949
693.025,16.371,0.464,2.337,11.888
25.024,0.362,1.29,2.416,1.454
36.621,2.718,0.555,1.437,0.791
5429.436,10.952,0.504,10.943,27.34
6992.58,21.597,22.043,16.915,34.498
924.679,29.944,8.741,34.113,16.273
7588.195,18.564,3.318,25.41,6.373
4153.218,20.521,1.135,11.191,36.694
2462.635,24.446,7.131,1.806,9.701
760.828,10.788,2.349,7.369,12.767
3044.289,35.416,0.672,1.286,24.033
1705.339,8.262,11.073,10.664,24.168
3428.97,12.027,5.926,4.503,26.394
760.12,0.403,20.248,20.281,33.089
7594.804,11.108,4.189,24.024,26.796
1920.753,6.153,3.537,3.655,5.497
8089.045,45.845,6.482,19.219,16.397
9351.366,19.313,0.697,41.626,1.731
1201.961,14.172,8.381,7.125,9.169
8433.82,27.272,0.136,8.192,12.826
746.163,4.647,5.774,10.238,22.76
4507.677,30.045,7.95,5.367,16.462
839.734,5.874,0.887,4.934,21.67
1509.608,8.091,1.091,2.722,18.74
7588.277,8.912,3.121,35.57,9.645
5671.647,10.387,3.838,15.431,17.13
218.768,1.147,5.113,20.884,6.929
1984.646,4.116,6.058,1.387,15.971
2701.755,21.991,0.84,0.179,22.76
748.831,6.398,0.051,3.683,24.242
1849.085,46.941,0.391,18.141,7.656
4778.734,6.27,4.804,4.937,43.208
498.073,3.528,17.567,6.916,18.259
2104.013,6.829,1.96,4.355,6.783
56.363,6.685,2.26,0.185,2.014
5054.199,14.12,3.333,18.441,29.644
2612.266,6.678,10.45,4.622,12.702
173.244,4.155,0.214,4.102,1.241
5282.739,0.605,5.464,31.716,6.247
32.219,0.497,5.22,0.503,5.465
71.557,2.69,1.131,5.297,2.425
36.187,4.08,1.639,0.596,1.969
5602.241,11.298,6.41,8.97,29.894
3216.532,5.482,11.283,31.965,23.272
2897.663,19.663,3.284,8.926,17.937
2864.461,4.574,8.305,23.527,19.928
52.781,0.627,0.489,0.469,1.835
4070.854,19.101,0.31,11.728,5.939
5622.93,24.724,1.452,7.735,2.125
2496.51,2.504,8.275,43.457,19.81
5996.865,27.501,8.904,12.576,9.702
67.382,0.733,3.681,5.618,4.376
1886.091,4.587,4.653,0.026,15.577
16.493,0.732,0.461,1.334,0.762
1324.106,4.085,0.069,35.209,9.38
4129.784,1.331,1.051,25.522,1.226
2042.98,5.594,0.142,19.418,10.221
5922.069,32.805,4.286,4.921,28.221
2645.906,17.258,1.402,10.907,4.144
4370.382,8.865,5.119,15.274,6.451
3630.633,8.485,4.104,6.887,16.213
4620.273,21.087,5.663,10.804,7.97
38.111,2.711,1.433,2.275,1.494
25.389,0.2,2.456,0.743,2.611
4528.871,8.804,9.148,14.737,13.556
4076.403,19.898,12.762,6.677,20.939
4811.211,12.028,11.285,25.583,18.884
44.785,0.533,3.493,4.342,4.101
36.086,1.233,5.39,1.119,5.395
5702.179,10.636,5.196,15.153,9.892
628.337,3.346,0.365,10.414,11.876
1588.74,34.336,1.686,5.005,10.836
599.308,1.621,6.899,5.532,14.251
38.173,2.489,1.465,1.628,1.545
3106.334,39.862,3.706,33.637,6.255
23.512,0.44,0.594,0.849,1.425
696.328,2.565,7.562,14.184,30.019
4294.333,9.868,10.011,2.235,26.587
5033.526,4.238,7.343,23.189,7.852
47.086,0.141,2.544,5.007,4.478
3135.431,4.049,1.607,11.611,10.658
3759.573,2.149,0.098,22.637,5.928
1297.422,11.449,2.106,7.972,21.88
2754.469,10.08,5.66,21.183,6.498
330.967,1.264,3.505,2.619,10.054
25.413,0.515,1.893,1.94,2.587
6222.769,22.263,15.073,1.089,16.387
78.777,0.57,2.441,6.649,3.485
702.836,27.099,3.448,23.308,3.208
6131.251,4.977,0.273,12.031,73.318
8974.587,6.353,1.554,33.823,4.423
13.312,0.507,0.658,1.173,0.71
4209.976,15.301,8.996,0.493,24.534
1975.249,5.614,6.982,8.184,8.296
1253.703,11.167,3.582,2.206,23.303
1170.857,1.204,3.11,0.401,20.835
1896.372,0.437,0.713,12.187,11.535
9.8,0.605,0.877,0.361,1.147
3000.905,8.978,5.705,38.207,13.849
38.829,0.529,2.33,4.256,3.83
42.512,0.022,2.352,1.635,3.735
4766.347,8.91,0.681,27.925,9.155
2699.085,17.874,11.201,21.06,19.276
3711.378,11.594,9.006,28.224,10.156
1829.197,2.102,5.604,17.126,20.275
4856.538,14.593,0.811,19.89,7.024
2815.713,14.893,6.476,5.125,11.769
1385.362,9.996,6.104,6.348,9.663
3514.164,2.901,3.894,11.147,23.786
36.17,0.043,2.169,3.407,3.559
2278.198,2.308,1.683,13.059,28.722
76.309,1.792,2.212,4.138,3.341
66.968,1.075,0.314,5.964,1.688
2957.956,68.973,1.982,19.051,13.465
377.468,7.458,3.468,22.431,5.185
597.312,2.412,0.094,11.798,19.071
1496.649,6.934,3.341,5.13,3.589
38.244,2.338,2.502,1.943,2.805
5999.249,6.979,2.005,25.557,5.377
1049.295,1.447,0.172,11.749,7.176
7574.918,3.604,8.505,34.247,26.733
30.138,0.861,0.809,1.801,1.212
550.997,29.721,4.431,3.205,15.392
4042.857,8.059,2.505,17.843,10.218
9622.491,19.992,1.81,28.817,18.837
501.649,34.497,3.744,3.287,9.103
82.136,7.605,3.984,3.222,4.426
5452.569,8.383,9.803,17.224,26.577
1472.271,8.626,1.626,2.262,10.731
4683.744,5.56,0.257,23.266,3.766
3397.589,7.521,5.577,6.197,52.571
1223.985,2.25,1.109,11.195,10.938
4419.1,10.125,0.119,5.024,27.721
5196.359,12.746,0.517,4.087,1.484
1229.596,4.154,0.54,2.709,35.807
33.772,0.363,2.082,3.68,2.471
118.756,7.358,2.044,2.846,5.341
905.594,16.387,2.175,21.939,12.992
19.586,1.646,0.593,0.477,0.634
57.031,4.81,2.822,2.292,3.251
7479.705,7.271,5.896,48.44,28.738
3319.993,48.586,19.052,1.996,19.254
13.202,0.063,1.906,0.668,2.261
7394.872,25.009,4.055,9.937,26.772
1602.949,8.445,1.785,18.244,3.209
4816.937,15.406,1.326,6.373,16.245
2495.659,2.802,12.412,7.812,20.268
6837.934,39.658,9.866,22.887,15.429
6107.434,22.972,2.752,15.333,7.406
3372.408,20.579,7.139,13.173,18.591
1496.752,13.718,2.388,3.712,6.294
33.345,0.745,6.273,0.132,6.265
2688.595,5.776,1.592,5.83,2.089
36.258,0.553,0.737,1.871,2.041
3200.268,16.884,2.112,0.588,44.178
1978.824,4.936,10.988,8.427,51.95
2129.914,61.671,8.039,4.085,22.022
78.099,1.675,4.928,0.712,7.399
3150.609,22.886,15.091,1.723,16.83
7093.232,14.438,2.831,16.998,6.652
43.725,0.243,1.497,3.493,2.729
33.398,1.621,0.891,2.373,1.148
1036.195,18.263,5.407,3.64,20.035
58.286,0.881,0.72,2.655,0.902
962.372,1.297,3.015,58.149,4.805
5414.475,21.577,3.667,20.931,12.895
2783.082,5.77,0.759,17.542,27.999
725.165,20.839,0.129,15.011,6.079
71.259,1.993,2.133,5.632,3.568
33.512,1.133,0.876,1.947,1.453
5348.642,24.784,19.004,8.698,20.785
4335.836,10.502,0.174,7.731,8.823
55.021,6.558,2.539,1.362,2.381
5941.38,16.132,20.41,15.628,25.619
1087.764,0.422,3.163,13.422,18.799
5522.405,18.993,1.945,5.276,4.589
36.912,0.85,5.318,0.092,6.506
2874.059,15.437,0.27,1.685,21.074
3426.182,15.213,0.97,11.11,29.343
1283.643,41.415,6.281,34.203,17.638
275.263,2.176,1.121,48.367,5.31
23.087,1.799,0.629,1.019,1.328
2365.775,28.913,3.328,8.261,3.596
8370.074,28.571,7.895,8.874,13.32
3912.896,75.086,2.032,17.596,4.166
3772.164,2.467,25.085,5.928,26.05
4476.243,15.223,5.178,30.563,5.993
1621.08,4.241,1.574,9.339,4.433
1259.988,3.87,1.527,5.593,1.76
64.669,0.778,0.836,4.911,1.039
1876.692,3.034,8.766,2.94,15.455
47.357,0.209,8.368,0.532,9.327
1515.638,5.718,3.997,1.408,4.829
5309.339,12.831,12.099,2.265,33.794
36.789,0.342,0.705,0.825,1.615
952.896,1.682,2.214,3.326,10.798
55.057,3.3,1.832,0.824,3.612
1542.318,15.574,9.678,20.522,12.932
2333.819,14.982,6.767,18.596,20.439
1347.231,7.371,3.039,1.267,3.143
42.441,1.408,0.813,3.372,2.306
45.023,3.199,0.558,2.709,2.131
55.651,2.527,0.904,0.976,1.186
23.583,0.511,0.282,3.485,1.372
5861.187,28.97,8.58,12.053,18.881
754.132,4.09,2.262,3.244,11.664
4968.635,29.838,8.898,21.337,12.723
5118.699,19.89,1.64,12.384,2.049
7347.314,44.264,0.869,13.249,1.921
3011.592,20.119,1.456,12.459,17.762
2277.348,9.546,1.518,6.147,6.673
1210.052,5.287,1.611,15.158,19.543
61.969,6.286,5.652,0.671,5.733
949.395,18.562,1.826,7.64,4.337
1171.454,2.277,6.405,3.712,8.795
6206.477,16.734,1.66,19.131,4.489
571.98,4.441,7.046,2.649,18.858
2217.512,13.361,9.373,1.336,14.827
6236.249,41.19,0.946,5.886,1.471
663.594,7.239,3.405,18.241,19.32
6514.684,7.843,9.41,16.099,30.585
2567.818,12.896,9.757,30.431,11.614
3729.814,4.197,8.257,0.509,33.284
4148.176,8.287,10.772,37.506,11.925
1883.223,3.72,1.927,1.863,14.21
896.784,18.115,3.687,3.228,17.277
251.713,2.887,12.734,3.187,17.497
1727.147,15.986,1.808,19.434,7.612
4263.111,6.118,2.651,12.932,10.799
1136.813,3.286,0.109,10.791,5.798
65.64,0.561,10.406,0.672,11.011
35.439,2.207,1.095,1.218,1.166
25.387,2.527,0.312,0.512,0.947
1405.011,14.796,0.297,10.994,0.743
6673.232,48.842,0.859,1.282,10.938
3276.033,21.533,0.44,3.88,8.185
2081.41,1.583,1.931,8.803,46.922
4395.295,0.702,19.738,13.993,25.126
4350.546,24.728,14.233,4.899,18.168
835.45,3.75,6.016,17.03,11.466
66.562,3.834,3.216,3.607,4.685
875.239,16.883,5.252,34.105,14.966
5898.698,32.263,0.931,3.283,8.397
576.748,0.202,1.919,8.915,9.887
4186.197,30.565,12.93,0.161,23.912
23.864,0.982,2.026,0.606,2.059
3954.422,1.84,16.973,2.791,37.928
34.342,0.505,0.323,0.333,0.531
3013.257,3.265,1.065,14.219,12.115
430.139,4.007,4.847,3.06,17.42
32.187,2.32,0.479,1.251,1.229
3145.172,3.332,2.972,20.278,30.86
19.166,0.905,0.203,1.247,0.93
27.368,0.719,0.069,0.544,0.338
6114.422,19.971,0.601,7.197,32.157
5817.627,14.599,2.778,18.443,5.279
90.286,3.812,1.216,3.907,2.632
54.302,0.298,0.414,1.438,1.869
1328.353,1.876,3.446,11.907,3.977
8792.32,39.804,6.524,6.693,7.503
37.426,0.384,6.897,0.381,7.835
1910.051,31.186,16.284,18.89,16.718
1749.945,17.201,7.433,6.013,9.273
1985.38,29.795,5.39,1.69,13.021
21.122,0.217,1.801,1.157,2.621
568.955,1.908,4.138,34.09,5.847
2709.931,13.241,0.113,4.548,8.875
32.209,0.31,2.982,2.322,3.24
4149.942,8.763,13.424,34.575,21.759
2944.486,4.65,1.887,72.221,6.097
24.48,0.27,2.935,0.709,3.962
3928.199,10.436,14.279,1.041,15.536
942.732,8.6,11.12,9.277,13.321
74.475,3.317,1.599,1.557,1.55
1139.019,10.87,3.304,2.28,5.616
4392.216,13.429,4.877,27.69,7.823
2198.573,5.64,0.136,11.603,3.007
1167.214,0.563,5.063,4.935,6.368
5413.827,7.026,1.581,17.036,25.434
3081.443,1.198,16.704,21.363,24.489
9180.017,11.509,17.389,10.615,64.547
757.847,1.364,0.824,10.722,2.377
7628.993,26.19,5.696,8.13,8.602
1348.798,10.358,8.061,8.164,14.597
320.88,10.631,0.068,6.533,5.546
5128.732,44.403,0.786,7.686,2.942
28.039,1.317,0.291,2.433,1.432
2567.016,2.764,3.656,19.499,8.082
2383.369,32.002,3.261,1.358,4.469
20.816,0.542,0.096,1.892,0.396
2809.917,7.657,4.196,9.557,6.513
7893.144,7.511,5.245,40.785,8.711
5885.177,17.134,0.59,13.685,1.946
2209.772,32.037,4.673,1.994,30.994
649.54,0.324,1.126,4.796,9.975
368.684,1.394,2.583,7.256,3.05
6411.95,27.071,9.447,5.984,10.801
37.523,1.068,4.987,1.402,5.265
4115.552,2.805,3.946,31.279,15.206
37.795,3.078,0.119,0.171,0.575
2741.496,5.682,2.541,9.115,5.218
5884.959,8.526,7.011,19.932,11.999
1270.971,14.519,4.123,10.56,11.811
1125.517,10.655,0.923,16.244,5.767
3199.914,24.322,3.113,3.49,3.946
397.275,2.339,2.797,2.311,8.042
2994.557,15.27,6.22,2.563,55.437
2522.266,32.055,9.579,2.149,11.475
2534.069,11.613,2.896,19.885,15.753
28.883,0.375,1.021,0.647,1.63
1472.637,11.457,39.935,0.018,43.934
28.975,0.84,0.283,2.246,1.401
1755.113,0.316,2.049,8.624,24.753
4939.247,33.516,2.443,22.84,8.508
16.11,0.133,2.654,0.369,3.328
28.525,1.821,0.906,0.293,1.866
1458.615,27.006,9.197,2.227,9.163
1990.102,15.496,6.929,7.315,31.422
910.013,5.646,2.165,8.516,13.125
1644.506,2.777,0.425,7.789,3.348
34.189,2.88,2.417,0.129,2.877
4459.667,36.17,0.002,16.077,2.643
23.951,0.794,3.92,0.192,3.903
3075.714,16.727,0.482,12.527,7.773
41.68,0.424,2.899,0.47,3.145
9879.633,28.894,2.417,18.215,21.854
5459.04,23.575,6.757,5.154,16.089
692.995,12.937,3.448,24.739,9.601
5131.291,3.31,24.4,28.992,75.59
1881.765,0.334,0.93,10.689,12.229
3440.559,1.623,3.413,18.989,20.583
7494.561,38.47,0.65,0.917,17.174
4194.809,6.782,8.027,13.191,42.557
647.959,9.432,0.776,0.185,7.882
3309.521,15.366,5.929,5.713,14.545
1685.187,0.277,9.384,6.015,10.649
1914.564,60.241,0.442,28.376,8.419
180.932,4.695,0.369,14.994,4.945
2168.607,10.116,1.089,4.75,2.155
534.241,0.993,2.717,3.23,6.573
46.362,2.549,1.676,1.012,2.573
4729.207,30.768,8.316,8.531,16.411
2015.437,0.806,2.356,13.646,11.938
1829.578,21.656,3.982,21.865,5.691
6440.213,29.511,0.696,2.15,12.9
8.764,0.09,0.938,0.428,1.182
99.16,4.898,8.499,2.24,10.564
5962.981,3.101,4.308,44.06,18.475
2564.607,10.318,1.343,2.188,14.727
62.777,1.197,1.127,7.452,3.124
5335.77,23.819,3.192,3.824,15.631
859.056,8.1,10.271,16.069,19.659
1325.557,29.791,1.355,0.944,5.636
6568.717,26.851,0.385,16.847,1.918
28.329,0.266,0.187,0.169,0.916
2830.532,48.306,3.523,4.248,8.327
5296.126,18.38,5.385,11.298,12.918
5617.737,17.823,13.388,23.56,33.725
36.044,0.652,1.795,0.201,1.867
6369.722,5.165,12.986,19.825,21.308
4366.805,8.302,5.164,26.447,25.942
2898.278,12.855,0.817,22.917,1.495
2420.197,13.684,1.926,0.724,18.981
5845.863,23.784,7.693,7.263,12.533
1121.722,41.42,0.411,8.153,1.972
1377.489,1.928,3.735,10.65,8.008
1447.002,10.944,3.315,2.439,38.465
3839.112,12.53,2.774,14.4,20.976
6210.402,5.555,2.407,30.727,37.595
6158.304,31.475,0.248,16.791,0.316
54.118,8.304,1.017,0.027,1.424
2439.148,6.328,2.94,4.258,12.135
2168.136,1.127,3.16,36.467,14.827
1784.128,3.998,1.873,0.819,19.451
1566.911,6.052,1.17,12.698,2.525
668.325,7.118,1.347,9.084,9.935
406.087,19.055,13.912,4.47,13.876
18.485,1.851,1.931,0.002,1.797
6323.255,20.634,4.143,45.317,7.729
26.563,0.808,3.608,0.022,4.447
4329.731,23.495,8.071,27.655,21.808
434.087,6.498,5.52,7.502,8.32
2577.216,3.65,2.795,5.038,14.391
5845.581,9.236,13.427,8.341,37.505
29.756,1.951,1.078,1.655,1.604
1797.062,21.592,2.281,33.273,34.079
4911.719,6.03,0.716,17.386,6.262
2579.851,0.337,6.593,9.073,8.493
2330.35,41.347,4.027,19.628,13.985
2722.084,2.153,0.118,5.015,54.874
3940.641,9.184,0.385,10.013,2.172
1335.099,4.418,0.061,31.577,2.303
4176.226,11.78,1.075,46.325,21.175
81.732,1.879,1.236,10.503,3.162
83.846,2.977,9.331,3.24,12.769
740.631,0.288,2.936,18.358,10.066
5381.877,3.114,2.869,52.688,16.873
2900.922,18.563,1.901,10.375,41.209
1365.527,3.757,3.067,19.266,15.471
3690.632,4.194,8.591,16.933,11.324
6940.819,60.254,4.195,0.402,10.204
38.14,2.063,1.652,0.456,2.992
1069.146,2.286,5.824,2.606,17.706
1830.898,21.68,1.099,2.092,2.313
38.626,0.956,0.601,0.742,1.096
261.913,10.504,9.185,27.076,17.707
3647.912,25.952,7.117,9.84,25.556
49.994,1.302,0.132,0.777,0.615
3915.084,2.999,6.153,28.995,29.453
4450.418,3.523,4.562,18.472,17.661
3178.235,7.125,13.349,1.842,13.401
5164.665,11.874,4.238,19.856,10.786
45.609,6.257,0.981,0.486,1.309
1126.344,15.034,13.424,8.026,14.254
40.692,0.295,3.151,1.981,3.702
26.288,0.608,1.184,1.097,1.563
2354.461,5.483,2.764,16.989,15.28
26.425,0.097,3.001,0.353,3.165
49.276,0.576,3.6,1.093,4.537
6662.311,33.117,0.633,9.805,4.771
420.679,14.314,10.726,3.371,12.353
4888.074,0.319,7.13,30.227,10.513
2684.893,11.477,1.682,9.69,12.331
37.333,4.017,0.669,0.133,0.965
5117.254,21.169,1.337,1.561,24.543
5502.185,29.867,6.658,11.436,8.581
6780.492,15.03,1.016,15.455,17.97
1735.434,2.309,7.514,6.192,10.493
511.238,9.188,9.181,11.027,17.407
3473.128,1.348,24.67,18.664,28.634
8786.232,19.177,10.284,13.182,30.934
6571.577,35.348,2.107,0.253,15.837
2274.349,9.529,7.028,8.867,12.549
166.652,7.519,2.45,6.899,5.095
904.055,1.853,1.488,20.276,7.543
1685.693,5.242,0.462,1.545,20.224
4155.005,13.812,1.62,15.033,4.092
3249.614,2.339,3.959,9.916,49.811
3338.245,3.54,3.968,8.607,29.959
1622.943,0.405,3.824,6.088,5.082
45.993,1.154,0.151,2.993,0.447
4692.967,9.162,1.285,9.578,2.846
6984.795,18.71,3.473,13.044,10.577
1265.314,6.803,13.332,7.266,23.69
545.638,5.248,1.778,4.843,3.394
2641.589,4.403,10.121,15.439,34.525
4808.156,24.701,7.654,15.858,10.284
37.869,4.562,0.913,0.304,1.173
2703.459,6.667,0.126,12.931,0.59
48.82,3.427,1.828,0.344,2.609
4066.324,10.961,14.359,6.002,41.203
8998.085,21.766,5.376,41.184,9.542
1944.314,22.603,3.933,8.993,20.284
4666.267,39.165,1.231,11.983,1.92
4838.698,2.45,23.538,24.337,27.068
1912.609,10.566,3.35,4.803,6.224
3940.87,15.441,8.789,6.273,23.499
23.77,0.678,0.119,1.387,0.364
2905.324,1.343,7.381,5.525,35.529
771.677,9.062,11.189,3.549,11.132
3915.592,10.122,0.864,10.487,20.678
36.505,0.072,0.256,4.064,1.003
2906.472,5.115,5.373,11.85,5.543
2092.023,3.645,5.104,5.045,7.338
5358.053,0.248,22.667,22.66,43.405
24.953,0.764,2.122,0.263,2.144
6165.461,64.051,9.157,9.165,14.51
4853.358,33.187,22.572,5.368,22.431
2326.971,8.188,3.534,9.618,39.739
8829.152,28.58,1.074,8.187,24.179
1649.515,22.355,3.633,6.8,26.691
2366.075,2.399,19.042,10.611,19.678
5214.848,49.513,3.531,13.868,3.281
4827.718,9.904,0.962,40.076,3.33
1638.606,30.397,0.609,3.986,6.205
1872.459,3.894,3.435,24.773,7.865
373.362,2.264,5.803,11.272,18.038
227.826,14.732,2.588,1.448,2.391
246.673,2.013,7.586,6.207,8.339
2431.364,1.239,10.992,22.404,20.71
6534.272,24.335,6.068,3.687,14.331
2875.834,11.988,8.235,12.904,21.331
1518.944,2.171,0.733,54.134,10.093
3057.578,16.245,0.66,10.49,0.747
7704.855,56.461,1.62,16.091,4.226
1604.829,9.514,0.088,11.323,3.164
2742.408,9.711,2.376,5.31,6.91
14.756,0.275,0.57,0.814,1.044
5033.238,9.728,1.03,12.069,5.026
6627.843,14.122,9.423,15.809,73.13
2891.129,1.909,5.58,5.863,21.21
31.499,0.17,1.201,4.995,2.099
7601.703,28.901,2.697,1.998,22.824
38.15,0.019,0.954,3.806,1.523
68.788,4.784,3.629,3.491,4.115
7970.99,19.612,2.735,26.391,19.229
3319.255,4.055,0.227,32.481,6.99
33.273,3.648,0.661,0.482,1.183
3263.219,11.847,0.18,5.071,1.43
6704.018,16.723,1.193,16.623,3.573
1870.29,4.965,3.754,5.913,12.646
134.352,6.048,1.818,7.687,2.056
1956.763,0.243,1.767,3.934,18.945
1825.682,23.152,5.674,4.555,7.545
5424.975,9.129,15.62,40.945,33.613
2844.318,11.475,3.06,17.489,4.875
3289.627,4.593,0.375,23.521,2.092
6596.529,10.597,4.531,43.074,12.217
7721.296,14.318,7.496,24.833,13.834
6846.734,5.161,16.009,22.821,39.165
1078.941,47.012,4.039,5.27,11.161
37.125,2.261,1.916,1.02,2.288
4108.189,4.656,8.968,9.768,16.756
35.709,0.651,1.842,3.693,2.142
1472.129,4.523,0.035,15.001,7.397
9198.364,66.475,1.654,10.03,2.494
4723.913,40.805,0.095,11.236,34.104
4679.772,1.428,8.65,5.919,51.881
4568.979,8.339,3.443,12.893,12.533
626.26,12.132,3.714,0.064,8.202
1029.079,4.518,2.732,15.557,11.936
22.339,0.545,0.531,2.416,0.995
6016.926,26.271,3.727,20.708,13.082
9471.443,50.404,15.66,5.186,16.631
1340.998,3.17,0.951,13.971,32.392
64.162,0.243,3.21,1.642,3.779
2537.592,2.671,5.685,28.172,15.221
2326.795,16.427,8.598,4.004,31.687
5131.247,16.862,4.615,8.799,10.059
2005.285,10.132,0.33,1.837,23.975
21.117,0.171,0.381,1.687,0.45
365.691,3.816,6.199,1.54,16.434
6798.083,34.932,21.11,11.287,39.586
2848.851,20.037,1.481,2.15,7.159
1359.508,27.863,2.805,0.507,9.053
2524.119,1.681,14.319,6.216,19.216
1086.461,10.894,1.813,1.672,19.949
545.799,16.096,4.53,9.078,5.127
3980.945,8.539,8.875,6.171,16.182
57.076,0.343,2.716,0.523,2.974
1461.752,4.106,0.003,1.547,17.52
5276.472,16.278,1.813,28.723,20.891
34.926,4.288,0.549,0.149,1.316
1114.271,14.717,2.831,23.336,18.72
4800.804,11.074,0.013,20.268,3.934
2152.093,2.921,5.797,14.385,34.532
6983.677,16.481,1.895,12.495,2.105
4584.637,6.878,0.982,17.582,3.136
2251.903,4.878,0.244,8.917,36.814
37.509,0.117,0.179,1.321,0.369
87.603,2.378,1.654,4.731,4.27
8469.067,29.35,1.671,34.609,28.884
73.812,1.146,2.452,3.458,3.731
6726.649,14.747,4.083,14.117,30.51
8996.37,59.392,4.932,2.852,6.625
3208.045,16.063,12.692,1.822,13.806
1097.904,30.811,0.605,0.115,19.674
2716.21,9.982,1.042,5.519,9.726
2519.331,24.202,12.683,7.714,40.981
2384.831,13.477,3.032,7.805,8.698
30.782,0.295,5.133,0.07,5.467
42.243,2.323,1.816,2.291,3.371
1526.034,1.613,16.613,1.292,37.452
2035.395,2.567,9.808,2.412,9.851
41.445,1.996,4.14,0.481,4.542
1073.423,6.557,1.41,16.726,3.682
8775.217,27.885,1.282,48.259,4.352
3673.206,15.413,6.868,5.874,14.806
1353.762,2.142,8.128,12.88,13.911
51.524,3.799,0.477,2.499,1.533
482.394,13.261,4.607,6.499,10.073
4692.011,10.819,9.298,8.154,56.586
8353.069,36.55,3.166,11.91,7.4
42.651,0.215,1.836,0.284,2.325
4422.028,22.606,5.975,16.068,15.317
25.425,1.575,0.252,0.645,0.881
468.146,10.397,0.644,18.994,1.849
7935.463,4.08,21.062,7.235,120.414
772.83,14.878,8.911,0.93,24.251
343.751,9.1,2.744,6.163,3.857
994.924,36.598,2.97,7.617,8.826
4266.45,7.64,0.149,15.629,9.486
2875.714,13.019,12.208,12.042,17.575
1079.701,6.706,10.572,0.398,13.479
16.813,1.564,0.104,0.181,0.48
5761.024,9.151,3.251,21.407,13.357
1516.812,2.373,1.132,3.884,10.504
103.276,0.107,5.526,0.817,9.122
51.111,0.633,1.872,2.852,2.42
6494.726,22.273,21.011,13.524,31.321
4248.566,8.417,6.679,14.633,9.379
2949.135,5.915,3.458,7.132,3.798
359.038,11.763,1.375,19.254,2.476
4749.604,26.923,3.335,19.203,26.465
1783.76,22.672,1.414,15.507,46.639
333.173,18.525,7.804,13.185,11.732
2170.653,10.754,1.804,2.082,7.39
901.289,4.797,0.493,3.81,3.771
1390.077,4.744,1.318,4.079,31.127
6369.702,26.801,11.116,10.333,11.873
7410.511,39.698,1.037,6.327,1.562
44.063,0.939,5.288,0.333,6.229
3923.877,10.441,1.566,19.092,15.042
2667.478,7.815,0.707,18.149,24.132
5320.643,7.659,6.49,22.263,12.778
7381.722,5.484,1.831,35.107,2.184
1511.682,8.804,0.615,13.598,3.512
934.428,5.08,1.258,2.796,12.873
3651.555,11.266,5.319,17.609,5.447
732.426,10.205,1.293,5.431,5.827
861.855,14.4,11.534,2.738,17.01
14.15,0.74,0.386,0.07,0.481
6385.625,32.521,9.783,8.996,12.186
2139.763,16.475,2.365,8.497,4.168
2770.258,9.905,6.538,0.048,13.135
1455.092,46.251,3.103,20.003,11.271
7888.982,12.246,0.077,27.748,9.205
1057.146,12.377,0.397,1.134,6.238
6405.879,11.946,10.361,17.641,11.753
24.205,0.736,2.951,0.964,3.891
4537.889,8.563,20.393,19.373,22.355
1040.513,5.351,6.152,3.509,15.613
7176.658,52.672,2.444,10.778,2.731
2209.86,19.75,1.61,21.384,2.461
3151.482,3.105,5.623,16.65,10.825
5756.26,8.012,3.93,29.621,4.706
6777.067,17.503,0.096,5.669,3.367
1672.105,14.505,0.911,0.141,17.427
24.476,0.37,2.817,0.299,3.06
80.516,0.666,2.915,5.237,5.309
758.646,9.917,6.919,0.935,29.237
3216.276,9.937,2.571,14.794,7.638
6238.918,19.386,11.521,35.51,17.924
372.814,2.901,3.004,8.602,14.575
2624.038,3.309,5.596,5.755,31.215
1910.769,10.351,0.374,14.124,23.121
4967.266,6.704,17.53,6.19,28.711
1006.194,28.093,3.26,1.032,5.275
2223.41,1.741,3.651,34.403,30.667
1222.997,0.618,3.504,5.392,4.454
1662.555,10.671,2.015,4.302,7.483
4463.16,9.146,7.629,22.053,11.591
2779.983,1.152,5.446,16.426,10.346
59.296,5.407,1.736,0.443,3.429
5831.902,25.364,0.134,11.521,17.93
2919.308,10.087,0.438,24.286,3.594
677.016,1.441,4.103,13.982,14.432
3431.488,1.668,1.976,27.578,5.52
1703.29,8.811,9.113,1.681,9.409
57.474,3.83,5.55,1.349,6.543
48.108,2.45,6.921,0.479,7.389
2975.991,6.246,9.097,4.54,17.438
6287.055,28.93,4.08,1.568,10.11
4793.227,17.987,3.713,10.513,13.09
52.579,4.276,1.77,1.12,2.587
2042.285,14.453,2.232,20.292,14.436
2688.716,4.373,1.013,18.08,22.457
4845.139,27.851,2.564,19.032,18.168
6357.681,16.465,9.645,20.429,22.731
2439.199,2.575,19.97,9.407,32.286
3101.27,15.009,6.559,47.013,30.816
7739.978,92.979,2.59,0.467,15.638
949.145,3.568,2.023,7.854,5.317
1685.579,10.164,4.497,10.664,25.272
3408.003,7.547,2.627,16.051,5.289
1463.004,16.109,6.936,5.528,32.011
32.249,3.58,0.881,0.048,1.268
2554.488,13.656,3.195,3.027,5.358
3728.428,0.502,3.655,51.742,25.745
4918.003,19.163,0.87,39.835,12.14
3250.969,2.521,4.519,15.164,5.383
3596.378,8.74,0.08,11.099,5.917
959.423,21.832,1.141,4.381,3.023
5802.843,19.139,0.583,12.109,23.414
1408.424,13.449,2.653,43.762,5.066
1759.577,2.069,7.487,0.46,25.852
650.282,17.819,0.367,0.19,16.266
4224.341,7.205,3.125,21.438,18.476
1412.045,4.572,0.642,2.781,2.629
1557.316,18.124,0.375,0.165,6.282
1456.72,14.252,2.518,23.422,3.108
24.779,0.175,0.472,0.047,1.131
2038.263,3.452,0.714,2.338,31.56
2640.14,11.397,13.648,2.261,21.006
2184.296,3.498,0.732,14.552,5.029
2699.846,12.639,2.056,23.945,15.32
2109.781,11.74,5.879,6.13,23.637
6301.097,15.05,31.114,7.927,38.206
23.629,1.077,2.535,0.351,2.813
6093.816,29.614,2.9,18.145,22.518
4417.68,8.559,9.457,2.137,28.669
56.119,2.142,0.27,0.054,1.413
595.836,33.264,10.338,12.331,24.459
9943.958,23.466,0.502,15.877,1.094
38.239,1.346,3.869,0.007,4.34
2611.269,2.356,27.306,0.978,34.101
2765.636,14.956,7.491,33.343,7.747
4728.828,6.513,2.185,37.918,22.278
2429.475,19.71,3.276,32.304,7.3
7037.485,17.335,4.241,14.149,9.341
8011.241,18.922,0.31,36.523,19.953
8937.702,13.708,3.86,64.3,20.596
32.375,1.413,1.742,2.61,2.432
5027.962,5.163,4.957,37.761,7.467
5433.194,13.117,2.269,33.587,26.777
3375.801,22.074,4.573,4.521,7.219
1426.911,52.495,1.866,6.482,15.316
30.301,0.776,4.149,1.247,4.673
3643.074,4.988,7.902,9.869,21.981
50.657,3.398,0.617,1.01,0.995
930.939,24.825,5.06,3.771,16.962
22.306,0.335,0.72,1.241,1.367
694.299,11.967,4.696,5.588,16.029
1332.015,5.894,7.68,2.362,9.277
4528.671,35.834,1.027,6.806,16.745
1893.744,9.78,11.037,11.255,14.305
1593.006,13.38,0.593,3.751,5.949
32.458,0.011,2.951,0.779,3.452
680.927,3.224,13.876,10.801,24.82
3917.689,16.849,2.685,47.708,5.314
4116.052,8.085,13.526,17.381,13.829
7261.597,37.539,2.2,12.809,2.837
5074.681,10.72,1.122,11.804,22.47
829.338,3.673,14.114,3.169,33.503
898.52,15.549,3.179,1.916,3.849
4728.247,10.101,12.662,0.673,23.497
2207.883,2.092,1.076,21.131,18.874
5324.583,5.435,0.954,28.574,22.057
5386.968,23.547,4.161,10.621,11.244
5102.297,22.653,3.308,0.793,12.866
36.808,1.942,0.901,0.159,1.183
1073.49,4.544,8.657,0.978,28.046
57.623,0.037,0.874,9.404,3.016
2425.642,0.136,10.357,36.711,17.117
2647.441,22.813,9.319,9.231,23.197
2558.357,6.298,1.451,25.4,2.409
1823.876,17.125,12.571,4.983,16.9
8117.298,28.942,4.435,7.187,6.02
3046.939,4.212,7.292,6.125,13.571
1061.008,25.978,5.999,2.66,9.442
2080.735,31.078,0.845,1.1,3.498
4622.425,13.757,1.086,17.767,12.606
690.505,35.882,5.684,2.22,17.529
4335.528,6.577,4.775,32.219,12.693
5404.503,20.742,13.386,1.159,20.799
1319.746,15.169,1.234,1.233,3.722
4208.905,10.505,1.024,15.989,3.436
5074.794,7.779,5.564,15.298,7.549
3942.353,31.164,2.44,7.225,10.491
6007.613,17.258,9.663,6.074,18.891
9827.884,69.72,1.134,14.584,10.034
4285.799,6.929,7.015,17.598,36.432
9347.742,36.473,1.175,1.068,55.946
4679.133,3.914,4.65,2.966,48.261
2851.409,6.393,10.446,9.041,15.309
1083.79,0.443,16.113,9.439,29.752
8616.79,10.242,0.132,52.378,35.187
2668.555,7.198,0.137,16.45,4.383
22.919,0.007,2.343,1.454,2.585
1914.125,0.575,3.598,36.056,38.814
618.607,20.794,2.263,8.3,7.712
2853.78,26.385,0.998,5.161,0.767
1918.203,5.964,2.018,22.976,34.958
1435.517,2.844,3.23,26.873,25.267
6292.856,55.994,1.429,12.511,3.55
2200.215,1.675,11.171,0.866,21.036
4102.274,22.931,2.996,0.891,77.91
1000.774,1.513,6.924,3.249,7.427
714.216,21.55,3.829,2.614,18.918
4601.927,16.98,7.016,5.617,10.807
4014.818,2.904,0.267,24.534,4.039
17.717,0.502,0.972,0.043,1.152
2012.368,19.271,0.052,2.491,4.556
1219.218,29.981,4.489,6.388,17.862
5991.141,38.875,0.104,5.466,12.825
3450.873,7.617,0.96,41.559,27.682
5631.877,9.55,1.775,45.18,20.56
2248.999,7.367,1.986,1.377,17.963
1816.961,3.757,1.345,14.812,10.281
34.864,1.302,0.223,2.102,1.162
3275.409,10.277,7.386,2.179,12.071
4307.018,29.925,0.949,9.124,1.783
1250.959,3.605,15.039,1.35,21.099
1613.091,3.245,0.371,40.29,24.277
46.214,6.488,1.563,0.713,1.152
2322.563,30.541,11.658,11.387,13.515
4482.268,23.13,10.122,21.484,11.426
46.269,0.481,4.005,0.295,5.118
7300.533,31.024,2.99,13.571,7.641
4502.332,37.692,0.153,1.988,3.218
9977.764,7.539,5.182,51.676,16.019
1425.178,1.505,3.522,18.271,17.08
2400.37,4.994,1.588,0.985,17.097
1130.862,19.528,1.435,3.318,3.339
1298.456,5.565,1.896,3.165,15.117
5719.622,25.048,0.232,5.464,10.258
7645.545,9.195,4.063,41.475,5.069
1063.427,0.387,6.588,6.696,14.955
4278.581,16.308,6.14,3.374,12.392
1445.129,2.944,10.288,23.052,19.737
5160.669,9.368,2.361,11.068,3.638
2851.162,1.362,6.545,6.246,18.878
1649.985,7.62,3.661,13.072,9.631
1468.154,10.142,2.939,11.309,19.481
4782.854,13.714,0.172,6.726,1.561
592.783,17.945,1.736,5.275,3.086
8247.735,25.803,1.592,10.03,21.066
72.706,1.705,0.526,1.052,0.82
32.965,1.218,3.992,0.247,4.962
629.184,12.215,2.611,22.345,3.752
1235.048,2.629,11.756,10.694,12.295
5361.094,34.026,0.609,16.019,19.93
4312.426,5.909,3.152,24.863,3.8
31.147,3.572,1.815,0.384,2.538
538.511,21.237,8.634,14.87,21.825
17.077,0.969,0.93,0.327,0.945
714.539,0.62,11.013,7.604,16.364
2554.148,8.237,3.383,6.813,11.636
54.062,1.716,1.651,4.275,3.156
6198.228,13.46,19.033,18.347,27.265
64.02,3.504,1.641,0.114,3.556
2324.412,20.533,4.069,2.069,6.139
6942.913,2.203,12.391,29.189,17.145
1579.869,9.149,7.256,3.748,8.299
7011.987,25.935,2.272,7.141,2.701
3456.797,11.893,15.997,18.848,34.266
4064.509,12.05,2.278,31.839,11.757
111.307,1.47,0.646,0.972,3.402
2883.46,21.987,0.145,6.562,6.393
2200.387,4.03,0.496,6.857,18.046
576.131,1.601,0.187,3.188,16.151
4592.604,4.481,4.51,24.503,18.125
2389.585,6.253,6.808,1.39,20.46
46.12,1.066,4.705,1.202,5.959
1046.702,6.734,4.075,24.451,8.903
6850.877,26.842,17.854,16.578,24.725
6041.13,29.874,1.758,11.807,35.447
3547.446,12.443,3.217,32.074,6.247
541.641,1.401,7.58,4.81,13.591
1111.32,2.908,8.929,12.701,37.218
2510.076,27.793,8.58,11.654,25.517
2169.277,3.666,4.214,3.589,12.718
2383.201,1.698,0.492,31.434,10.355
27.722,3.128,0.826,0.426,1.628
454.661,4.952,3.463,4.236,18.562
5199.517,23.37,1.89,15.293,3.536
1608.864,18.165,2.922,12.402,5.618
2836.874,8.203,3.596,16.871,17.176
2037.845,6.789,0.975,3.08,47.709
3358.431,0.626,1.174,30.497,17.962
2314.028,15.597,7.854,2.42,14.049
21.843,0.437,0.458,1.546,0.811
46.085,0.322,1.928,0.535,2.145
4535.318,27.387,4.316,3.848,4.405
38.447,1.803,1.7,1.688,2.248
8608.867,18.726,18.777,6.229,43.941
2327.935,3.644,23.562,6.658,37.295
5530.876,21.613,0.401,24.694,5.26
30.587,0.955,0.786,0.957,1.695
6470.699,6.565,12.737,18.966,14.416
9059.671,14.598,0.724,10.484,0.81
45.691,3.569,5.147,0.713,5.395
9008.121,23.382,0.645,31.741,2.09
1663.132,0.464,0.961,24.826,20.56
2412.439,6.803,5.697,15.289,14.712
36.566,1.2,0.169,1.301,0.873
3186.734,2.794,5.93,12.093,9.219
68.717,4.609,1.777,4.054,3.948
24.178,0.128,1.954,1.726,2.603
1985.256,8.124,0.361,0.253,10.757
3416.972,3.16,10.805,3.144,19.669
1993.358,19.512,4.967,3.224,24.443
5510.585,10.641,36.524,9.572,36.615
8611.8,6.131,0.485,44.813,2.631
5185.167,7.708,1.574,29.457,3.855
6319.735,14.12,7.541,15.894,10.952
788.83,7.318,3.855,11.567,5.954
7478.81,16.025,3.963,16.727,6.473
38.006,0.519,2.107,0.277,2.119
519.433,2.377,0.259,25.256,3.736
1428.787,2.224,14.08,12.544,18.396
9229.289,19.34,14.504,22.435,25.248
424.785,5.848,3.642,21.372,15.938
1244.947,3.372,4.151,3.536,9.26
3340.487,8.598,4.177,2.454,13.83
1126.819,12.821,5.643,15.257,5.899
45.758,0.93,1.917,3.028,3.677
6292.702,17.991,5.099,9.529,15.409
27.717,0.642,1.567,2.066,2.389
7367.289,26.852,0.325,9.775,1.057
16.383,0.512,1.16,0.53,1.296
2667.916,20.433,0.782,6.154,8.717
2085.864,7.741,0.218,13.452,3.776
2821.611,15.733,5.628,20.063,6.603
1730.5,7.781,9.304,4.055,9.826
338.227,14.273,0.687,0.299,0.854
1987.71,15.86,1.988,2.66,4.258
4697.207,45.628,5.813,9.051,7.549
6665.452,6.843,5.779,59.115,23.246
35.987,2.465,1.219,1.45,2.46
87.841,2.502,0.563,7.822,2.229
7925.702,2.078,19.755,26.337,28.362
15.113,1.458,1.076,0.431,1.189
4002.414,2.951,4.389,25.122,26.789
2052.183,6.337,20.107,11.987,48.205
5847.18,20.514,7.425,1.593,37.237
3728.856,33.406,10.537,7.123,34.479
2093.526,18.526,14.797,7.541,17.305
1200.146,13.592,4.761,2.552,8.62
2853.223,7.559,2.503,5.582,10.817
2036.869,6.957,0.152,8.107,1.457
6893.963,18.223,2.175,10.18,4.906
2776.964,22.48,5.662,5.362,15.332
7067.924,24.071,2.93,27.245,3.701
3108.845,6.575,9.736,12.021,11.737
3555.72,29.217,2.127,1.916,5.22
3002.784,23.94,0.517,3.162,9.218
662.302,5.992,4.269,2.722,4.363
4805.844,14.249,11.432,27.261,12.291
1190.662,7.35,1.505,25.371,12.001
1593.862,37.853,10.087,17.7,10.862
4266.699,5.173,1.0,39.844,6.526
4358.916,18.434,0.074,15.018,4.272
1920.974,1.494,3.927,6.889,6.784
1409.467,9.637,1.777,22.115,5.972
2029.102,2.715,9.04,9.609,36.76
1862.888,34.186,8.094,13.729,34.089
4310.275,3.607,13.358,22.704,20.138
15.631,0.239,0.016,0.003,0.044
1376.816,3.346,13.753,3.706,18.485
1016.466,9.566,1.265,8.118,3.034
6638.226,3.933,10.699,26.353,39.538
29.95,0.296,1.499,1.363,1.639
78.269,4.676,0.346,2.514,1.769
6129.943,15.513,0.12,5.396,3.28
50.132,2.19,0.651,2.102,1.395
5002.978,16.045,10.991,2.496,19.937
3505.283,5.186,7.636,8.271,25.067
3324.128,42.588,0.797,5.016,0.284
2760.848,5.559,7.715,16.454,30.234
6799.301,23.878,6.523,28.63,8.022
4397.956,19.385,12.955,5.332,26.479
69.574,5.194,5.992,1.946,6.712
5978.968,4.647,5.851,64.074,8.661
2400.506,2.131,11.064,1.111,25.424
376.985,2.577,2.454,3.638,9.07
6432.159,16.684,0.281,7.385,4.009
3702.76,28.813,23.759,6.896,44.313
8952.951,9.723,0.03,20.33,3.232
962.374,14.913,21.947,15.932,28.983
5423.583,9.221,3.059,18.011,19.019
4940.814,16.025,2.795,7.619,14.677
6444.58,11.455,10.246,28.569,12.402
16.095,0.046,0.267,1.971,0.857
853.274,10.51,20.917,14.054,27.896
1543.191,38.305,13.482,0.631,26.666
4271.418,32.854,2.174,0.828,30.894
3807.444,14.544,1.495,24.582,8.488
16.818,1.534,1.532,0.045,2.001
928.218,4.966,3.66,5.459,13.702
3328.353,442.373,11.489,10.741,10.606
11.579,0.089,1.321,0.081,1.727
364.554,0.814,6.17,1.388,6.531
1854.826,8.308,4.264,1.194,5.236
4643.06,18.608,2.519,8.849,13.863
4089.427,42.873,1.171,5.853,4.902
36.11,1.925,1.022,1.902,1.276
4226.9,10.23,2.027,32.445,7.116
1936.495,2.037,2.055,1.557,18.127
8922.567,7.104,11.889,26.233,43.843
5799.827,12.019,0.286,10.977,2.58
1850.349,7.999,9.403,53.552,29.959
4011.457,13.371,3.035,7.557,14.797
341.917,1.663,12.513,3.901,17.462
4941.573,2.015,6.265,19.813,25.802
2143.774,17.622,0.831,21.425,3.952
237.255,11.222,6.322,19.029,13.122
6967.243,13.631,12.608,18.031,26.704
7432.975,12.342,5.709,30.637,16.461
4537.404,16.408,0.047,22.8,28.684
1346.007,0.98,8.048,1.501,17.439
947.116,5.9,0.242,12.586,18.965
4640.835,7.552,0.336,12.687,2.388
2723.261,3.779,2.004,11.334,2.992
4650.686,12.538,29.249,36.261,34.49
2777.544,6.021,4.66,10.873,27.73
2834.988,1.652,4.387,29.249,16.029
2491.754,20.463,21.004,7.786,65.103
2620.156,33.709,3.078,0.872,17.095
7039.009,43.991,10.296,1.13,11.976
41.282,1.083,0.995,2.85,1.791
5359.431,8.783,2.424,16.136,5.93
1649.595,28.765,11.582,9.704,21.888
224.213,20.265,4.717,9.127,5.339
941.258,5.255,4.576,0.349,17.589
46.568,4.201,0.734,0.157,1.14
1596.563,7.055,0.642,0.249,20.437
22.375,1.353,0.095,0.322,0.126
3331.808,3.774,5.705,10.288,8.437
2941.776,18.211,2.968,16.467,34.574
1848.838,8.71,4.582,2.392,11.78
1402.782,7.627,4.085,7.002,16.954
1718.867,2.583,3.815,4.291,16.629
8552.554,27.195,7.243,18.738,8.373
2939.19,15.919,0.742,12.086,11.944
6027.896,6.307,3.688,29.939,36.761
2153.745,2.72,0.776,12.232,10.674
1780.937,3.431,7.525,10.852,36.899
28.09,1.638,0.995,0.002,1.481
217.221,3.249,0.592,2.709,1.236
1958.648,5.674,2.897,4.982,26.601
34.109,0.737,0.926,4.407,1.732
2145.052,2.011,3.016,2.213,26.324
7037.208,25.419,2.724,7.545,35.678
2797.239,4.264,0.518,20.651,2.384
24.711,0.418,1.201,1.483,1.678
25.501,1.107,0.761,0.629,0.889
487.947,30.847,1.532,11.321,2.838
4651.747,3.325,9.899,14.112,24.994
3397.123,2.995,1.749,13.752,4.062
4654.576,6.21,8.947,25.716,9.973
2225.967,9.347,2.28,10.604,15.879
51.937,4.427,1.35,1.16,1.77
4832.717,21.789,2.468,7.394,3.724
531.663,7.406,1.593,7.686,4.667
3145.571,17.18,9.713,26.85,30.333
1674.654,28.684,1.571,1.186,3.085
3215.754,25.795,12.067,4.832,18.204
6871.972,14.809,3.586,16.746,13.64
920.545,11.818,3.443,3.452,9.574
6369.677,14.826,2.512,25.58,16.961
25.454,1.382,1.43,1.496,2.202
2685.085,0.708,9.011,25.46,65.805
3463.437,6.048,3.605,9.454,31.93
51.341,1.416,3.237,3.691,3.733
3936.573,25.263,0.067,6.207,1.266
1201.396,3.006,3.784,4.078,33.518
39.005,0.274,1.859,5.638,3.081
4665.107,32.257,6.505,2.146,9.326
2943.748,3.867,5.99,16.743,7.515
335.686,16.758,0.197,1.485,6.107
37.708,0.406,0.168,0.389,1.1
30.742,3.12,0.362,0.107,0.315
38.795,3.834,2.646,0.579,3.376
1214.187,2.43,4.758,13.484,12.937
4502.495,8.133,17.503,4.336,21.719
51.761,3.404,1.0,1.022,2.659
7849.263,12.921,5.758,34.652,8.671
55.717,3.319,1.513,1.316,1.603
6707.892,22.693,5.987,3.46,25.898
991.506,55.841,6.56,0.973,10.773
21.923,0.71,1.627,1.435,1.996
81.281,0.641,4.524,2.089,4.798
6000.704,2.26,3.274,33.126,4.493
4385.813,10.745,8.424,3.981,20.415
393.313,29.702,4.938,9.836,5.549
117.941,5.001,5.391,2.117,8.797
1432.143,7.564,2.428,0.448,21.827
1601.488,9.545,14.409,2.309,15.386
6014.904,9.647,3.752,24.039,13.711
5992.175,3.567,2.023,53.209,4.639
3076.711,10.571,4.006,53.746,21.034
18.815,0.335,0.924,1.628,1.048
433.217,11.021,3.477,19.155,6.349
40.388,0.708,0.483,0.644,0.984
29.645,0.058,0.448,4.81,0.791
11.152,0.611,0.963,0.215,1.245
7564.275,19.284,1.038,15.325,20.164
5553.581,10.462,0.52,12.949,4.455
4630.15,5.539,9.403,19.431,16.128
989.99,25.267,1.327,10.939,9.159
4071.867,14.889,0.585,14.783,5.462
66.191,0.875,8.042,0.324,8.833
3398.907,12.955,24.614,9.485,25.621
2631.059,3.926,1.155,1.636,26.266
3252.931,10.545,5.926,19.386,16.567
4165.936,1.176,1.949,30.628,6.695
1632.89,14.493,5.475,1.447,6.564
4319.996,42.734,0.171,0.122,11.192
5325.267,16.978,1.702,2.899,20.351
43.536,0.87,1.068,0.554,1.387
2045.704,0.261,12.665,2.34,52.228
4331.973,5.507,1.294,12.814,3.528
946.488,0.346,1.305,1.6,11.16
8924.078,26.826,0.945,14.718,9.213
27.029,0.033,3.55,1.494,3.985
2179.2,10.44,0.138,6.507,4.451
50.863,0.38,0.147,1.245,1.002
13.295,1.27,0.844,0.311,0.79
4752.559,18.072,14.691,0.743,21.932
2456.324,23.712,0.488,3.851,2.134
49.397,0.071,4.401,5.652,5.833
25.413,1.048,1.507,1.484,2.095
2459.403,13.604,28.808,23.913,29.827
34.505,2.707,0.137,0.293,0.586
9108.341,46.069,6.285,0.478,15.249
968.332,8.554,9.413,34.224,24.677
50.079,2.104,0.682,1.277,1.776
3503.715,17.892,4.583,0.715,12.465
56.968,0.22,5.684,5.007,6.836
7694.046,15.27,2.084,27.571,11.767
713.201,27.786,1.384,0.906,3.64
2975.701,16.933,2.764,1.861,6.335
842.432,12.886,10.286,0.241,10.664
2773.753,4.828,3.307,6.795,7.472
6058.042,19.007,21.268,30.691,34.514
1517.268,1.227,1.042,5.268,10.744
8201.667,8.696,8.251,33.857,9.066
7751.611,18.696,1.1,12.581,1.743
2678.038,2.697,8.263,26.234,16.31
3301.311,8.064,0.337,4.619,0.908
2722.538,10.132,2.137,2.326,2.527
31.799,1.039,0.222,0.998,1.156
2131.122,3.524,0.582,15.337,17.239
7933.12,47.746,3.283,2.564,4.965
5505.579,35.402,8.929,16.573,13.08
1746.099,3.381,4.76,0.068,18.732
4258.272,12.41,1.734,15.445,18.392
5062.915,14.094,8.227,13.645,19.614
194.511,2.513,4.014,7.225,6.786
28.337,3.859,0.463,0.284,0.467
1113.038,0.641,0.991,0.291,15.058
3233.127,10.69,4.401,1.778,9.801
1572.795,27.196,0.317,4.101,5.45
54.288,3.171,4.949,1.388,5.29
1070.119,6.336,0.156,2.096,0.311
3731.247,11.706,11.882,21.816,16.95
4523.767,4.556,4.148,15.187,24.279
2787.903,8.094,1.055,16.331,12.34
3055.157,5.171,0.839,52.843,5.97
2579.497,0.319,8.357,6.332,28.489
892.891,6.799,0.2,2.991,0.899
1246.974,12.225,0.296,19.046,10.959
694.636,25.319,3.959,6.843,3.52
443.431,5.942,7.67,8.458,15.52
2943.911,6.713,11.914,4.078,15.693
27.934,3.772,0.615,0.24,0.575
372.75,10.178,1.733,2.547,3.401
5037.323,0.769,22.045,8.144,24.272
1974.098,2.2,5.485,13.393,9.736
6280.684,31.296,0.091,4.692,15.629
2404.016,10.268,6.415,6.113,14.451
4978.386,26.154,10.177,22.726,28.948
5825.551,24.483,11.976,14.251,23.747
1045.038,4.173,3.032,5.344,19.058
1821.922,5.759,6.336,10.105,28.416
7566.072,25.126,8.465,8.011,11.26
33.8,1.644,1.246,0.493,1.745
3563.292,3.319,7.501,12.09,16.987
1922.231,0.906,11.582,9.273,15.4
5493.296,13.949,1.979,8.039,22.542
2120.969,24.212,4.095,9.964,4.495
2076.193,7.448,10.452,4.344,18.73
4765.328,21.403,1.142,37.022,2.004
4905.945,23.362,12.557,6.542,23.565
5225.684,6.451,0.24,19.252,21.047
1097.537,1.154,12.95,6.831,21.019
28.957,0.213,0.874,0.568,1.595
2284.592,1.126,5.312,0.428,21.513
2430.048,7.041,3.162,6.571,13.943
7850.622,22.102,2.764,30.379,19.996
1897.715,5.617,8.565,5.129,22.825
882.666,5.56,8.603,35.631,13.294
3973.38,9.867,6.985,1.214,27.941
705.915,2.126,1.16,2.771,4.326
1679.739,3.207,0.446,4.975,8.814
2069.467,2.287,7.783,13.055,8.889
3718.359,8.503,1.931,9.835,4.148
1073.633,9.199,10.668,3.75,12.287
55.497,0.534,2.699,2.6,3.441
43.335,5.904,2.097,0.509,2.311
1264.378,6.146,10.93,20.41,31.382
6410.489,10.597,0.382,20.401,8.047
3246.631,14.865,11.828,5.254,12.159
26.47,0.804,0.094,2.68,0.716
7915.823,13.038,4.99,16.178,38.703
3936.676,18.929,0.894,9.395,7.605
3056.928,15.315,0.321,6.993,16.886
1643.863,2.344,3.704,8.169,4.678
9052.117,1.234,12.516,47.469,13.301
1969.341,17.514,6.842,14.574,41.126
5843.664,31.923,3.53,18.17,21.167
1670.955,11.678,3.675,26.584,13.165
1337.993,4.401,2.86,15.365,26.33
11.936,0.402,0.765,0.92,0.982
36.902,0.747,2.876,1.906,3.895
4791.524,9.751,2.312,13.439,5.053
2360.152,0.145,4.374,17.092,24.428
470.085,1.18,5.879,0.54,15.569
8908.475,9.42,2.399,51.045,5.27
1376.608,14.502,3.584,20.971,27.808
2541.042,14.619,8.132,1.183,32.048
3881.035,4.404,8.859,12.57,10.291
1781.369,7.033,20.59,8.439,30.298
31.673,0.94,0.067,0.425,0.875
2360.18,6.311,3.73,13.443,4.157
1826.749,0.93,12.858,2.195,20.132
3393.839,550.316,8.737,2.487,6.764
39.258,1.149,2.581,0.82,3.696
5460.968,25.454,0.727,12.63,6.846
1054.054,17.476,5.125,33.638,8.838
1538.962,0.294,4.353,37.262,12.845
35.052,0.44,1.582,0.379,2.019
56.484,1.04,3.615,5.783,6.106
4415.426,8.724,4.478,24.885,6.765
4201.306,7.034,1.574,12.095,11.398
37.8,3.222,0.649,1.026,0.642
822.702,19.235,2.451,4.166,6.135
876.362,9.649,0.097,30.185,21.0
926.413,9.548,5.006,3.781,22.463
75.383,5.473,6.38,1.019,8.852
29.124,1.228,0.368,0.011,1.342
2365.926,3.719,4.904,6.315,7.976
4920.175,42.492,1.244,0.944,8.488
64.858,1.819,6.051,2.268,6.21
25.251,1.188,1.252,0.512,1.814
73.43,5.385,1.642,4.127,3.819
3164.972,36.785,20.021,5.512,21.914
1839.377,3.302,13.013,2.9,29.364
56.474,2.652,0.235,2.886,1.601
1865.84,10.627,6.669,7.444,7.804
3855.851,6.654,0.066,64.976,6.583
3003.51,20.841,7.829,26.76,24.457
65.976,3.194,3.417,4.84,6.204
8148.586,32.93,7.405,4.691,14.306
3842.728,2.938,9.629,8.577,48.456
847.947,5.295,6.655,14.642,26.304
2976.137,3.096,3.516,16.728,53.264
1443.57,2.368,5.626,8.85,12.513
1794.58,5.045,4.557,0.27,22.636
49.898,0.814,0.165,8.011,1.549
1576.474,5.177,0.639,5.127,28.289
374.545,13.259,8.075,24.227,11.759
5759.535,9.45,1.971,32.179,15.147
672.194,0.665,0.116,1.409,11.789
4061.139,24.299,10.203,5.787,16.672
471.598,0.611,0.945,11.894,3.077
3358.753,11.88,1.03,3.909,3.831
1001.889,1.721,16.475,1.994,29.411
1323.071,9.35,3.315,6.135,21.039
3804.221,4.672,10.26,6.967,27.849
1504.984,4.038,8.888,14.833,51.034
769.862,5.079,4.988,3.815,11.232
9518.178,12.782,1.912,22.5,3.486
2016.337,39.442,1.222,1.842,4.733
4871.922,28.997,3.212,10.086,4.582
1380.977,1.035,6.559,8.765,20.608
5018.158,3.418,4.512,24.556,35.699
1281.439,11.258,1.813,2.984,17.479
1962.98,1.431,14.574,11.992,21.747
45.453,1.47,0.513,0.397,0.673
47.977,5.093,3.074,0.066,4.332
1948.459,3.026,1.056,7.18,6.373
47.404,0.566,0.636,1.361,1.251
32.393,0.139,1.18,1.844,2.395
83.894,1.213,8.681,5.355,9.006
2462.644,8.544,6.22,15.287,22.349
2476.012,7.139,15.928,4.134,25.439
3648.46,1.599,10.889,11.805,12.172
2848.024,8.418,7.714,2.561,14.839
2687.382,28.966,9.968,3.522,20.41
9169.862,25.649,5.913,18.648,20.835
71.382,5.88,3.987,2.754,6.091
3775.649,33.048,4.278,1.029,9.428
5200.415,32.354,1.971,1.616,1.99
3052.116,6.985,1.543,15.428,15.146
3398.809,3.624,12.581,23.875,24.721
2361.264,5.461,7.253,7.221,20.122
3521.303,1.26,8.692,2.16,32.407
4085.287,3.968,13.797,8.68,18.224
6806.032,26.013,0.95,13.098,5.784
48.92,0.494,0.501,0.909,1.069
39.66,1.158,0.642,0.364,1.773
449.115,2.301,7.172,2.764,8.978
3439.02,2.122,6.946,8.275,24.748
5021.698,8.52,1.083,16.695,4.352
49.571,3.387,4.491,1.198,5.215
62.453,2.789,4.783,3.006,5.984
5521.149,6.026,7.382,25.822,15.88
1838.0,4.356,1.582,8.287,8.493
5553.335,15.179,3.928,17.858,11.544
599.478,8.465,1.742,10.306,4.573
581.24,5.995,2.871,15.604,12.229
646.248,5.174,13.446,0.876,17.014
3299.387,16.978,9.416,6.714,30.372
5129.47,26.445,3.015,3.265,10.086
36.744,2.923,2.953,0.966,3.873
1805.911,31.23,4.34,19.144,17.521
526.809,0.799,2.045,10.152,12.753
2073.894,21.178,6.854,1.305,25.212
3531.861,13.393,10.527,0.77,13.789
2707.465,2.845,1.023,12.602,15.928
7006.288,7.512,6.757,26.293,18.034
24.696,0.347,3.21,0.564,3.586
2788.297,12.15,4.45,35.597,14.151
32.569,1.523,1.471,2.021,1.525
860.497,0.104,2.305,7.496,5.224
21.019,0.541,1.759,0.288,2.455
4574.427,11.26,0.221,26.072,7.668
4908.011,11.037,3.32,17.79,15.167
32.311,2.108,1.392,0.318,1.413
33.348,0.86,4.519,1.529,4.884
1646.797,0.804,6.056,14.661,13.079
57.373,7.353,0.424,0.585,0.591
1704.459,0.42,6.664,10.349,9.895
1618.698,1.343,0.695,22.193,6.554
29.779,1.053,3.66,0.581,4.223
840.392,13.793,3.81,1.898,23.763
2341.128,6.896,1.274,16.287,6.025
4361.666,0.731,3.737,20.641,20.609
1123.945,30.191,0.165,1.617,8.534
41.608,2.866,1.314,0.068,1.74
3963.419,18.133,4.05,15.957,12.209
2839.92,4.89,1.276,9.266,22.083
5110.195,10.907,14.759,15.964,21.407
3857.627,14.153,1.153,3.031,4.9
1425.552,4.525,6.081,43.66,15.27
76.662,0.627,13.402,1.026,13.927
4780.983,29.449,1.347,11.469,9.115
31.658,1.539,2.961,0.741,3.213
29.223,0.771,1.751,0.541,1.749
2772.636,5.659,7.892,18.171,14.283
2781.883,27.441,7.31,16.08,29.649
42.853,0.1,0.846,1.34,2.103
57.649,0.527,1.751,8.186,2.45
5755.219,21.332,9.656,2.686,20.958
1926.285,5.744,14.697,17.704,32.893
5964.64,47.071,0.995,26.277,18.88
4506.806,4.691,3.606,8.273,38.579
4009.864,26.164,0.938,10.99,5.156
1759.419,9.568,11.969,6.1,12.959
749.585,8.393,0.955,0.021,3.772
5779.29,29.877,17.06,6.47,18.728
379.812,24.025,4.718,10.394,15.55
6477.205,69.097,0.196,15.296,10.26
2031.449,4.182,0.587,16.69,7.527
2987.469,50.463,6.764,14.176,12.843
2776.043,6.148,0.963,0.604,22.272
484.307,2.737,2.097,5.372,13.466
1165.9,0.696,3.472,2.466,14.547
9777.913,32.557,1.732,10.915,2.25
3454.394,21.629,3.257,14.975,11.153
56.247,3.033,1.439,4.438,2.755
2902.897,14.68,11.013,11.415,11.18
2885.039,1.871,2.091,20.231,22.292
585.991,26.235,3.052,10.802,6.58
1332.61,4.868,0.338,2.265,32.875
1225.443,22.149,9.78,10.447,13.165
2809.541,2.036,6.023,5.404,16.322
1022.514,7.114,1.083,14.331,15.558
187.831,10.683,4.242,0.445,3.961
542.877,11.274,0.03,0.828,5.564
2029.898,0.245,15.954,10.329,16.472
34.364,1.252,1.479,0.866,2.073
2171.651,6.936,8.124,24.539,16.498
22.085,0.152,0.324,1.505,0.993
40.503,1.715,1.919,2.184,2.568
809.253,10.152,3.788,10.787,7.888
4084.363,15.073,0.696,7.251,3.571
4158.06,9.682,10.294,38.246,16.523
6177.972,3.266,17.174,33.591,48.769
5029.813,0.208,15.655,10.15,63.913
742.248,9.568,4.018,1.925,6.544
3202.989,29.913,0.703,10.619,29.242
2724.029,22.091,1.066,15.66,1.634
1500.635,1.869,5.953,7.697,7.112
7324.309,7.342,0.156,41.159,9.43
2212.366,19.898,2.032,5.163,4.195
4830.461,21.327,3.203,5.441,8.078
6480.234,42.083,1.668,35.891,15.12
575.957,2.733,3.683,16.425,20.633
1285.123,5.839,3.994,9.227,23.626
1578.427,3.964,7.742,5.686,10.623
3152.621,8.545,3.329,13.411,19.296
56.938,2.154,6.982,1.762,8.489
1528.491,7.708,1.052,16.594,9.783
2282.462,26.508,9.515,5.461,9.481
4667.974,19.195,3.253,2.958,15.255
1648.911,10.547,0.145,4.164,4.185
4684.057,15.585,2.239,36.698,4.853
796.259,4.168,0.56,7.256,4.217
5169.142,5.031,22.233,13.816,22.703
446.831,0.23,1.734,0.15,3.365
34.538,1.103,3.347,0.769,3.351
6413.311,14.759,3.649,17.538,14.5
2425.779,3.778,0.958,8.039,35.145
4560.025,14.752,6.259,13.493,15.46
25.99,0.759,0.045,2.04,0.448
1303.611,21.197,0.311,12.858,9.844
5132.808,10.42,11.991,10.226,53.295
23.002,0.834,3.263,0.661,3.855
1557.04,9.25,1.358,2.181,11.683
3655.062,22.315,0.534,7.476,1.062
31.216,0.325,0.775,4.535,1.972
1998.948,18.237,2.044,19.833,8.226
1161.823,14.856,1.841,14.515,2.961
32.847,1.022,2.915,2.525,3.539
35.555,0.267,3.808,1.466,3.898
1490.925,31.632,6.055,8.281,11.968
1733.802,24.528,1.735,3.102,9.481
1497.827,12.511,3.772,6.651,8.667
3167.212,10.132,6.604,0.945,14.981
46.356,0.087,0.626,5.892,0.899
3469.561,11.011,7.724,6.352,22.931
39.492,1.999,1.545,1.027,2.336
8350.595,28.938,2.612,24.633,12.549
2954.479,4.351,2.243,12.351,8.127
11.42,0.61,0.435,0.063,0.534
1803.987,15.093,0.857,1.675,11.682
2395.972,8.451,2.015,6.54,8.675
2130.137,29.373,0.596,6.153,12.136
3186.631,3.537,1.169,10.05,19.018
5047.352,19.715,6.354,32.314,11.792
2118.151,1.875,10.026,1.926,19.618
4496.897,8.335,7.114,13.604,20.152
3251.956,5.451,8.146,10.734,28.863
2882.343,31.536,6.834,18.266,16.902
3024.951,17.992,8.529,9.358,30.265
3686.366,6.003,3.384,1.215,32.466
819.157,9.921,6.64,17.706,28.221
1630.003,17.033,4.411,3.666,13.644
4724.835,5.25,2.225,44.786,14.895
46.487,3.238,3.168,0.919,3.077
362.04,2.999,12.599,0.91,24.339
6481.658,16.042,1.684,37.015,9.83
1142.225,7.342,22.85,15.665,36.589
1607.343,2.855,6.28,6.224,16.287
2662.354,5.77,5.673,7.001,11.074
3322.753,2.304,2.571,20.97,6.511
1777.949,3.509,11.879,4.781,19.152
8573.196,20.792,1.248,14.429,11.54
15.028,0.146,0.1,2.58,0.787
1755.218,2.629,5.09,1.127,10.583
7392.951,12.644,7.184,32.292,15.342
41.951,0.083,0.315,1.384,0.811
2709.794,14.133,2.699,9.957,3.327
3344.391,29.036,0.282,2.624,7.997
18.957,1.183,1.328,0.231,1.347
4411.397,35.119,22.94,0.398,43.206
7219.372,22.528,1.727,10.24,7.808
1287.347,16.45,7.143,3.347,16.664
1232.837,1.081,3.579,9.063,15.082
3801.005,8.4,7.884,8.968,27.379
38.646,2.993,0.448,1.779,1.453
526.631,15.107,18.082,3.677,17.912
4894.197,13.783,2.423,9.381,8.141
2932.121,7.415,9.738,13.407,11.237
2675.518,9.57,11.709,16.761,21.932
1949.771,7.304,2.242,16.155,2.517
1530.19,1.398,0.872,15.481,3.079
334.914,11.082,3.183,27.377,4.909
5079.801,21.253,0.725,31.012,6.379
2924.336,8.203,8.298,12.648,8.401
4807.361,1.256,10.225,12.615,28.993
4953.752,4.044,13.989,26.618,14.339
942.93,4.997,9.175,3.466,40.042
7915.653,8.022,0.527,35.636,4.211
40.962,5.908,0.663,0.281,1.322
33.736,0.583,0.398,0.553,0.795
1178.525,17.492,0.425,19.69,1.11
834.592,2.139,8.241,5.598,34.346
5896.003,37.505,7.469,19.66,9.888
1763.284,5.094,12.523,0.816,15.038
354.721,25.924,1.218,2.848,0.064
263.879,0.873,2.232,1.879,4.167
15.333,0.117,1.27,1.62,1.975
6504.051,27.921,0.252,1.955,1.39
8838.676,12.739,5.066,62.581,13.416
28.911,0.971,1.185,2.09,1.731
17.944,1.363,0.88,0.286,1.393
23.123,0.74,1.497,0.349,2.209
2177.209,43.975,10.9,3.49,11.336
23.6,0.379,0.386,1.839,0.55
2120.334,3.936,10.299,15.303,32.478
2517.633,14.911,5.116,0.448,47.432
40.295,5.628,2.064,0.289,2.146
1984.92,5.686,10.124,27.424,20.786
58.9,1.668,0.207,3.001,1.098
7372.894,19.038,7.31,11.683,14.92
3878.49,5.484,1.305,14.495,8.122
2330.428,7.037,8.607,18.647,22.393
3632.209,3.433,7.27,15.659,25.951
1041.413,10.739,4.758,1.046,10.725
56.56,2.358,2.068,1.932,2.562
3988.802,7.457,2.756,6.905,27.491
95.127,3.225,0.535,3.138,1.014
2387.249,3.476,9.927,11.786,48.949
3559.527,7.546,4.36,10.906,7.157
5356.859,5.825,0.236,7.809,0.869
33.038,0.232,0.615,6.032,1.45
2159.555,11.577,1.594,5.91,21.076
3042.215,0.435,0.167,31.869,3.556
337.291,1.779,0.079,8.258,0.946
1175.774,0.479,1.884,34.03,23.346
58.694,0.015,1.116,11.128,2.232
4778.39,4.588,5.294,24.53,20.192
2999.46,4.623,4.45,11.376,4.475
2515.766,3.168,8.351,0.961,17.522
78.003,1.065,0.425,1.107,1.445
1889.13,21.173,2.565,20.762,15.798
59.661,0.226,4.568,5.973,7.029
400.727,30.682,11.292,22.3,21.735
6783.724,27.443,1.63,9.096,19.687
1812.697,0.203,11.481,2.694,17.621
1927.096,3.872,16.503,9.385,35.531
667.714,34.99,1.917,3.171,2.815
245.541,20.865,3.461,3.975,4.846
970.466,5.716,1.754,19.301,3.413
6371.081,11.271,0.244,27.392,8.462
5018.363,18.308,3.464,4.996,8.336
933.073,61.243,7.976,8.515,7.272
2207.82,3.459,10.098,9.83,30.152
27.736,0.681,4.312,0.5,4.625
8467.644,18.992,3.393,17.852,15.561
57.965,3.883,2.902,1.328,4.326
63.35,2.412,3.835,2.143,4.297
21.858,0.049,1.914,1.096,2.393
47.979,3.399,0.988,1.466,1.73
2283.661,33.509,8.865,6.74,34.841
1351.082,7.674,7.285,8.088,7.383
605.776,0.581,10.147,0.298,21.54
35.215,0.004,1.871,3.643,2.852
2145.143,3.326,17.818,8.048,27.723
8701.09,28.716,1.111,7.284,33.201
3393.11,16.348,5.324,6.26,9.271
1366.084,6.514,1.461,12.517,8.985
1745.323,6.441,4.273,23.29,7.783
41.028,1.638,1.37,3.639,1.789
70.594,0.216,14.733,0.157,15.261
5189.57,17.629,2.183,8.369,13.175
6628.597,6.841,0.25,40.916,3.406
2981.962,14.829,9.669,7.105,15.245
1798.791,25.455,18.248,6.667,24.035
6867.524,27.999,6.176,8.997,13.599
35.505,3.168,1.343,1.061,1.888
845.344,6.32,11.816,15.527,15.283
59.318,4.257,1.899,2.265,3.74
32.841,1.748,3.203,0.681,3.295
62.563,4.127,7.949,0.833,8.911
2258.055,15.711,5.475,4.462,6.257
23.593,0.798,1.172,0.84,1.562
3366.771,16.106,1.191,16.123,16.781
2446.733,7.026,6.305,12.114,23.449
929.744,3.393,1.715,11.646,2.996
5430.469,57.916,10.149,3.419,11.395
6076.257,6.975,6.735,26.636,7.071
929.327,0.89,2.567,14.38,14.085
1277.421,26.822,0.782,2.57,4.569
36.434,1.61,4.314,0.874,4.935
3094.15,11.632,0.71,1.448,0.987
1296.479,5.399,9.225,18.493,10.027
1775.729,4.453,1.075,18.569,16.973
1183.443,0.391,3.324,4.386,31.118
3017.628,10.768,7.356,8.373,10.37
27.558,0.153,2.484,0.635,3.421
2138.727,0.122,17.28,16.088,35.928
4775.667,42.784,2.601,0.399,9.832
2808.92,9.23,7.485,11.757,10.073
2113.559,5.387,9.323,2.262,45.087
6918.386,0.287,3.498,46.947,6.435
48.859,2.74,1.627,0.404,2.317
82.848,2.714,4.174,3.055,5.421
1072.667,28.674,6.371,13.434,11.812
2826.274,2.116,5.623,4.018,44.79
32.552,1.559,0.773,0.827,0.942
1998.192,13.136,6.054,21.533,6.734
1133.042,16.861,1.72,16.567,8.967
9495.241,24.315,16.979,8.774,37.404
4048.481,5.393,7.418,45.395,11.285
1009.232,20.185,7.649,11.022,26.59
7433.981,38.104,0.602,22.253,23.341
1826.631,14.161,1.548,5.996,9.965
5516.62,6.572,4.08,36.511,4.497
3077.306,37.283,6.128,3.274,5.982
1543.202,4.472,4.27,8.509,32.125
965.983,1.356,2.275,1.703,10.524
25.702,1.04,3.294,0.257,3.349
6986.856,17.737,0.009,15.37,1.268
956.932,9.329,5.753,3.22,21.076
4066.633,9.484,25.394,1.002,37.03
7002.978,14.362,10.936,34.258,23.025
2374.01,2.126,0.072,16.376,40.856
4646.934,32.122,1.116,0.195,1.108
1391.33,12.579,1.055,10.31,21.747
34.643,3.023,1.601,1.25,2.759
2499.2,8.498,1.636,2.15,11.172
736.628,2.038,0.697,2.628,12.331
2097.705,1.077,2.841,24.295,4.501
352.739,9.117,11.98,20.065,15.493
2885.172,12.442,9.366,3.726,17.096
5885.853,4.375,5.487,25.299,15.587
59.87,0.369,11.229,0.588,12.385
25.373,0.375,3.56,1.463,3.712
2059.162,59.228,2.476,0.53,3.115
1508.525,3.437,0.989,1.61,22.294
4897.491,19.057,1.66,22.62,35.722
7380.839,6.698,10.648,25.053,18.181
32.751,1.85,3.608,0.764,4.506
60.185,0.646,0.18,2.478,0.812
53.695,1.354,0.15,3.929,1.893
2086.402,1.757,0.538,15.438,25.778
35.767,3.781,0.95,0.966,1.866
5193.051,30.817,0.085,9.177,1.705
2174.83,5.103,6.976,10.235,7.62
34.428,1.205,2.253,2.239,3.051
3441.116,11.907,6.34,9.52,19.814
6010.739,35.154,6.171,9.491,26.269
3102.599,22.119,11.035,1.855,11.262
1857.829,0.69,4.538,11.536,5.466
4574.399,9.943,0.896,20.077,1.18
5661.702,32.642,1.685,3.938,20.505
3977.839,19.571,1.108,8.496,17.645
3502.587,3.109,1.555,21.903,6.509
2165.169,4.194,19.71,31.918,20.1
4443.79,20.017,2.894,8.877,17.868
9966.002,26.325,0.584,14.691,34.825
2600.877,25.569,2.004,13.893,19.547
44.179,1.057,0.353,4.291,0.799
4371.803,17.363,5.332,10.868,6.241
6529.775,15.054,1.895,14.504,3.911
6419.193,41.052,14.638,9.119,23.864
1700.058,4.122,0.42,63.806,3.838
7334.204,29.944,0.271,5.808,13.735
5074.594,18.709,0.454,17.983,0.827
4976.291,10.417,7.656,9.07,13.241
92.321,4.342,1.578,3.574,2.876
3910.545,7.639,1.828,25.522,10.78
440.422,2.982,2.774,11.732,9.14
3843.733,11.354,0.744,14.077,7.067
570.436,6.645,0.92,0.818,2.059
658.01,40.599,1.155,0.489,1.918
28.375,3.587,1.15,0.306,1.934
3740.418,9.141,3.165,10.149,10.834
4432.963,0.948,6.723,27.321,10.627
4650.752,11.136,1.745,17.688,2.986
2147.291,2.279,16.273,4.853,33.034
4986.672,21.052,5.003,16.644,26.9
5284.865,12.29,4.239,10.545,17.225
1683.265,5.096,3.05,13.997,3.965
2772.793,2.249,0.54,17.33,4.191
1343.126,0.885,8.851,4.505,10.375
39.516,0.985,4.519,1.108,5.741
1375.018,1.727,10.709,5.958,35.398
6195.16,11.578,26.88,10.544,29.978
5477.762,1.632,3.635,51.099,59.554
8278.954,17.969,0.213,30.875,6.893
3868.568,0.96,8.695,23.908,21.031
25.695,0.905,1.057,1.641,1.507
39.144,0.568,0.936,4.051,1.835
2611.312,1.913,3.745,25.369,13.933
1987.878,21.696,18.757,16.965,24.599
4041.774,13.688,7.554,20.672,12.208
6543.073,3.741,13.552,23.559,46.3
1172.652,28.782,0.495,7.517,2.305
33.217,3.88,3.233,0.129,3.098
333.066,1.682,1.015,0.187,2.253
3511.122,6.881,0.26,12.612,14.67
914.592,7.802,2.34,52.82,32.262
3775.761,11.455,5.924,0.869,22.941
1935.949,34.437,6.679,4.346,13.51
4565.171,2.829,3.498,44.738,7.378
4653.851,7.756,8.187,28.089,8.564
1641.413,4.336,3.13,4.968,6.059
4867.451,23.225,10.808,1.547,12.53
7075.076,13.553,11.597,15.489,12.823
7226.587,8.462,17.39,28.387,18.671
3765.1,16.332,2.743,16.644,8.337
8151.824,7.805,0.198,8.198,0.229
1367.203,1.016,2.412,17.694,16.892
11.43,0.097,0.557,1.564,1.019
19.465,0.898,0.813,0.252,1.435
3310.597,7.301,0.513,5.186,21.425
321.97,6.881,5.93,3.261,6.064
339.357,13.143,1.3,5.854,2.335
45.277,1.033,2.151,1.308,2.961
2358.012,17.242,3.378,0.421,4.648
1221.296,3.668,1.788,9.758,3.323
1856.908,23.349,4.151,14.371,6.051
2645.172,2.509,4.041,7.036,20.461
2287.025,0.803,6.16,13.618,9.504
4189.487,25.818,3.712,5.314,4.414
23.281,0.501,0.303,3.049,0.925
1058.887,3.326,14.185,15.74,14.535
28.68,1.004,0.552,3.075,0.964
652.408,0.761,4.901,9.165,12.97
1638.692,2.426,6.733,1.8,30.134
3743.604,30.837,2.864,33.976,8.605
7327.94,24.538,1.987,18.492,2.092
900.356,2.287,8.305,9.321,15.24
60.351,4.163,4.392,0.57,5.526
2812.337,24.195,4.914,0.781,12.366
812.457,3.334,1.813,0.133,15.23
3533.854,8.199,2.083,6.08,21.048
663.523,50.855,0.528,0.123,16.354
5896.938,21.558,5.164,8.174,5.694
1480.48,3.715,2.254,2.751,16.894
2516.132,17.858,11.123,59.717,32.138
967.793,8.249,8.77,4.007,9.937
495.87,2.385,2.008,12.266,11.192
2679.379,35.198,0.72,3.789,5.349
3366.591,7.617,5.984,3.065,25.461
3353.022,18.284,3.735,13.035,3.967
1634.061,12.479,3.716,7.665,19.065
3408.777,0.577,2.675,1.618,62.948
891.066,1.417,6.887,24.419,7.693
15.105,0.902,1.997,0.218,1.948
2547.924,43.607,1.562,36.847,9.63
1915.482,17.871,0.566,9.357,3.265
1154.642,12.58,5.547,23.433,12.869
10.461,1.234,0.284,0.076,0.54
1752.509,47.873,6.084,7.466,23.059
5951.268,27.888,17.68,43.626,56.074
2581.207,6.178,1.056,15.32,13.031
15.035,0.013,0.156,2.698,0.675
4035.392,24.497,2.058,4.687,7.296
3008.224,17.86,2.377,9.387,15.361
2133.163,2.76,6.113,14.016,14.952
16.519,0.244,0.65,2.003,1.244
4663.528,27.962,5.121,7.937,8.248
2457.075,6.384,19.135,1.697,27.493
1866.036,18.512,7.996,3.418,10.636
342.236,4.774,2.581,1.278,2.737
1541.262,33.604,6.294,0.112,8.007
5851.286,0.101,11.158,37.099,17.81
1935.572,11.218,1.508,7.344,11.123
866.113,33.002,0.806,14.88,9.517
3465.851,2.977,5.929,8.054,20.757
1472.846,3.481,8.856,1.662,11.663
2805.492,22.695,19.425,1.958,37.794
6474.288,18.524,8.628,8.615,17.656
5838.65,12.031,3.87,30.09,14.886
7126.266,20.69,2.954,19.054,7.935
5674.537,20.505,2.722,4.367,19.569
6160.426,14.404,8.573,6.362,52.428
7784.103,9.448,0.052,30.793,9.525
43.342,0.949,0.085,1.335,0.374
18.783,0.575,0.657,1.73,1.441
10.294,0.619,0.188,0.101,0.506
30.188,3.601,0.916,0.343,1.597
3119.549,6.382,4.584,1.014,33.582
3024.961,7.583,14.929,1.678,26.557
7450.944,20.577,2.566,8.534,27.556
94.332,4.779,4.179,1.179,4.144
34.872,0.331,5.469,1.69,5.835
2607.844,21.825,3.692,27.385,4.21
66.77,2.62,4.243,1.071,5.583
1021.401,35.677,4.843,4.215,9.917
36.083,0.764,1.906,3.022,2.665
55.097,5.139,0.285,0.907,0.505
5591.658,11.693,13.82,13.604,51.618
1437.828,4.059,9.627,6.624,12.033
15.85,1.663,0.397,0.296,0.468
4149.617,4.659,1.494,24.002,11.562
1171.036,1.364,4.942,22.17,22.809
937.842,6.515,2.175,11.569,3.473
75.552,0.046,1.82,9.513,4.948
2510.642,0.592,12.636,29.504,21.273
4033.89,5.893,8.712,15.438,35.076
721.627,4.782,2.81,3.056,4.153
3052.946,4.787,1.286,24.553,1.952
3688.961,15.982,1.733,3.199,7.594
34.054,2.397,3.296,1.073,3.291
41.285,1.831,2.602,0.165,3.388
2214.321,72.077,6.579,6.573,39.829
21.247,1.996,2.162,0.12,2.103
458.154,2.009,4.009,0.719,5.642
2618.517,69.114,0.617,5.751,1.66
20.776,0.95,2.636,0.485,3.126
2011.879,5.99,11.264,6.528,11.616
3003.86,9.556,9.931,7.137,12.338
2145.167,0.875,6.224,16.359,6.89
30.135,1.358,2.314,0.077,3.153
1126.272,15.698,0.358,20.911,24.113
1420.739,9.312,3.259,0.957,13.001
5550.409,1.326,1.63,49.086,32.848
4151.248,22.851,3.415,1.152,9.365
1618.532,15.01,4.577,6.716,35.735
1655.803,10.125,5.939,29.024,7.661
8681.49,25.315,1.035,26.242,7.716
9521.677,40.728,5.347,10.95,8.715
8894.403,15.889,14.507,20.989,22.271
2679.611,6.669,2.133,4.371,26.72
883.649,7.569,1.89,19.43,8.517
38.003,1.46,2.283,0.202,2.542
5704.256,30.111,0.816,1.048,34.448
776.089,1.625,11.536,6.775,15.061
20.617,1.217,0.12,0.764,0.36
7913.272,21.498,1.229,12.057,9.122
2375.479,2.437,13.983,15.618,25.291
43.66,0.754,0.155,4.212,0.618
65.769,4.079,4.526,3.422,6.003
7481.969,35.05,3.666,13.74,5.272
5942.186,20.256,0.817,3.854,22.104
2345.965,6.434,0.453,13.551,32.563
1312.334,0.167,0.535,14.111,0.997
3594.308,23.211,5.275,5.814,13.783
6013.417,1.918,9.375,26.434,21.159
232.582,4.234,7.764,5.571,10.64
8462.761,51.182,2.699,11.557,3.527
22.061,0.371,0.318,1.708,0.445
1965.249,23.218,4.57,5.461,14.802
5727.03,7.941,2.427,24.199,3.999
2026.044,21.638,2.356,18.704,3.475
3578.134,4.686,23.35,15.308,29.245
